/* shim/font.inc — GENERATED by harness/fontcap_parse.py (Task 19).
 *
 * Pixel-exact capture of the reference run's text font: the 12px
 * monospace TTF that wine 9.0's GetStockObject(10) resolves to and
 * wproc_status_create SelectObject's into the status DC (evidence
 * chain: harness/fontcap/fontcap.c header). Re-capture and
 * regenerate; do not edit by hand.
 *
 * Per char: a STRIP_W x STRIP_H RGB strip, columns
 * [FONT_STRIP_L .. FONT_STRIP_L+STRIP_W-1] relative to the pen
 * origin, row 0 = text top (baseline at tmAscent). The game
 * draws left-to-right with the subpixel blend dst*cap/255, so a
 * later glyph's left fringe (col FONT_STRIP_L) lands in the
 * previous glyph's last column, exactly like the reference.
 *
 * Included by shim/text.c only.
 */
#ifndef SHIM_FONT_INC
#define SHIM_FONT_INC

#define FONT_FIRST   32
#define FONT_LAST    126
#define FONT_NCHARS  95
#define FONT_STRIP_L -1
#define FONT_STRIP_W 9
#define FONT_STRIP_H 12

typedef struct ShimFont {
    TEXTMETRICS tm;                        /* captured, see font.json */
    int strip_l, strip_w, strip_h;        /* pen-relative strip geometry */
    int adv[FONT_NCHARS];                 /* per-char advance, px */
    const unsigned char *const *px;       /* [FONT_NCHARS] strips: STRIP_W*STRIP_H*3 RGB, top-down */
} ShimFont;

static const unsigned char g_font_px20[FONT_STRIP_W * FONT_STRIP_H * 3] = {
    0xff, 0xff, 0xff, 0xff, 0xff, 0xff, 0xff, 0xff, 0xff, 0xff, 0xff, 0xff, 0xff, 0xff, 0xff, 0xff, 0xff, 0xff, 0xff, 0xff, 0xff, 0xff, 0xff, 0xff, 0xff, 0xff, 0xff, /* row  0 0x20 */
    0xff, 0xff, 0xff, 0xff, 0xff, 0xff, 0xff, 0xff, 0xff, 0xff, 0xff, 0xff, 0xff, 0xff, 0xff, 0xff, 0xff, 0xff, 0xff, 0xff, 0xff, 0xff, 0xff, 0xff, 0xff, 0xff, 0xff, /* row  1 0x20 */
    0xff, 0xff, 0xff, 0xff, 0xff, 0xff, 0xff, 0xff, 0xff, 0xff, 0xff, 0xff, 0xff, 0xff, 0xff, 0xff, 0xff, 0xff, 0xff, 0xff, 0xff, 0xff, 0xff, 0xff, 0xff, 0xff, 0xff, /* row  2 0x20 */
    0xff, 0xff, 0xff, 0xff, 0xff, 0xff, 0xff, 0xff, 0xff, 0xff, 0xff, 0xff, 0xff, 0xff, 0xff, 0xff, 0xff, 0xff, 0xff, 0xff, 0xff, 0xff, 0xff, 0xff, 0xff, 0xff, 0xff, /* row  3 0x20 */
    0xff, 0xff, 0xff, 0xff, 0xff, 0xff, 0xff, 0xff, 0xff, 0xff, 0xff, 0xff, 0xff, 0xff, 0xff, 0xff, 0xff, 0xff, 0xff, 0xff, 0xff, 0xff, 0xff, 0xff, 0xff, 0xff, 0xff, /* row  4 0x20 */
    0xff, 0xff, 0xff, 0xff, 0xff, 0xff, 0xff, 0xff, 0xff, 0xff, 0xff, 0xff, 0xff, 0xff, 0xff, 0xff, 0xff, 0xff, 0xff, 0xff, 0xff, 0xff, 0xff, 0xff, 0xff, 0xff, 0xff, /* row  5 0x20 */
    0xff, 0xff, 0xff, 0xff, 0xff, 0xff, 0xff, 0xff, 0xff, 0xff, 0xff, 0xff, 0xff, 0xff, 0xff, 0xff, 0xff, 0xff, 0xff, 0xff, 0xff, 0xff, 0xff, 0xff, 0xff, 0xff, 0xff, /* row  6 0x20 */
    0xff, 0xff, 0xff, 0xff, 0xff, 0xff, 0xff, 0xff, 0xff, 0xff, 0xff, 0xff, 0xff, 0xff, 0xff, 0xff, 0xff, 0xff, 0xff, 0xff, 0xff, 0xff, 0xff, 0xff, 0xff, 0xff, 0xff, /* row  7 0x20 */
    0xff, 0xff, 0xff, 0xff, 0xff, 0xff, 0xff, 0xff, 0xff, 0xff, 0xff, 0xff, 0xff, 0xff, 0xff, 0xff, 0xff, 0xff, 0xff, 0xff, 0xff, 0xff, 0xff, 0xff, 0xff, 0xff, 0xff, /* row  8 0x20 */
    0xff, 0xff, 0xff, 0xff, 0xff, 0xff, 0xff, 0xff, 0xff, 0xff, 0xff, 0xff, 0xff, 0xff, 0xff, 0xff, 0xff, 0xff, 0xff, 0xff, 0xff, 0xff, 0xff, 0xff, 0xff, 0xff, 0xff, /* row  9 0x20 */
    0xff, 0xff, 0xff, 0xff, 0xff, 0xff, 0xff, 0xff, 0xff, 0xff, 0xff, 0xff, 0xff, 0xff, 0xff, 0xff, 0xff, 0xff, 0xff, 0xff, 0xff, 0xff, 0xff, 0xff, 0xff, 0xff, 0xff, /* row 10 0x20 */
    0xff, 0xff, 0xff, 0xff, 0xff, 0xff, 0xff, 0xff, 0xff, 0xff, 0xff, 0xff, 0xff, 0xff, 0xff, 0xff, 0xff, 0xff, 0xff, 0xff, 0xff, 0xff, 0xff, 0xff, 0xff, 0xff, 0xff, /* row 11 0x20 */
};

static const unsigned char g_font_px21[FONT_STRIP_W * FONT_STRIP_H * 3] = {
    0xff, 0xff, 0xff, 0xff, 0xff, 0xff, 0xff, 0xff, 0xff, 0xff, 0xff, 0xff, 0xff, 0xff, 0xff, 0xff, 0xff, 0xff, 0xff, 0xff, 0xff, 0xff, 0xff, 0xff, 0xff, 0xff, 0xff, /* row  0 0x21 */
    0xff, 0xff, 0xff, 0xff, 0xff, 0xff, 0xff, 0xff, 0xff, 0xff, 0xff, 0xff, 0xff, 0xff, 0xff, 0xff, 0xff, 0xff, 0xff, 0xff, 0xff, 0xff, 0xff, 0xff, 0xff, 0xff, 0xff, /* row  1 0x21 */
    0xff, 0xff, 0xff, 0xff, 0xff, 0xff, 0xff, 0xff, 0xff, 0xfb, 0xc8, 0x75, 0x2a, 0x36, 0x85, 0xd6, 0xfc, 0xff, 0xff, 0xff, 0xff, 0xff, 0xff, 0xff, 0xff, 0xff, 0xff, /* row  2 0x21 */
    0xff, 0xff, 0xff, 0xff, 0xff, 0xff, 0xff, 0xff, 0xff, 0xfb, 0xce, 0x7c, 0x30, 0x3d, 0x8b, 0xdb, 0xfd, 0xff, 0xff, 0xff, 0xff, 0xff, 0xff, 0xff, 0xff, 0xff, 0xff, /* row  3 0x21 */
    0xff, 0xff, 0xff, 0xff, 0xff, 0xff, 0xff, 0xff, 0xff, 0xfc, 0xd3, 0x83, 0x37, 0x43, 0x92, 0xe1, 0xfd, 0xff, 0xff, 0xff, 0xff, 0xff, 0xff, 0xff, 0xff, 0xff, 0xff, /* row  4 0x21 */
    0xff, 0xff, 0xff, 0xff, 0xff, 0xff, 0xff, 0xff, 0xff, 0xfc, 0xd9, 0x89, 0x3d, 0x49, 0x98, 0xe7, 0xfe, 0xff, 0xff, 0xff, 0xff, 0xff, 0xff, 0xff, 0xff, 0xff, 0xff, /* row  5 0x21 */
    0xff, 0xff, 0xff, 0xff, 0xff, 0xff, 0xff, 0xff, 0xff, 0xfd, 0xdf, 0x8f, 0x43, 0x4f, 0x9e, 0xec, 0xfe, 0xff, 0xff, 0xff, 0xff, 0xff, 0xff, 0xff, 0xff, 0xff, 0xff, /* row  6 0x21 */
    0xff, 0xff, 0xff, 0xff, 0xff, 0xff, 0xff, 0xff, 0xff, 0xff, 0xff, 0xff, 0xff, 0xff, 0xff, 0xff, 0xff, 0xff, 0xff, 0xff, 0xff, 0xff, 0xff, 0xff, 0xff, 0xff, 0xff, /* row  7 0x21 */
    0xff, 0xff, 0xff, 0xff, 0xff, 0xff, 0xff, 0xff, 0xff, 0xfa, 0xc1, 0x6e, 0x23, 0x36, 0x85, 0xd6, 0xfc, 0xff, 0xff, 0xff, 0xff, 0xff, 0xff, 0xff, 0xff, 0xff, 0xff, /* row  8 0x21 */
    0xff, 0xff, 0xff, 0xff, 0xff, 0xff, 0xff, 0xff, 0xff, 0xff, 0xff, 0xff, 0xff, 0xff, 0xff, 0xff, 0xff, 0xff, 0xff, 0xff, 0xff, 0xff, 0xff, 0xff, 0xff, 0xff, 0xff, /* row  9 0x21 */
    0xff, 0xff, 0xff, 0xff, 0xff, 0xff, 0xff, 0xff, 0xff, 0xff, 0xff, 0xff, 0xff, 0xff, 0xff, 0xff, 0xff, 0xff, 0xff, 0xff, 0xff, 0xff, 0xff, 0xff, 0xff, 0xff, 0xff, /* row 10 0x21 */
    0xff, 0xff, 0xff, 0xff, 0xff, 0xff, 0xff, 0xff, 0xff, 0xff, 0xff, 0xff, 0xff, 0xff, 0xff, 0xff, 0xff, 0xff, 0xff, 0xff, 0xff, 0xff, 0xff, 0xff, 0xff, 0xff, 0xff, /* row 11 0x21 */
};

static const unsigned char g_font_px22[FONT_STRIP_W * FONT_STRIP_H * 3] = {
    0xff, 0xff, 0xff, 0xff, 0xff, 0xff, 0xff, 0xff, 0xff, 0xff, 0xff, 0xff, 0xff, 0xff, 0xff, 0xff, 0xff, 0xff, 0xff, 0xff, 0xff, 0xff, 0xff, 0xff, 0xff, 0xff, 0xff, /* row  0 0x22 */
    0xff, 0xff, 0xff, 0xff, 0xff, 0xfc, 0xd6, 0x85, 0x34, 0x11, 0x59, 0xae, 0xf6, 0xea, 0x9c, 0x48, 0x0d, 0x45, 0x98, 0xe7, 0xfe, 0xff, 0xff, 0xff, 0xff, 0xff, 0xff, /* row  1 0x22 */
    0xff, 0xff, 0xff, 0xff, 0xff, 0xfe, 0xe6, 0x98, 0x46, 0x23, 0x6c, 0xbf, 0xfa, 0xf7, 0xae, 0x59, 0x16, 0x56, 0xab, 0xf6, 0xff, 0xff, 0xff, 0xff, 0xff, 0xff, 0xff, /* row  2 0x22 */
    0xff, 0xff, 0xff, 0xff, 0xff, 0xff, 0xf6, 0xaa, 0x59, 0x37, 0x7f, 0xd0, 0xfb, 0xfa, 0xbf, 0x6d, 0x35, 0x6a, 0xbc, 0xf9, 0xff, 0xff, 0xff, 0xff, 0xff, 0xff, 0xff, /* row  3 0x22 */
    0xff, 0xff, 0xff, 0xff, 0xff, 0xff, 0xff, 0xff, 0xff, 0xff, 0xff, 0xff, 0xff, 0xff, 0xff, 0xff, 0xff, 0xff, 0xff, 0xff, 0xff, 0xff, 0xff, 0xff, 0xff, 0xff, 0xff, /* row  4 0x22 */
    0xff, 0xff, 0xff, 0xff, 0xff, 0xff, 0xff, 0xff, 0xff, 0xff, 0xff, 0xff, 0xff, 0xff, 0xff, 0xff, 0xff, 0xff, 0xff, 0xff, 0xff, 0xff, 0xff, 0xff, 0xff, 0xff, 0xff, /* row  5 0x22 */
    0xff, 0xff, 0xff, 0xff, 0xff, 0xff, 0xff, 0xff, 0xff, 0xff, 0xff, 0xff, 0xff, 0xff, 0xff, 0xff, 0xff, 0xff, 0xff, 0xff, 0xff, 0xff, 0xff, 0xff, 0xff, 0xff, 0xff, /* row  6 0x22 */
    0xff, 0xff, 0xff, 0xff, 0xff, 0xff, 0xff, 0xff, 0xff, 0xff, 0xff, 0xff, 0xff, 0xff, 0xff, 0xff, 0xff, 0xff, 0xff, 0xff, 0xff, 0xff, 0xff, 0xff, 0xff, 0xff, 0xff, /* row  7 0x22 */
    0xff, 0xff, 0xff, 0xff, 0xff, 0xff, 0xff, 0xff, 0xff, 0xff, 0xff, 0xff, 0xff, 0xff, 0xff, 0xff, 0xff, 0xff, 0xff, 0xff, 0xff, 0xff, 0xff, 0xff, 0xff, 0xff, 0xff, /* row  8 0x22 */
    0xff, 0xff, 0xff, 0xff, 0xff, 0xff, 0xff, 0xff, 0xff, 0xff, 0xff, 0xff, 0xff, 0xff, 0xff, 0xff, 0xff, 0xff, 0xff, 0xff, 0xff, 0xff, 0xff, 0xff, 0xff, 0xff, 0xff, /* row  9 0x22 */
    0xff, 0xff, 0xff, 0xff, 0xff, 0xff, 0xff, 0xff, 0xff, 0xff, 0xff, 0xff, 0xff, 0xff, 0xff, 0xff, 0xff, 0xff, 0xff, 0xff, 0xff, 0xff, 0xff, 0xff, 0xff, 0xff, 0xff, /* row 10 0x22 */
    0xff, 0xff, 0xff, 0xff, 0xff, 0xff, 0xff, 0xff, 0xff, 0xff, 0xff, 0xff, 0xff, 0xff, 0xff, 0xff, 0xff, 0xff, 0xff, 0xff, 0xff, 0xff, 0xff, 0xff, 0xff, 0xff, 0xff, /* row 11 0x22 */
};

static const unsigned char g_font_px23[FONT_STRIP_W * FONT_STRIP_H * 3] = {
    0xff, 0xff, 0xff, 0xff, 0xff, 0xff, 0xff, 0xff, 0xff, 0xff, 0xff, 0xff, 0xff, 0xff, 0xff, 0xff, 0xff, 0xff, 0xff, 0xff, 0xff, 0xff, 0xff, 0xff, 0xff, 0xff, 0xff, /* row  0 0x23 */
    0xff, 0xff, 0xff, 0xff, 0xff, 0xff, 0xff, 0xff, 0xff, 0xff, 0xff, 0xff, 0xff, 0xff, 0xff, 0xff, 0xff, 0xff, 0xff, 0xff, 0xff, 0xff, 0xff, 0xff, 0xff, 0xff, 0xff, /* row  1 0x23 */
    0xff, 0xff, 0xff, 0xff, 0xff, 0xff, 0xff, 0xff, 0xf2, 0xac, 0x70, 0x76, 0xbc, 0xf8, 0xff, 0xfd, 0xdc, 0x90, 0x6e, 0x8c, 0xd8, 0xfc, 0xff, 0xff, 0xff, 0xff, 0xff, /* row  2 0x23 */
    0xff, 0xff, 0xff, 0xff, 0xff, 0xff, 0xff, 0xfa, 0xc2, 0x7a, 0x6e, 0xa5, 0xee, 0xfe, 0xfe, 0xed, 0xa5, 0x6e, 0x7a, 0xc3, 0xfa, 0xff, 0xff, 0xff, 0xff, 0xff, 0xff, /* row  3 0x23 */
    0xff, 0xff, 0xfe, 0xed, 0xbf, 0x8f, 0x6d, 0x56, 0x36, 0x2d, 0x41, 0x61, 0x6b, 0x6b, 0x68, 0x4b, 0x2f, 0x2f, 0x4d, 0x6a, 0x7b, 0xa9, 0xd9, 0xfc, 0xff, 0xff, 0xff, /* row  4 0x23 */
    0xff, 0xff, 0xff, 0xff, 0xff, 0xfe, 0xeb, 0xa3, 0x6d, 0x7b, 0xc4, 0xfa, 0xff, 0xfc, 0xd3, 0x87, 0x6e, 0x95, 0xe0, 0xfd, 0xff, 0xff, 0xff, 0xff, 0xff, 0xff, 0xff, /* row  5 0x23 */
    0xff, 0xff, 0xf6, 0xc9, 0x98, 0x6c, 0x49, 0x30, 0x31, 0x50, 0x69, 0x6b, 0x6a, 0x5b, 0x3b, 0x2d, 0x3b, 0x5b, 0x6a, 0x70, 0x99, 0xca, 0xf7, 0xff, 0xff, 0xff, 0xff, /* row  6 0x23 */
    0xff, 0xff, 0xff, 0xff, 0xfc, 0xd9, 0x8e, 0x70, 0x91, 0xdc, 0xfd, 0xff, 0xf9, 0xbb, 0x73, 0x6c, 0xab, 0xf2, 0xff, 0xff, 0xff, 0xff, 0xff, 0xff, 0xff, 0xff, 0xff, /* row  7 0x23 */
    0xff, 0xff, 0xff, 0xff, 0xf5, 0xb0, 0x70, 0x74, 0xba, 0xf9, 0xff, 0xfd, 0xdc, 0x90, 0x6d, 0x8b, 0xd6, 0xfc, 0xff, 0xff, 0xff, 0xff, 0xff, 0xff, 0xff, 0xff, 0xff, /* row  8 0x23 */
    0xff, 0xff, 0xff, 0xff, 0xff, 0xff, 0xff, 0xff, 0xff, 0xff, 0xff, 0xff, 0xff, 0xff, 0xff, 0xff, 0xff, 0xff, 0xff, 0xff, 0xff, 0xff, 0xff, 0xff, 0xff, 0xff, 0xff, /* row  9 0x23 */
    0xff, 0xff, 0xff, 0xff, 0xff, 0xff, 0xff, 0xff, 0xff, 0xff, 0xff, 0xff, 0xff, 0xff, 0xff, 0xff, 0xff, 0xff, 0xff, 0xff, 0xff, 0xff, 0xff, 0xff, 0xff, 0xff, 0xff, /* row 10 0x23 */
    0xff, 0xff, 0xff, 0xff, 0xff, 0xff, 0xff, 0xff, 0xff, 0xff, 0xff, 0xff, 0xff, 0xff, 0xff, 0xff, 0xff, 0xff, 0xff, 0xff, 0xff, 0xff, 0xff, 0xff, 0xff, 0xff, 0xff, /* row 11 0x23 */
};

static const unsigned char g_font_px24[FONT_STRIP_W * FONT_STRIP_H * 3] = {
    0xff, 0xff, 0xff, 0xff, 0xff, 0xff, 0xff, 0xff, 0xff, 0xff, 0xff, 0xff, 0xff, 0xff, 0xff, 0xff, 0xff, 0xff, 0xff, 0xff, 0xff, 0xff, 0xff, 0xff, 0xff, 0xff, 0xff, /* row  0 0x24 */
    0xff, 0xff, 0xff, 0xff, 0xff, 0xff, 0xff, 0xff, 0xff, 0xff, 0xf8, 0xab, 0x5d, 0x58, 0xa5, 0xf3, 0xff, 0xff, 0xff, 0xff, 0xff, 0xff, 0xff, 0xff, 0xff, 0xff, 0xff, /* row  1 0x24 */
    0xff, 0xff, 0xff, 0xff, 0xfa, 0xda, 0xa5, 0x68, 0x44, 0x3a, 0x3c, 0x2e, 0x1a, 0x17, 0x27, 0x33, 0x35, 0x48, 0x7b, 0xb9, 0xe9, 0xfe, 0xff, 0xff, 0xff, 0xff, 0xff, /* row  2 0x24 */
    0xff, 0xff, 0xff, 0xfa, 0xbe, 0x6b, 0x25, 0x4c, 0x9e, 0xea, 0xf6, 0xab, 0x5d, 0x58, 0xa5, 0xed, 0xd5, 0x89, 0x44, 0x3d, 0x86, 0xd1, 0xfb, 0xff, 0xff, 0xff, 0xff, /* row  3 0x24 */
    0xff, 0xff, 0xff, 0xfc, 0xd7, 0x89, 0x3b, 0x2e, 0x62, 0xa6, 0xcd, 0x99, 0x58, 0x58, 0xa5, 0xf3, 0xff, 0xff, 0xff, 0xff, 0xff, 0xff, 0xff, 0xff, 0xff, 0xff, 0xff, /* row  4 0x24 */
    0xff, 0xff, 0xff, 0xff, 0xff, 0xfa, 0xe3, 0xbd, 0x90, 0x6c, 0x4f, 0x2e, 0x15, 0x0f, 0x1f, 0x37, 0x4f, 0x6d, 0x94, 0xc3, 0xe8, 0xfc, 0xff, 0xff, 0xff, 0xff, 0xff, /* row  5 0x24 */
    0xff, 0xff, 0xff, 0xff, 0xff, 0xff, 0xff, 0xff, 0xff, 0xff, 0xf8, 0xab, 0x5d, 0x58, 0xa1, 0xe0, 0xce, 0x94, 0x4f, 0x26, 0x51, 0xa2, 0xe9, 0xfe, 0xff, 0xff, 0xff, /* row  6 0x24 */
    0xff, 0xff, 0xfc, 0xd7, 0x8d, 0x43, 0x3f, 0x7f, 0xcc, 0xf5, 0xf7, 0xab, 0x5d, 0x58, 0xa5, 0xf2, 0xf5, 0xc7, 0x76, 0x2f, 0x3f, 0x8f, 0xde, 0xfd, 0xff, 0xff, 0xff, /* row  7 0x24 */
    0xff, 0xff, 0xff, 0xfe, 0xef, 0xc8, 0x90, 0x5c, 0x3f, 0x36, 0x38, 0x2a, 0x18, 0x17, 0x2a, 0x3a, 0x39, 0x40, 0x5b, 0x90, 0xc8, 0xef, 0xfe, 0xff, 0xff, 0xff, 0xff, /* row  8 0x24 */
    0xff, 0xff, 0xff, 0xff, 0xff, 0xff, 0xff, 0xff, 0xff, 0xff, 0xf8, 0xab, 0x5d, 0x58, 0xa5, 0xf3, 0xff, 0xff, 0xff, 0xff, 0xff, 0xff, 0xff, 0xff, 0xff, 0xff, 0xff, /* row  9 0x24 */
    0xff, 0xff, 0xff, 0xff, 0xff, 0xff, 0xff, 0xff, 0xff, 0xff, 0xff, 0xff, 0xff, 0xff, 0xff, 0xff, 0xff, 0xff, 0xff, 0xff, 0xff, 0xff, 0xff, 0xff, 0xff, 0xff, 0xff, /* row 10 0x24 */
    0xff, 0xff, 0xff, 0xff, 0xff, 0xff, 0xff, 0xff, 0xff, 0xff, 0xff, 0xff, 0xff, 0xff, 0xff, 0xff, 0xff, 0xff, 0xff, 0xff, 0xff, 0xff, 0xff, 0xff, 0xff, 0xff, 0xff, /* row 11 0x24 */
};

static const unsigned char g_font_px25[FONT_STRIP_W * FONT_STRIP_H * 3] = {
    0xff, 0xff, 0xff, 0xff, 0xff, 0xff, 0xff, 0xff, 0xff, 0xff, 0xff, 0xff, 0xff, 0xff, 0xff, 0xff, 0xff, 0xff, 0xff, 0xff, 0xff, 0xff, 0xff, 0xff, 0xff, 0xff, 0xff, /* row  0 0x25 */
    0xff, 0xff, 0xff, 0xff, 0xff, 0xff, 0xff, 0xff, 0xff, 0xff, 0xff, 0xff, 0xff, 0xff, 0xff, 0xff, 0xff, 0xff, 0xff, 0xff, 0xff, 0xff, 0xff, 0xff, 0xff, 0xff, 0xff, /* row  1 0x25 */
    0xff, 0xfd, 0xe4, 0xa9, 0x66, 0x48, 0x50, 0x60, 0x56, 0x49, 0x5b, 0x99, 0xd8, 0xfc, 0xff, 0xfe, 0xed, 0xb7, 0x70, 0x56, 0x81, 0xc9, 0xf5, 0xff, 0xff, 0xff, 0xff, /* row  2 0x25 */
    0xff, 0xf8, 0xaf, 0x5e, 0x3d, 0x82, 0xd3, 0xfa, 0xe8, 0x9a, 0x4c, 0x4f, 0x9c, 0xe9, 0xe6, 0xad, 0x68, 0x58, 0x8c, 0xd2, 0xf8, 0xff, 0xff, 0xff, 0xff, 0xff, 0xff, /* row  3 0x25 */
    0xff, 0xfd, 0xe5, 0xab, 0x67, 0x46, 0x4a, 0x58, 0x4f, 0x46, 0x5b, 0x98, 0xbb, 0x9e, 0x61, 0x5c, 0x97, 0xda, 0xfb, 0xff, 0xff, 0xff, 0xff, 0xff, 0xff, 0xff, 0xff, /* row  4 0x25 */
    0xff, 0xff, 0xff, 0xff, 0xff, 0xff, 0xff, 0xff, 0xff, 0xfb, 0xd9, 0x96, 0x5c, 0x62, 0xa3, 0xe1, 0xfd, 0xff, 0xff, 0xff, 0xff, 0xff, 0xff, 0xff, 0xff, 0xff, 0xff, /* row  5 0x25 */
    0xff, 0xff, 0xff, 0xff, 0xff, 0xff, 0xff, 0xf8, 0xd1, 0x8a, 0x58, 0x68, 0xa7, 0xb7, 0x8b, 0x54, 0x4a, 0x59, 0x5f, 0x4e, 0x4a, 0x70, 0xb5, 0xeb, 0xfe, 0xff, 0xff, /* row  6 0x25 */
    0xff, 0xff, 0xff, 0xff, 0xff, 0xf4, 0xc8, 0x80, 0x55, 0x71, 0xb9, 0xea, 0xdc, 0x8d, 0x43, 0x58, 0xa8, 0xf5, 0xfa, 0xc5, 0x75, 0x3d, 0x6c, 0xbd, 0xf9, 0xff, 0xff, /* row  7 0x25 */
    0xff, 0xff, 0xfe, 0xf0, 0xbe, 0x76, 0x55, 0x7a, 0xc3, 0xf2, 0xff, 0xff, 0xf9, 0xd0, 0x8f, 0x53, 0x46, 0x51, 0x57, 0x48, 0x48, 0x72, 0xb7, 0xec, 0xfe, 0xff, 0xff, /* row  8 0x25 */
    0xff, 0xff, 0xff, 0xff, 0xff, 0xff, 0xff, 0xff, 0xff, 0xff, 0xff, 0xff, 0xff, 0xff, 0xff, 0xff, 0xff, 0xff, 0xff, 0xff, 0xff, 0xff, 0xff, 0xff, 0xff, 0xff, 0xff, /* row  9 0x25 */
    0xff, 0xff, 0xff, 0xff, 0xff, 0xff, 0xff, 0xff, 0xff, 0xff, 0xff, 0xff, 0xff, 0xff, 0xff, 0xff, 0xff, 0xff, 0xff, 0xff, 0xff, 0xff, 0xff, 0xff, 0xff, 0xff, 0xff, /* row 10 0x25 */
    0xff, 0xff, 0xff, 0xff, 0xff, 0xff, 0xff, 0xff, 0xff, 0xff, 0xff, 0xff, 0xff, 0xff, 0xff, 0xff, 0xff, 0xff, 0xff, 0xff, 0xff, 0xff, 0xff, 0xff, 0xff, 0xff, 0xff, /* row 11 0x25 */
};

static const unsigned char g_font_px26[FONT_STRIP_W * FONT_STRIP_H * 3] = {
    0xff, 0xff, 0xff, 0xff, 0xff, 0xff, 0xff, 0xff, 0xff, 0xff, 0xff, 0xff, 0xff, 0xff, 0xff, 0xff, 0xff, 0xff, 0xff, 0xff, 0xff, 0xff, 0xff, 0xff, 0xff, 0xff, 0xff, /* row  0 0x26 */
    0xff, 0xff, 0xff, 0xff, 0xff, 0xff, 0xff, 0xff, 0xff, 0xff, 0xff, 0xff, 0xff, 0xff, 0xff, 0xff, 0xff, 0xff, 0xff, 0xff, 0xff, 0xff, 0xff, 0xff, 0xff, 0xff, 0xff, /* row  1 0x26 */
    0xff, 0xff, 0xff, 0xff, 0xff, 0xff, 0xf3, 0xc9, 0x8b, 0x54, 0x42, 0x48, 0x52, 0x4f, 0x45, 0x4a, 0x73, 0xb3, 0xe7, 0xfd, 0xff, 0xff, 0xff, 0xff, 0xff, 0xff, 0xff, /* row  2 0x26 */
    0xff, 0xff, 0xff, 0xff, 0xff, 0xfa, 0xbe, 0x6d, 0x39, 0x6f, 0xc0, 0xf9, 0xff, 0xf9, 0xc4, 0x72, 0x36, 0x65, 0xb7, 0xf9, 0xff, 0xff, 0xff, 0xff, 0xff, 0xff, 0xff, /* row  3 0x26 */
    0xff, 0xff, 0xff, 0xff, 0xff, 0xfe, 0xe5, 0x9c, 0x50, 0x3d, 0x5f, 0x7a, 0x6a, 0x53, 0x53, 0x72, 0xaa, 0xdc, 0xf9, 0xff, 0xff, 0xff, 0xff, 0xff, 0xff, 0xff, 0xff, /* row  4 0x26 */
    0xff, 0xff, 0xff, 0xfa, 0xdb, 0xa4, 0x64, 0x45, 0x41, 0x36, 0x2a, 0x48, 0x96, 0xde, 0xfd, 0xfd, 0xe1, 0xa1, 0x6c, 0x7f, 0xbe, 0xf5, 0xff, 0xff, 0xff, 0xff, 0xff, /* row  5 0x26 */
    0xff, 0xff, 0xf1, 0xac, 0x5a, 0x2d, 0x69, 0xba, 0xf4, 0xf3, 0xc8, 0x82, 0x4f, 0x5b, 0x9b, 0xc0, 0x94, 0x4d, 0x48, 0x91, 0xde, 0xfd, 0xff, 0xff, 0xff, 0xff, 0xff, /* row  6 0x26 */
    0xff, 0xfe, 0xed, 0xa1, 0x4f, 0x28, 0x69, 0xbb, 0xf4, 0xff, 0xff, 0xfc, 0xdc, 0x90, 0x43, 0x10, 0x10, 0x46, 0x97, 0xe3, 0xfd, 0xff, 0xff, 0xff, 0xff, 0xff, 0xff, /* row  7 0x26 */
    0xff, 0xff, 0xfe, 0xf2, 0xc9, 0x8d, 0x53, 0x38, 0x36, 0x40, 0x46, 0x43, 0x3e, 0x48, 0x66, 0x81, 0x7b, 0x5a, 0x3e, 0x37, 0x43, 0x7c, 0xbd, 0xf5, 0xff, 0xff, 0xff, /* row  8 0x26 */
    0xff, 0xff, 0xff, 0xff, 0xff, 0xff, 0xff, 0xff, 0xff, 0xff, 0xff, 0xff, 0xff, 0xff, 0xff, 0xff, 0xff, 0xff, 0xff, 0xff, 0xff, 0xff, 0xff, 0xff, 0xff, 0xff, 0xff, /* row  9 0x26 */
    0xff, 0xff, 0xff, 0xff, 0xff, 0xff, 0xff, 0xff, 0xff, 0xff, 0xff, 0xff, 0xff, 0xff, 0xff, 0xff, 0xff, 0xff, 0xff, 0xff, 0xff, 0xff, 0xff, 0xff, 0xff, 0xff, 0xff, /* row 10 0x26 */
    0xff, 0xff, 0xff, 0xff, 0xff, 0xff, 0xff, 0xff, 0xff, 0xff, 0xff, 0xff, 0xff, 0xff, 0xff, 0xff, 0xff, 0xff, 0xff, 0xff, 0xff, 0xff, 0xff, 0xff, 0xff, 0xff, 0xff, /* row 11 0x26 */
};

static const unsigned char g_font_px27[FONT_STRIP_W * FONT_STRIP_H * 3] = {
    0xff, 0xff, 0xff, 0xff, 0xff, 0xff, 0xff, 0xff, 0xff, 0xff, 0xff, 0xff, 0xff, 0xff, 0xff, 0xff, 0xff, 0xff, 0xff, 0xff, 0xff, 0xff, 0xff, 0xff, 0xff, 0xff, 0xff, /* row  0 0x27 */
    0xff, 0xff, 0xff, 0xff, 0xff, 0xff, 0xff, 0xff, 0xff, 0xf9, 0xbb, 0x67, 0x1c, 0x28, 0x77, 0xc9, 0xfb, 0xff, 0xff, 0xff, 0xff, 0xff, 0xff, 0xff, 0xff, 0xff, 0xff, /* row  1 0x27 */
    0xff, 0xff, 0xff, 0xff, 0xff, 0xff, 0xff, 0xff, 0xff, 0xfb, 0xcc, 0x7a, 0x2e, 0x3b, 0x8a, 0xda, 0xfc, 0xff, 0xff, 0xff, 0xff, 0xff, 0xff, 0xff, 0xff, 0xff, 0xff, /* row  2 0x27 */
    0xff, 0xff, 0xff, 0xff, 0xff, 0xff, 0xff, 0xff, 0xff, 0xfd, 0xdd, 0x8d, 0x41, 0x4d, 0x9c, 0xeb, 0xfe, 0xff, 0xff, 0xff, 0xff, 0xff, 0xff, 0xff, 0xff, 0xff, 0xff, /* row  3 0x27 */
    0xff, 0xff, 0xff, 0xff, 0xff, 0xff, 0xff, 0xff, 0xff, 0xff, 0xff, 0xff, 0xff, 0xff, 0xff, 0xff, 0xff, 0xff, 0xff, 0xff, 0xff, 0xff, 0xff, 0xff, 0xff, 0xff, 0xff, /* row  4 0x27 */
    0xff, 0xff, 0xff, 0xff, 0xff, 0xff, 0xff, 0xff, 0xff, 0xff, 0xff, 0xff, 0xff, 0xff, 0xff, 0xff, 0xff, 0xff, 0xff, 0xff, 0xff, 0xff, 0xff, 0xff, 0xff, 0xff, 0xff, /* row  5 0x27 */
    0xff, 0xff, 0xff, 0xff, 0xff, 0xff, 0xff, 0xff, 0xff, 0xff, 0xff, 0xff, 0xff, 0xff, 0xff, 0xff, 0xff, 0xff, 0xff, 0xff, 0xff, 0xff, 0xff, 0xff, 0xff, 0xff, 0xff, /* row  6 0x27 */
    0xff, 0xff, 0xff, 0xff, 0xff, 0xff, 0xff, 0xff, 0xff, 0xff, 0xff, 0xff, 0xff, 0xff, 0xff, 0xff, 0xff, 0xff, 0xff, 0xff, 0xff, 0xff, 0xff, 0xff, 0xff, 0xff, 0xff, /* row  7 0x27 */
    0xff, 0xff, 0xff, 0xff, 0xff, 0xff, 0xff, 0xff, 0xff, 0xff, 0xff, 0xff, 0xff, 0xff, 0xff, 0xff, 0xff, 0xff, 0xff, 0xff, 0xff, 0xff, 0xff, 0xff, 0xff, 0xff, 0xff, /* row  8 0x27 */
    0xff, 0xff, 0xff, 0xff, 0xff, 0xff, 0xff, 0xff, 0xff, 0xff, 0xff, 0xff, 0xff, 0xff, 0xff, 0xff, 0xff, 0xff, 0xff, 0xff, 0xff, 0xff, 0xff, 0xff, 0xff, 0xff, 0xff, /* row  9 0x27 */
    0xff, 0xff, 0xff, 0xff, 0xff, 0xff, 0xff, 0xff, 0xff, 0xff, 0xff, 0xff, 0xff, 0xff, 0xff, 0xff, 0xff, 0xff, 0xff, 0xff, 0xff, 0xff, 0xff, 0xff, 0xff, 0xff, 0xff, /* row 10 0x27 */
    0xff, 0xff, 0xff, 0xff, 0xff, 0xff, 0xff, 0xff, 0xff, 0xff, 0xff, 0xff, 0xff, 0xff, 0xff, 0xff, 0xff, 0xff, 0xff, 0xff, 0xff, 0xff, 0xff, 0xff, 0xff, 0xff, 0xff, /* row 11 0x27 */
};

static const unsigned char g_font_px28[FONT_STRIP_W * FONT_STRIP_H * 3] = {
    0xff, 0xff, 0xff, 0xff, 0xff, 0xff, 0xff, 0xff, 0xff, 0xff, 0xff, 0xff, 0xff, 0xff, 0xff, 0xff, 0xff, 0xff, 0xff, 0xff, 0xff, 0xff, 0xff, 0xff, 0xff, 0xff, 0xff, /* row  0 0x28 */
    0xff, 0xff, 0xff, 0xff, 0xff, 0xff, 0xff, 0xff, 0xff, 0xff, 0xfe, 0xea, 0xb3, 0x65, 0x36, 0x4d, 0x99, 0xdb, 0xfb, 0xff, 0xff, 0xff, 0xff, 0xff, 0xff, 0xff, 0xff, /* row  1 0x28 */
    0xff, 0xff, 0xff, 0xff, 0xff, 0xff, 0xff, 0xff, 0xfe, 0xf0, 0xb7, 0x66, 0x2c, 0x47, 0x97, 0xdf, 0xfd, 0xff, 0xff, 0xff, 0xff, 0xff, 0xff, 0xff, 0xff, 0xff, 0xff, /* row  2 0x28 */
    0xff, 0xff, 0xff, 0xff, 0xff, 0xff, 0xff, 0xfd, 0xe3, 0x98, 0x47, 0x25, 0x66, 0xb8, 0xf4, 0xff, 0xff, 0xff, 0xff, 0xff, 0xff, 0xff, 0xff, 0xff, 0xff, 0xff, 0xff, /* row  3 0x28 */
    0xff, 0xff, 0xff, 0xff, 0xff, 0xff, 0xff, 0xf1, 0xa7, 0x54, 0x1a, 0x58, 0xac, 0xf3, 0xff, 0xff, 0xff, 0xff, 0xff, 0xff, 0xff, 0xff, 0xff, 0xff, 0xff, 0xff, 0xff, /* row  4 0x28 */
    0xff, 0xff, 0xff, 0xff, 0xff, 0xff, 0xfc, 0xd9, 0x89, 0x3a, 0x2c, 0x77, 0xc9, 0xfb, 0xff, 0xff, 0xff, 0xff, 0xff, 0xff, 0xff, 0xff, 0xff, 0xff, 0xff, 0xff, 0xff, /* row  5 0x28 */
    0xff, 0xff, 0xff, 0xff, 0xff, 0xff, 0xfc, 0xd9, 0x89, 0x3a, 0x2c, 0x77, 0xca, 0xfb, 0xff, 0xff, 0xff, 0xff, 0xff, 0xff, 0xff, 0xff, 0xff, 0xff, 0xff, 0xff, 0xff, /* row  6 0x28 */
    0xff, 0xff, 0xff, 0xff, 0xff, 0xff, 0xff, 0xf1, 0xa7, 0x54, 0x1a, 0x58, 0xac, 0xf4, 0xff, 0xff, 0xff, 0xff, 0xff, 0xff, 0xff, 0xff, 0xff, 0xff, 0xff, 0xff, 0xff, /* row  7 0x28 */
    0xff, 0xff, 0xff, 0xff, 0xff, 0xff, 0xff, 0xfd, 0xe3, 0x98, 0x47, 0x25, 0x67, 0xb9, 0xf5, 0xff, 0xff, 0xff, 0xff, 0xff, 0xff, 0xff, 0xff, 0xff, 0xff, 0xff, 0xff, /* row  8 0x28 */
    0xff, 0xff, 0xff, 0xff, 0xff, 0xff, 0xff, 0xff, 0xfe, 0xf0, 0xb7, 0x66, 0x2d, 0x49, 0x98, 0xe0, 0xfd, 0xff, 0xff, 0xff, 0xff, 0xff, 0xff, 0xff, 0xff, 0xff, 0xff, /* row  9 0x28 */
    0xff, 0xff, 0xff, 0xff, 0xff, 0xff, 0xff, 0xff, 0xff, 0xff, 0xfe, 0xea, 0xb2, 0x64, 0x36, 0x4e, 0x99, 0xdc, 0xfb, 0xff, 0xff, 0xff, 0xff, 0xff, 0xff, 0xff, 0xff, /* row 10 0x28 */
    0xff, 0xff, 0xff, 0xff, 0xff, 0xff, 0xff, 0xff, 0xff, 0xff, 0xff, 0xff, 0xff, 0xff, 0xff, 0xff, 0xff, 0xff, 0xff, 0xff, 0xff, 0xff, 0xff, 0xff, 0xff, 0xff, 0xff, /* row 11 0x28 */
};

static const unsigned char g_font_px29[FONT_STRIP_W * FONT_STRIP_H * 3] = {
    0xff, 0xff, 0xff, 0xff, 0xff, 0xff, 0xff, 0xff, 0xff, 0xff, 0xff, 0xff, 0xff, 0xff, 0xff, 0xff, 0xff, 0xff, 0xff, 0xff, 0xff, 0xff, 0xff, 0xff, 0xff, 0xff, 0xff, /* row  0 0x29 */
    0xff, 0xff, 0xff, 0xff, 0xff, 0xff, 0xff, 0xf7, 0xcf, 0x86, 0x41, 0x37, 0x73, 0xbf, 0xf0, 0xfe, 0xff, 0xff, 0xff, 0xff, 0xff, 0xff, 0xff, 0xff, 0xff, 0xff, 0xff, /* row  1 0x29 */
    0xff, 0xff, 0xff, 0xff, 0xff, 0xff, 0xff, 0xff, 0xff, 0xf9, 0xd2, 0x84, 0x3a, 0x30, 0x75, 0xc5, 0xf6, 0xff, 0xff, 0xff, 0xff, 0xff, 0xff, 0xff, 0xff, 0xff, 0xff, /* row  2 0x29 */
    0xff, 0xff, 0xff, 0xff, 0xff, 0xff, 0xff, 0xff, 0xff, 0xff, 0xfe, 0xec, 0xa7, 0x55, 0x21, 0x56, 0xa8, 0xee, 0xfe, 0xff, 0xff, 0xff, 0xff, 0xff, 0xff, 0xff, 0xff, /* row  3 0x29 */
    0xff, 0xff, 0xff, 0xff, 0xff, 0xff, 0xff, 0xff, 0xff, 0xff, 0xff, 0xfe, 0xea, 0x9c, 0x4a, 0x1d, 0x64, 0xb8, 0xf9, 0xff, 0xff, 0xff, 0xff, 0xff, 0xff, 0xff, 0xff, /* row  4 0x29 */
    0xff, 0xff, 0xff, 0xff, 0xff, 0xff, 0xff, 0xff, 0xff, 0xff, 0xff, 0xff, 0xf9, 0xbc, 0x68, 0x20, 0x49, 0x9b, 0xea, 0xfe, 0xff, 0xff, 0xff, 0xff, 0xff, 0xff, 0xff, /* row  5 0x29 */
    0xff, 0xff, 0xff, 0xff, 0xff, 0xff, 0xff, 0xff, 0xff, 0xff, 0xff, 0xff, 0xf9, 0xbc, 0x68, 0x20, 0x49, 0x9c, 0xea, 0xfe, 0xff, 0xff, 0xff, 0xff, 0xff, 0xff, 0xff, /* row  6 0x29 */
    0xff, 0xff, 0xff, 0xff, 0xff, 0xff, 0xff, 0xff, 0xff, 0xff, 0xff, 0xfe, 0xea, 0x9d, 0x4a, 0x1e, 0x65, 0xb9, 0xf9, 0xff, 0xff, 0xff, 0xff, 0xff, 0xff, 0xff, 0xff, /* row  7 0x29 */
    0xff, 0xff, 0xff, 0xff, 0xff, 0xff, 0xff, 0xff, 0xff, 0xff, 0xfe, 0xed, 0xa8, 0x56, 0x22, 0x56, 0xa8, 0xee, 0xfe, 0xff, 0xff, 0xff, 0xff, 0xff, 0xff, 0xff, 0xff, /* row  8 0x29 */
    0xff, 0xff, 0xff, 0xff, 0xff, 0xff, 0xff, 0xff, 0xff, 0xfa, 0xd3, 0x85, 0x3b, 0x31, 0x75, 0xc5, 0xf6, 0xff, 0xff, 0xff, 0xff, 0xff, 0xff, 0xff, 0xff, 0xff, 0xff, /* row  9 0x29 */
    0xff, 0xff, 0xff, 0xff, 0xff, 0xff, 0xff, 0xf7, 0xd0, 0x87, 0x41, 0x37, 0x72, 0xbf, 0xf0, 0xfe, 0xff, 0xff, 0xff, 0xff, 0xff, 0xff, 0xff, 0xff, 0xff, 0xff, 0xff, /* row 10 0x29 */
    0xff, 0xff, 0xff, 0xff, 0xff, 0xff, 0xff, 0xff, 0xff, 0xff, 0xff, 0xff, 0xff, 0xff, 0xff, 0xff, 0xff, 0xff, 0xff, 0xff, 0xff, 0xff, 0xff, 0xff, 0xff, 0xff, 0xff, /* row 11 0x29 */
};

static const unsigned char g_font_px2a[FONT_STRIP_W * FONT_STRIP_H * 3] = {
    0xff, 0xff, 0xff, 0xff, 0xff, 0xff, 0xff, 0xff, 0xff, 0xff, 0xff, 0xff, 0xff, 0xff, 0xff, 0xff, 0xff, 0xff, 0xff, 0xff, 0xff, 0xff, 0xff, 0xff, 0xff, 0xff, 0xff, /* row  0 0x2a */
    0xff, 0xff, 0xff, 0xff, 0xff, 0xff, 0xff, 0xff, 0xff, 0xfe, 0xee, 0xa0, 0x56, 0x5f, 0xae, 0xf8, 0xff, 0xff, 0xff, 0xff, 0xff, 0xff, 0xff, 0xff, 0xff, 0xff, 0xff, /* row  1 0x2a */
    0xff, 0xff, 0xff, 0xff, 0xff, 0xfb, 0xcd, 0x8a, 0x56, 0x5c, 0x7f, 0x69, 0x48, 0x48, 0x6b, 0x78, 0x56, 0x61, 0x9a, 0xdd, 0xfd, 0xff, 0xff, 0xff, 0xff, 0xff, 0xff, /* row  2 0x2a */
    0xff, 0xff, 0xff, 0xff, 0xff, 0xff, 0xff, 0xfc, 0xeb, 0xc6, 0x80, 0x3d, 0x0e, 0x18, 0x4d, 0x93, 0xd1, 0xf0, 0xfe, 0xff, 0xff, 0xff, 0xff, 0xff, 0xff, 0xff, 0xff, /* row  3 0x2a */
    0xff, 0xff, 0xff, 0xff, 0xff, 0xff, 0xff, 0xfe, 0xe9, 0xa8, 0x5e, 0x4d, 0x5d, 0x5b, 0x4c, 0x73, 0xc0, 0xf4, 0xff, 0xff, 0xff, 0xff, 0xff, 0xff, 0xff, 0xff, 0xff, /* row  4 0x2a */
    0xff, 0xff, 0xff, 0xff, 0xff, 0xff, 0xfe, 0xef, 0xb3, 0x74, 0x71, 0xac, 0xe9, 0xdd, 0x98, 0x6a, 0x82, 0xc8, 0xf9, 0xff, 0xff, 0xff, 0xff, 0xff, 0xff, 0xff, 0xff, /* row  5 0x2a */
    0xff, 0xff, 0xff, 0xff, 0xff, 0xff, 0xff, 0xff, 0xff, 0xff, 0xff, 0xff, 0xff, 0xff, 0xff, 0xff, 0xff, 0xff, 0xff, 0xff, 0xff, 0xff, 0xff, 0xff, 0xff, 0xff, 0xff, /* row  6 0x2a */
    0xff, 0xff, 0xff, 0xff, 0xff, 0xff, 0xff, 0xff, 0xff, 0xff, 0xff, 0xff, 0xff, 0xff, 0xff, 0xff, 0xff, 0xff, 0xff, 0xff, 0xff, 0xff, 0xff, 0xff, 0xff, 0xff, 0xff, /* row  7 0x2a */
    0xff, 0xff, 0xff, 0xff, 0xff, 0xff, 0xff, 0xff, 0xff, 0xff, 0xff, 0xff, 0xff, 0xff, 0xff, 0xff, 0xff, 0xff, 0xff, 0xff, 0xff, 0xff, 0xff, 0xff, 0xff, 0xff, 0xff, /* row  8 0x2a */
    0xff, 0xff, 0xff, 0xff, 0xff, 0xff, 0xff, 0xff, 0xff, 0xff, 0xff, 0xff, 0xff, 0xff, 0xff, 0xff, 0xff, 0xff, 0xff, 0xff, 0xff, 0xff, 0xff, 0xff, 0xff, 0xff, 0xff, /* row  9 0x2a */
    0xff, 0xff, 0xff, 0xff, 0xff, 0xff, 0xff, 0xff, 0xff, 0xff, 0xff, 0xff, 0xff, 0xff, 0xff, 0xff, 0xff, 0xff, 0xff, 0xff, 0xff, 0xff, 0xff, 0xff, 0xff, 0xff, 0xff, /* row 10 0x2a */
    0xff, 0xff, 0xff, 0xff, 0xff, 0xff, 0xff, 0xff, 0xff, 0xff, 0xff, 0xff, 0xff, 0xff, 0xff, 0xff, 0xff, 0xff, 0xff, 0xff, 0xff, 0xff, 0xff, 0xff, 0xff, 0xff, 0xff, /* row 11 0x2a */
};

static const unsigned char g_font_px2b[FONT_STRIP_W * FONT_STRIP_H * 3] = {
    0xff, 0xff, 0xff, 0xff, 0xff, 0xff, 0xff, 0xff, 0xff, 0xff, 0xff, 0xff, 0xff, 0xff, 0xff, 0xff, 0xff, 0xff, 0xff, 0xff, 0xff, 0xff, 0xff, 0xff, 0xff, 0xff, 0xff, /* row  0 0x2b */
    0xff, 0xff, 0xff, 0xff, 0xff, 0xff, 0xff, 0xff, 0xff, 0xff, 0xff, 0xff, 0xff, 0xff, 0xff, 0xff, 0xff, 0xff, 0xff, 0xff, 0xff, 0xff, 0xff, 0xff, 0xff, 0xff, 0xff, /* row  1 0x2b */
    0xff, 0xff, 0xff, 0xff, 0xff, 0xff, 0xff, 0xff, 0xff, 0xff, 0xf7, 0xdf, 0xc9, 0xcd, 0xe5, 0xfc, 0xff, 0xff, 0xff, 0xff, 0xff, 0xff, 0xff, 0xff, 0xff, 0xff, 0xff, /* row  2 0x2b */
    0xff, 0xff, 0xff, 0xff, 0xff, 0xff, 0xff, 0xff, 0xff, 0xfd, 0xe2, 0x93, 0x47, 0x56, 0xa5, 0xf3, 0xff, 0xff, 0xff, 0xff, 0xff, 0xff, 0xff, 0xff, 0xff, 0xff, 0xff, /* row  3 0x2b */
    0xff, 0xff, 0xff, 0xff, 0xff, 0xff, 0xff, 0xff, 0xff, 0xfd, 0xe2, 0x93, 0x47, 0x56, 0xa5, 0xf3, 0xff, 0xff, 0xff, 0xff, 0xff, 0xff, 0xff, 0xff, 0xff, 0xff, 0xff, /* row  4 0x2b */
    0xff, 0xff, 0xff, 0xf2, 0xb5, 0x72, 0x3d, 0x37, 0x37, 0x37, 0x31, 0x20, 0x10, 0x13, 0x24, 0x35, 0x37, 0x37, 0x38, 0x43, 0x80, 0xc3, 0xfa, 0xff, 0xff, 0xff, 0xff, /* row  5 0x2b */
    0xff, 0xff, 0xff, 0xff, 0xff, 0xff, 0xff, 0xff, 0xff, 0xfd, 0xe2, 0x93, 0x47, 0x56, 0xa5, 0xf3, 0xff, 0xff, 0xff, 0xff, 0xff, 0xff, 0xff, 0xff, 0xff, 0xff, 0xff, /* row  6 0x2b */
    0xff, 0xff, 0xff, 0xff, 0xff, 0xff, 0xff, 0xff, 0xff, 0xfd, 0xe2, 0x93, 0x47, 0x56, 0xa5, 0xf3, 0xff, 0xff, 0xff, 0xff, 0xff, 0xff, 0xff, 0xff, 0xff, 0xff, 0xff, /* row  7 0x2b */
    0xff, 0xff, 0xff, 0xff, 0xff, 0xff, 0xff, 0xff, 0xff, 0xff, 0xfd, 0xf7, 0xf1, 0xf2, 0xf9, 0xff, 0xff, 0xff, 0xff, 0xff, 0xff, 0xff, 0xff, 0xff, 0xff, 0xff, 0xff, /* row  8 0x2b */
    0xff, 0xff, 0xff, 0xff, 0xff, 0xff, 0xff, 0xff, 0xff, 0xff, 0xff, 0xff, 0xff, 0xff, 0xff, 0xff, 0xff, 0xff, 0xff, 0xff, 0xff, 0xff, 0xff, 0xff, 0xff, 0xff, 0xff, /* row  9 0x2b */
    0xff, 0xff, 0xff, 0xff, 0xff, 0xff, 0xff, 0xff, 0xff, 0xff, 0xff, 0xff, 0xff, 0xff, 0xff, 0xff, 0xff, 0xff, 0xff, 0xff, 0xff, 0xff, 0xff, 0xff, 0xff, 0xff, 0xff, /* row 10 0x2b */
    0xff, 0xff, 0xff, 0xff, 0xff, 0xff, 0xff, 0xff, 0xff, 0xff, 0xff, 0xff, 0xff, 0xff, 0xff, 0xff, 0xff, 0xff, 0xff, 0xff, 0xff, 0xff, 0xff, 0xff, 0xff, 0xff, 0xff, /* row 11 0x2b */
};

static const unsigned char g_font_px2c[FONT_STRIP_W * FONT_STRIP_H * 3] = {
    0xff, 0xff, 0xff, 0xff, 0xff, 0xff, 0xff, 0xff, 0xff, 0xff, 0xff, 0xff, 0xff, 0xff, 0xff, 0xff, 0xff, 0xff, 0xff, 0xff, 0xff, 0xff, 0xff, 0xff, 0xff, 0xff, 0xff, /* row  0 0x2c */
    0xff, 0xff, 0xff, 0xff, 0xff, 0xff, 0xff, 0xff, 0xff, 0xff, 0xff, 0xff, 0xff, 0xff, 0xff, 0xff, 0xff, 0xff, 0xff, 0xff, 0xff, 0xff, 0xff, 0xff, 0xff, 0xff, 0xff, /* row  1 0x2c */
    0xff, 0xff, 0xff, 0xff, 0xff, 0xff, 0xff, 0xff, 0xff, 0xff, 0xff, 0xff, 0xff, 0xff, 0xff, 0xff, 0xff, 0xff, 0xff, 0xff, 0xff, 0xff, 0xff, 0xff, 0xff, 0xff, 0xff, /* row  2 0x2c */
    0xff, 0xff, 0xff, 0xff, 0xff, 0xff, 0xff, 0xff, 0xff, 0xff, 0xff, 0xff, 0xff, 0xff, 0xff, 0xff, 0xff, 0xff, 0xff, 0xff, 0xff, 0xff, 0xff, 0xff, 0xff, 0xff, 0xff, /* row  3 0x2c */
    0xff, 0xff, 0xff, 0xff, 0xff, 0xff, 0xff, 0xff, 0xff, 0xff, 0xff, 0xff, 0xff, 0xff, 0xff, 0xff, 0xff, 0xff, 0xff, 0xff, 0xff, 0xff, 0xff, 0xff, 0xff, 0xff, 0xff, /* row  4 0x2c */
    0xff, 0xff, 0xff, 0xff, 0xff, 0xff, 0xff, 0xff, 0xff, 0xff, 0xff, 0xff, 0xff, 0xff, 0xff, 0xff, 0xff, 0xff, 0xff, 0xff, 0xff, 0xff, 0xff, 0xff, 0xff, 0xff, 0xff, /* row  5 0x2c */
    0xff, 0xff, 0xff, 0xff, 0xff, 0xff, 0xff, 0xff, 0xff, 0xff, 0xff, 0xff, 0xff, 0xff, 0xff, 0xff, 0xff, 0xff, 0xff, 0xff, 0xff, 0xff, 0xff, 0xff, 0xff, 0xff, 0xff, /* row  6 0x2c */
    0xff, 0xff, 0xff, 0xff, 0xff, 0xff, 0xff, 0xfc, 0xd5, 0x84, 0x32, 0x09, 0x2d, 0x7d, 0xcf, 0xfb, 0xff, 0xff, 0xff, 0xff, 0xff, 0xff, 0xff, 0xff, 0xff, 0xff, 0xff, /* row  7 0x2c */
    0xff, 0xff, 0xff, 0xff, 0xff, 0xff, 0xfe, 0xeb, 0x9f, 0x4c, 0x13, 0x40, 0x93, 0xdf, 0xfd, 0xff, 0xff, 0xff, 0xff, 0xff, 0xff, 0xff, 0xff, 0xff, 0xff, 0xff, 0xff, /* row  8 0x2c */
    0xff, 0xff, 0xff, 0xff, 0xff, 0xff, 0xf8, 0xb9, 0x67, 0x2a, 0x57, 0xa8, 0xec, 0xfe, 0xff, 0xff, 0xff, 0xff, 0xff, 0xff, 0xff, 0xff, 0xff, 0xff, 0xff, 0xff, 0xff, /* row  9 0x2c */
    0xff, 0xff, 0xff, 0xff, 0xff, 0xfc, 0xd2, 0x83, 0x4e, 0x6e, 0xbc, 0xf5, 0xff, 0xff, 0xff, 0xff, 0xff, 0xff, 0xff, 0xff, 0xff, 0xff, 0xff, 0xff, 0xff, 0xff, 0xff, /* row 10 0x2c */
    0xff, 0xff, 0xff, 0xff, 0xff, 0xff, 0xff, 0xff, 0xff, 0xff, 0xff, 0xff, 0xff, 0xff, 0xff, 0xff, 0xff, 0xff, 0xff, 0xff, 0xff, 0xff, 0xff, 0xff, 0xff, 0xff, 0xff, /* row 11 0x2c */
};

static const unsigned char g_font_px2d[FONT_STRIP_W * FONT_STRIP_H * 3] = {
    0xff, 0xff, 0xff, 0xff, 0xff, 0xff, 0xff, 0xff, 0xff, 0xff, 0xff, 0xff, 0xff, 0xff, 0xff, 0xff, 0xff, 0xff, 0xff, 0xff, 0xff, 0xff, 0xff, 0xff, 0xff, 0xff, 0xff, /* row  0 0x2d */
    0xff, 0xff, 0xff, 0xff, 0xff, 0xff, 0xff, 0xff, 0xff, 0xff, 0xff, 0xff, 0xff, 0xff, 0xff, 0xff, 0xff, 0xff, 0xff, 0xff, 0xff, 0xff, 0xff, 0xff, 0xff, 0xff, 0xff, /* row  1 0x2d */
    0xff, 0xff, 0xff, 0xff, 0xff, 0xff, 0xff, 0xff, 0xff, 0xff, 0xff, 0xff, 0xff, 0xff, 0xff, 0xff, 0xff, 0xff, 0xff, 0xff, 0xff, 0xff, 0xff, 0xff, 0xff, 0xff, 0xff, /* row  2 0x2d */
    0xff, 0xff, 0xff, 0xff, 0xff, 0xff, 0xff, 0xff, 0xff, 0xff, 0xff, 0xff, 0xff, 0xff, 0xff, 0xff, 0xff, 0xff, 0xff, 0xff, 0xff, 0xff, 0xff, 0xff, 0xff, 0xff, 0xff, /* row  3 0x2d */
    0xff, 0xff, 0xff, 0xff, 0xff, 0xff, 0xff, 0xff, 0xff, 0xff, 0xff, 0xff, 0xff, 0xff, 0xff, 0xff, 0xff, 0xff, 0xff, 0xff, 0xff, 0xff, 0xff, 0xff, 0xff, 0xff, 0xff, /* row  4 0x2d */
    0xff, 0xff, 0xff, 0xff, 0xff, 0xff, 0xfb, 0xd0, 0x89, 0x44, 0x26, 0x23, 0x23, 0x23, 0x23, 0x28, 0x53, 0x9a, 0xdf, 0xfd, 0xff, 0xff, 0xff, 0xff, 0xff, 0xff, 0xff, /* row  5 0x2d */
    0xff, 0xff, 0xff, 0xff, 0xff, 0xff, 0xff, 0xff, 0xff, 0xff, 0xff, 0xff, 0xff, 0xff, 0xff, 0xff, 0xff, 0xff, 0xff, 0xff, 0xff, 0xff, 0xff, 0xff, 0xff, 0xff, 0xff, /* row  6 0x2d */
    0xff, 0xff, 0xff, 0xff, 0xff, 0xff, 0xff, 0xff, 0xff, 0xff, 0xff, 0xff, 0xff, 0xff, 0xff, 0xff, 0xff, 0xff, 0xff, 0xff, 0xff, 0xff, 0xff, 0xff, 0xff, 0xff, 0xff, /* row  7 0x2d */
    0xff, 0xff, 0xff, 0xff, 0xff, 0xff, 0xff, 0xff, 0xff, 0xff, 0xff, 0xff, 0xff, 0xff, 0xff, 0xff, 0xff, 0xff, 0xff, 0xff, 0xff, 0xff, 0xff, 0xff, 0xff, 0xff, 0xff, /* row  8 0x2d */
    0xff, 0xff, 0xff, 0xff, 0xff, 0xff, 0xff, 0xff, 0xff, 0xff, 0xff, 0xff, 0xff, 0xff, 0xff, 0xff, 0xff, 0xff, 0xff, 0xff, 0xff, 0xff, 0xff, 0xff, 0xff, 0xff, 0xff, /* row  9 0x2d */
    0xff, 0xff, 0xff, 0xff, 0xff, 0xff, 0xff, 0xff, 0xff, 0xff, 0xff, 0xff, 0xff, 0xff, 0xff, 0xff, 0xff, 0xff, 0xff, 0xff, 0xff, 0xff, 0xff, 0xff, 0xff, 0xff, 0xff, /* row 10 0x2d */
    0xff, 0xff, 0xff, 0xff, 0xff, 0xff, 0xff, 0xff, 0xff, 0xff, 0xff, 0xff, 0xff, 0xff, 0xff, 0xff, 0xff, 0xff, 0xff, 0xff, 0xff, 0xff, 0xff, 0xff, 0xff, 0xff, 0xff, /* row 11 0x2d */
};

static const unsigned char g_font_px2e[FONT_STRIP_W * FONT_STRIP_H * 3] = {
    0xff, 0xff, 0xff, 0xff, 0xff, 0xff, 0xff, 0xff, 0xff, 0xff, 0xff, 0xff, 0xff, 0xff, 0xff, 0xff, 0xff, 0xff, 0xff, 0xff, 0xff, 0xff, 0xff, 0xff, 0xff, 0xff, 0xff, /* row  0 0x2e */
    0xff, 0xff, 0xff, 0xff, 0xff, 0xff, 0xff, 0xff, 0xff, 0xff, 0xff, 0xff, 0xff, 0xff, 0xff, 0xff, 0xff, 0xff, 0xff, 0xff, 0xff, 0xff, 0xff, 0xff, 0xff, 0xff, 0xff, /* row  1 0x2e */
    0xff, 0xff, 0xff, 0xff, 0xff, 0xff, 0xff, 0xff, 0xff, 0xff, 0xff, 0xff, 0xff, 0xff, 0xff, 0xff, 0xff, 0xff, 0xff, 0xff, 0xff, 0xff, 0xff, 0xff, 0xff, 0xff, 0xff, /* row  2 0x2e */
    0xff, 0xff, 0xff, 0xff, 0xff, 0xff, 0xff, 0xff, 0xff, 0xff, 0xff, 0xff, 0xff, 0xff, 0xff, 0xff, 0xff, 0xff, 0xff, 0xff, 0xff, 0xff, 0xff, 0xff, 0xff, 0xff, 0xff, /* row  3 0x2e */
    0xff, 0xff, 0xff, 0xff, 0xff, 0xff, 0xff, 0xff, 0xff, 0xff, 0xff, 0xff, 0xff, 0xff, 0xff, 0xff, 0xff, 0xff, 0xff, 0xff, 0xff, 0xff, 0xff, 0xff, 0xff, 0xff, 0xff, /* row  4 0x2e */
    0xff, 0xff, 0xff, 0xff, 0xff, 0xff, 0xff, 0xff, 0xff, 0xff, 0xff, 0xff, 0xff, 0xff, 0xff, 0xff, 0xff, 0xff, 0xff, 0xff, 0xff, 0xff, 0xff, 0xff, 0xff, 0xff, 0xff, /* row  5 0x2e */
    0xff, 0xff, 0xff, 0xff, 0xff, 0xff, 0xff, 0xff, 0xff, 0xff, 0xff, 0xff, 0xff, 0xff, 0xff, 0xff, 0xff, 0xff, 0xff, 0xff, 0xff, 0xff, 0xff, 0xff, 0xff, 0xff, 0xff, /* row  6 0x2e */
    0xff, 0xff, 0xff, 0xff, 0xff, 0xff, 0xff, 0xff, 0xff, 0xf8, 0xac, 0x56, 0x0b, 0x1a, 0x69, 0xbd, 0xf9, 0xff, 0xff, 0xff, 0xff, 0xff, 0xff, 0xff, 0xff, 0xff, 0xff, /* row  7 0x2e */
    0xff, 0xff, 0xff, 0xff, 0xff, 0xff, 0xff, 0xff, 0xff, 0xf8, 0xac, 0x56, 0x0b, 0x1a, 0x69, 0xbd, 0xf9, 0xff, 0xff, 0xff, 0xff, 0xff, 0xff, 0xff, 0xff, 0xff, 0xff, /* row  8 0x2e */
    0xff, 0xff, 0xff, 0xff, 0xff, 0xff, 0xff, 0xff, 0xff, 0xff, 0xff, 0xff, 0xff, 0xff, 0xff, 0xff, 0xff, 0xff, 0xff, 0xff, 0xff, 0xff, 0xff, 0xff, 0xff, 0xff, 0xff, /* row  9 0x2e */
    0xff, 0xff, 0xff, 0xff, 0xff, 0xff, 0xff, 0xff, 0xff, 0xff, 0xff, 0xff, 0xff, 0xff, 0xff, 0xff, 0xff, 0xff, 0xff, 0xff, 0xff, 0xff, 0xff, 0xff, 0xff, 0xff, 0xff, /* row 10 0x2e */
    0xff, 0xff, 0xff, 0xff, 0xff, 0xff, 0xff, 0xff, 0xff, 0xff, 0xff, 0xff, 0xff, 0xff, 0xff, 0xff, 0xff, 0xff, 0xff, 0xff, 0xff, 0xff, 0xff, 0xff, 0xff, 0xff, 0xff, /* row 11 0x2e */
};

static const unsigned char g_font_px2f[FONT_STRIP_W * FONT_STRIP_H * 3] = {
    0xff, 0xff, 0xff, 0xff, 0xff, 0xff, 0xff, 0xff, 0xff, 0xff, 0xff, 0xff, 0xff, 0xff, 0xff, 0xff, 0xff, 0xff, 0xff, 0xff, 0xff, 0xff, 0xff, 0xff, 0xff, 0xff, 0xff, /* row  0 0x2f */
    0xff, 0xff, 0xff, 0xff, 0xff, 0xff, 0xff, 0xff, 0xff, 0xff, 0xff, 0xff, 0xff, 0xff, 0xff, 0xf2, 0xbb, 0x6a, 0x32, 0x4f, 0x9e, 0xe4, 0xfd, 0xff, 0xff, 0xff, 0xff, /* row  1 0x2f */
    0xff, 0xff, 0xff, 0xff, 0xff, 0xff, 0xff, 0xff, 0xff, 0xff, 0xff, 0xff, 0xff, 0xfa, 0xd3, 0x86, 0x3d, 0x3a, 0x81, 0xd0, 0xf9, 0xff, 0xff, 0xff, 0xff, 0xff, 0xff, /* row  2 0x2f */
    0xff, 0xff, 0xff, 0xff, 0xff, 0xff, 0xff, 0xff, 0xff, 0xff, 0xff, 0xfd, 0xe6, 0xa2, 0x52, 0x31, 0x66, 0xb6, 0xf0, 0xfe, 0xff, 0xff, 0xff, 0xff, 0xff, 0xff, 0xff, /* row  3 0x2f */
    0xff, 0xff, 0xff, 0xff, 0xff, 0xff, 0xff, 0xff, 0xff, 0xff, 0xf3, 0xbe, 0x6d, 0x32, 0x4a, 0x99, 0xe0, 0xfd, 0xff, 0xff, 0xff, 0xff, 0xff, 0xff, 0xff, 0xff, 0xff, /* row  4 0x2f */
    0xff, 0xff, 0xff, 0xff, 0xff, 0xff, 0xff, 0xff, 0xfb, 0xd6, 0x89, 0x3e, 0x37, 0x7d, 0xcc, 0xf8, 0xff, 0xff, 0xff, 0xff, 0xff, 0xff, 0xff, 0xff, 0xff, 0xff, 0xff, /* row  5 0x2f */
    0xff, 0xff, 0xff, 0xff, 0xff, 0xff, 0xfe, 0xe8, 0xa5, 0x56, 0x2f, 0x61, 0xb1, 0xee, 0xfe, 0xff, 0xff, 0xff, 0xff, 0xff, 0xff, 0xff, 0xff, 0xff, 0xff, 0xff, 0xff, /* row  6 0x2f */
    0xff, 0xff, 0xff, 0xff, 0xff, 0xf5, 0xc2, 0x71, 0x32, 0x46, 0x94, 0xdd, 0xfd, 0xff, 0xff, 0xff, 0xff, 0xff, 0xff, 0xff, 0xff, 0xff, 0xff, 0xff, 0xff, 0xff, 0xff, /* row  7 0x2f */
    0xff, 0xff, 0xff, 0xfc, 0xd8, 0x8d, 0x40, 0x34, 0x78, 0xc8, 0xf7, 0xff, 0xff, 0xff, 0xff, 0xff, 0xff, 0xff, 0xff, 0xff, 0xff, 0xff, 0xff, 0xff, 0xff, 0xff, 0xff, /* row  8 0x2f */
    0xff, 0xff, 0xff, 0xff, 0xff, 0xff, 0xff, 0xff, 0xff, 0xff, 0xff, 0xff, 0xff, 0xff, 0xff, 0xff, 0xff, 0xff, 0xff, 0xff, 0xff, 0xff, 0xff, 0xff, 0xff, 0xff, 0xff, /* row  9 0x2f */
    0xff, 0xff, 0xff, 0xff, 0xff, 0xff, 0xff, 0xff, 0xff, 0xff, 0xff, 0xff, 0xff, 0xff, 0xff, 0xff, 0xff, 0xff, 0xff, 0xff, 0xff, 0xff, 0xff, 0xff, 0xff, 0xff, 0xff, /* row 10 0x2f */
    0xff, 0xff, 0xff, 0xff, 0xff, 0xff, 0xff, 0xff, 0xff, 0xff, 0xff, 0xff, 0xff, 0xff, 0xff, 0xff, 0xff, 0xff, 0xff, 0xff, 0xff, 0xff, 0xff, 0xff, 0xff, 0xff, 0xff, /* row 11 0x2f */
};

static const unsigned char g_font_px30[FONT_STRIP_W * FONT_STRIP_H * 3] = {
    0xff, 0xff, 0xff, 0xff, 0xff, 0xff, 0xff, 0xff, 0xff, 0xff, 0xff, 0xff, 0xff, 0xff, 0xff, 0xff, 0xff, 0xff, 0xff, 0xff, 0xff, 0xff, 0xff, 0xff, 0xff, 0xff, 0xff, /* row  0 0x30 */
    0xff, 0xff, 0xff, 0xff, 0xff, 0xff, 0xff, 0xff, 0xff, 0xff, 0xff, 0xff, 0xff, 0xff, 0xff, 0xff, 0xff, 0xff, 0xff, 0xff, 0xff, 0xff, 0xff, 0xff, 0xff, 0xff, 0xff, /* row  1 0x30 */
    0xff, 0xff, 0xff, 0xff, 0xff, 0xfb, 0xe0, 0xae, 0x70, 0x44, 0x31, 0x30, 0x34, 0x34, 0x2f, 0x33, 0x4a, 0x7c, 0xb9, 0xe8, 0xfe, 0xff, 0xff, 0xff, 0xff, 0xff, 0xff, /* row  2 0x30 */
    0xff, 0xff, 0xff, 0xfe, 0xee, 0xaa, 0x59, 0x26, 0x51, 0xa0, 0xe3, 0xfc, 0xff, 0xff, 0xfa, 0xd9, 0x8e, 0x41, 0x27, 0x69, 0xbc, 0xf6, 0xff, 0xff, 0xff, 0xff, 0xff, /* row  3 0x30 */
    0xff, 0xff, 0xff, 0xf9, 0xbd, 0x6a, 0x22, 0x4d, 0x9f, 0xed, 0xfe, 0xff, 0xff, 0xff, 0xff, 0xfc, 0xd9, 0x89, 0x3a, 0x31, 0x7d, 0xce, 0xfb, 0xff, 0xff, 0xff, 0xff, /* row  4 0x30 */
    0xff, 0xff, 0xff, 0xf8, 0xaf, 0x5a, 0x18, 0x5a, 0xaf, 0xf0, 0xac, 0x56, 0x0b, 0x1a, 0x69, 0xbb, 0xe1, 0x98, 0x47, 0x23, 0x6c, 0xc0, 0xfa, 0xff, 0xff, 0xff, 0xff, /* row  5 0x30 */
    0xff, 0xff, 0xff, 0xfa, 0xbe, 0x6b, 0x23, 0x4b, 0x9e, 0xec, 0xfe, 0xff, 0xff, 0xff, 0xff, 0xfc, 0xd6, 0x86, 0x38, 0x32, 0x7e, 0xd0, 0xfb, 0xff, 0xff, 0xff, 0xff, /* row  6 0x30 */
    0xff, 0xff, 0xff, 0xfe, 0xef, 0xae, 0x5d, 0x27, 0x4e, 0x9c, 0xe1, 0xfb, 0xff, 0xff, 0xf7, 0xd1, 0x84, 0x3a, 0x29, 0x6f, 0xc1, 0xf7, 0xff, 0xff, 0xff, 0xff, 0xff, /* row  7 0x30 */
    0xff, 0xff, 0xff, 0xff, 0xff, 0xfc, 0xe3, 0xb2, 0x74, 0x44, 0x2f, 0x2d, 0x31, 0x30, 0x2c, 0x33, 0x4f, 0x85, 0xc1, 0xec, 0xfe, 0xff, 0xff, 0xff, 0xff, 0xff, 0xff, /* row  8 0x30 */
    0xff, 0xff, 0xff, 0xff, 0xff, 0xff, 0xff, 0xff, 0xff, 0xff, 0xff, 0xff, 0xff, 0xff, 0xff, 0xff, 0xff, 0xff, 0xff, 0xff, 0xff, 0xff, 0xff, 0xff, 0xff, 0xff, 0xff, /* row  9 0x30 */
    0xff, 0xff, 0xff, 0xff, 0xff, 0xff, 0xff, 0xff, 0xff, 0xff, 0xff, 0xff, 0xff, 0xff, 0xff, 0xff, 0xff, 0xff, 0xff, 0xff, 0xff, 0xff, 0xff, 0xff, 0xff, 0xff, 0xff, /* row 10 0x30 */
    0xff, 0xff, 0xff, 0xff, 0xff, 0xff, 0xff, 0xff, 0xff, 0xff, 0xff, 0xff, 0xff, 0xff, 0xff, 0xff, 0xff, 0xff, 0xff, 0xff, 0xff, 0xff, 0xff, 0xff, 0xff, 0xff, 0xff, /* row 11 0x30 */
};

static const unsigned char g_font_px31[FONT_STRIP_W * FONT_STRIP_H * 3] = {
    0xff, 0xff, 0xff, 0xff, 0xff, 0xff, 0xff, 0xff, 0xff, 0xff, 0xff, 0xff, 0xff, 0xff, 0xff, 0xff, 0xff, 0xff, 0xff, 0xff, 0xff, 0xff, 0xff, 0xff, 0xff, 0xff, 0xff, /* row  0 0x31 */
    0xff, 0xff, 0xff, 0xff, 0xff, 0xff, 0xff, 0xff, 0xff, 0xff, 0xff, 0xff, 0xff, 0xff, 0xff, 0xff, 0xff, 0xff, 0xff, 0xff, 0xff, 0xff, 0xff, 0xff, 0xff, 0xff, 0xff, /* row  1 0x31 */
    0xff, 0xff, 0xff, 0xff, 0xff, 0xfc, 0xf7, 0xeb, 0xd9, 0xbe, 0x9a, 0x67, 0x33, 0x13, 0x2f, 0x7e, 0xd0, 0xfb, 0xff, 0xff, 0xff, 0xff, 0xff, 0xff, 0xff, 0xff, 0xff, /* row  2 0x31 */
    0xff, 0xff, 0xff, 0xfc, 0xd5, 0x99, 0x62, 0x53, 0x5f, 0x71, 0x8b, 0x92, 0x69, 0x34, 0x32, 0x7e, 0xd0, 0xfb, 0xff, 0xff, 0xff, 0xff, 0xff, 0xff, 0xff, 0xff, 0xff, /* row  3 0x31 */
    0xff, 0xff, 0xff, 0xff, 0xff, 0xff, 0xff, 0xff, 0xff, 0xff, 0xfc, 0xd9, 0x89, 0x3b, 0x32, 0x7e, 0xd0, 0xfb, 0xff, 0xff, 0xff, 0xff, 0xff, 0xff, 0xff, 0xff, 0xff, /* row  4 0x31 */
    0xff, 0xff, 0xff, 0xff, 0xff, 0xff, 0xff, 0xff, 0xff, 0xff, 0xfc, 0xd9, 0x89, 0x3b, 0x32, 0x7e, 0xd0, 0xfb, 0xff, 0xff, 0xff, 0xff, 0xff, 0xff, 0xff, 0xff, 0xff, /* row  5 0x31 */
    0xff, 0xff, 0xff, 0xff, 0xff, 0xff, 0xff, 0xff, 0xff, 0xff, 0xfc, 0xd9, 0x89, 0x3b, 0x32, 0x7e, 0xd0, 0xfb, 0xff, 0xff, 0xff, 0xff, 0xff, 0xff, 0xff, 0xff, 0xff, /* row  6 0x31 */
    0xff, 0xff, 0xff, 0xff, 0xff, 0xff, 0xff, 0xff, 0xff, 0xff, 0xfc, 0xd9, 0x89, 0x3b, 0x32, 0x7e, 0xd0, 0xfb, 0xff, 0xff, 0xff, 0xff, 0xff, 0xff, 0xff, 0xff, 0xff, /* row  7 0x31 */
    0xff, 0xff, 0xff, 0xfd, 0xdd, 0x9e, 0x5e, 0x3b, 0x37, 0x37, 0x37, 0x2f, 0x1e, 0x0d, 0x0b, 0x1c, 0x2d, 0x37, 0x37, 0x3d, 0x6f, 0xb1, 0xee, 0xfe, 0xff, 0xff, 0xff, /* row  8 0x31 */
    0xff, 0xff, 0xff, 0xff, 0xff, 0xff, 0xff, 0xff, 0xff, 0xff, 0xff, 0xff, 0xff, 0xff, 0xff, 0xff, 0xff, 0xff, 0xff, 0xff, 0xff, 0xff, 0xff, 0xff, 0xff, 0xff, 0xff, /* row  9 0x31 */
    0xff, 0xff, 0xff, 0xff, 0xff, 0xff, 0xff, 0xff, 0xff, 0xff, 0xff, 0xff, 0xff, 0xff, 0xff, 0xff, 0xff, 0xff, 0xff, 0xff, 0xff, 0xff, 0xff, 0xff, 0xff, 0xff, 0xff, /* row 10 0x31 */
    0xff, 0xff, 0xff, 0xff, 0xff, 0xff, 0xff, 0xff, 0xff, 0xff, 0xff, 0xff, 0xff, 0xff, 0xff, 0xff, 0xff, 0xff, 0xff, 0xff, 0xff, 0xff, 0xff, 0xff, 0xff, 0xff, 0xff, /* row 11 0x31 */
};

static const unsigned char g_font_px32[FONT_STRIP_W * FONT_STRIP_H * 3] = {
    0xff, 0xff, 0xff, 0xff, 0xff, 0xff, 0xff, 0xff, 0xff, 0xff, 0xff, 0xff, 0xff, 0xff, 0xff, 0xff, 0xff, 0xff, 0xff, 0xff, 0xff, 0xff, 0xff, 0xff, 0xff, 0xff, 0xff, /* row  0 0x32 */
    0xff, 0xff, 0xff, 0xff, 0xff, 0xff, 0xff, 0xff, 0xff, 0xff, 0xff, 0xff, 0xff, 0xff, 0xff, 0xff, 0xff, 0xff, 0xff, 0xff, 0xff, 0xff, 0xff, 0xff, 0xff, 0xff, 0xff, /* row  1 0x32 */
    0xff, 0xff, 0xff, 0xff, 0xff, 0xf9, 0xda, 0xa6, 0x69, 0x3e, 0x2c, 0x2a, 0x2f, 0x2e, 0x28, 0x29, 0x3a, 0x63, 0x9f, 0xd5, 0xf7, 0xff, 0xff, 0xff, 0xff, 0xff, 0xff, /* row  2 0x32 */
    0xff, 0xff, 0xff, 0xfe, 0xee, 0xab, 0x5b, 0x25, 0x50, 0x9d, 0xe3, 0xfc, 0xff, 0xff, 0xfa, 0xdc, 0x8f, 0x3f, 0x17, 0x5c, 0xb0, 0xf6, 0xff, 0xff, 0xff, 0xff, 0xff, /* row  3 0x32 */
    0xff, 0xff, 0xff, 0xff, 0xff, 0xff, 0xff, 0xff, 0xff, 0xff, 0xff, 0xff, 0xff, 0xff, 0xfb, 0xd8, 0x88, 0x3a, 0x28, 0x71, 0xc4, 0xfa, 0xff, 0xff, 0xff, 0xff, 0xff, /* row  4 0x32 */
    0xff, 0xff, 0xff, 0xff, 0xff, 0xff, 0xff, 0xff, 0xff, 0xff, 0xff, 0xf8, 0xdd, 0xa9, 0x64, 0x36, 0x39, 0x71, 0xb9, 0xeb, 0xfe, 0xff, 0xff, 0xff, 0xff, 0xff, 0xff, /* row  5 0x32 */
    0xff, 0xff, 0xff, 0xff, 0xff, 0xff, 0xff, 0xfc, 0xe6, 0xba, 0x7b, 0x46, 0x39, 0x58, 0x94, 0xcc, 0xef, 0xfe, 0xff, 0xff, 0xff, 0xff, 0xff, 0xff, 0xff, 0xff, 0xff, /* row  6 0x32 */
    0xff, 0xff, 0xff, 0xff, 0xfe, 0xea, 0xb6, 0x6b, 0x38, 0x41, 0x7c, 0xc1, 0xec, 0xfd, 0xff, 0xff, 0xff, 0xff, 0xff, 0xff, 0xff, 0xff, 0xff, 0xff, 0xff, 0xff, 0xff, /* row  7 0x32 */
    0xff, 0xff, 0xff, 0xfb, 0xcf, 0x7e, 0x2d, 0x07, 0x13, 0x25, 0x35, 0x37, 0x37, 0x37, 0x37, 0x37, 0x37, 0x37, 0x3b, 0x5d, 0x9d, 0xdc, 0xfc, 0xff, 0xff, 0xff, 0xff, /* row  8 0x32 */
    0xff, 0xff, 0xff, 0xff, 0xff, 0xff, 0xff, 0xff, 0xff, 0xff, 0xff, 0xff, 0xff, 0xff, 0xff, 0xff, 0xff, 0xff, 0xff, 0xff, 0xff, 0xff, 0xff, 0xff, 0xff, 0xff, 0xff, /* row  9 0x32 */
    0xff, 0xff, 0xff, 0xff, 0xff, 0xff, 0xff, 0xff, 0xff, 0xff, 0xff, 0xff, 0xff, 0xff, 0xff, 0xff, 0xff, 0xff, 0xff, 0xff, 0xff, 0xff, 0xff, 0xff, 0xff, 0xff, 0xff, /* row 10 0x32 */
    0xff, 0xff, 0xff, 0xff, 0xff, 0xff, 0xff, 0xff, 0xff, 0xff, 0xff, 0xff, 0xff, 0xff, 0xff, 0xff, 0xff, 0xff, 0xff, 0xff, 0xff, 0xff, 0xff, 0xff, 0xff, 0xff, 0xff, /* row 11 0x32 */
};

static const unsigned char g_font_px33[FONT_STRIP_W * FONT_STRIP_H * 3] = {
    0xff, 0xff, 0xff, 0xff, 0xff, 0xff, 0xff, 0xff, 0xff, 0xff, 0xff, 0xff, 0xff, 0xff, 0xff, 0xff, 0xff, 0xff, 0xff, 0xff, 0xff, 0xff, 0xff, 0xff, 0xff, 0xff, 0xff, /* row  0 0x33 */
    0xff, 0xff, 0xff, 0xff, 0xff, 0xff, 0xff, 0xff, 0xff, 0xff, 0xff, 0xff, 0xff, 0xff, 0xff, 0xff, 0xff, 0xff, 0xff, 0xff, 0xff, 0xff, 0xff, 0xff, 0xff, 0xff, 0xff, /* row  1 0x33 */
    0xff, 0xff, 0xff, 0xff, 0xff, 0xf7, 0xd5, 0xa0, 0x65, 0x3d, 0x2d, 0x2c, 0x31, 0x31, 0x2b, 0x2b, 0x3a, 0x61, 0x9d, 0xd4, 0xf7, 0xff, 0xff, 0xff, 0xff, 0xff, 0xff, /* row  2 0x33 */
    0xff, 0xff, 0xff, 0xfe, 0xe7, 0x9f, 0x50, 0x28, 0x5c, 0xab, 0xe9, 0xfd, 0xff, 0xff, 0xfc, 0xe1, 0x94, 0x43, 0x18, 0x5d, 0xb1, 0xf7, 0xff, 0xff, 0xff, 0xff, 0xff, /* row  3 0x33 */
    0xff, 0xff, 0xff, 0xff, 0xff, 0xff, 0xff, 0xff, 0xff, 0xff, 0xff, 0xfd, 0xf7, 0xeb, 0xd3, 0xa6, 0x62, 0x33, 0x3f, 0x8d, 0xd5, 0xfc, 0xff, 0xff, 0xff, 0xff, 0xff, /* row  4 0x33 */
    0xff, 0xff, 0xff, 0xff, 0xff, 0xff, 0xff, 0xff, 0xfc, 0xd8, 0x93, 0x4e, 0x27, 0x1b, 0x15, 0x20, 0x45, 0x82, 0xbf, 0xeb, 0xfd, 0xff, 0xff, 0xff, 0xff, 0xff, 0xff, /* row  5 0x33 */
    0xff, 0xff, 0xff, 0xff, 0xff, 0xff, 0xff, 0xff, 0xff, 0xff, 0xff, 0xff, 0xff, 0xff, 0xf9, 0xe2, 0xa8, 0x5c, 0x28, 0x43, 0x92, 0xdd, 0xfd, 0xff, 0xff, 0xff, 0xff, /* row  6 0x33 */
    0xff, 0xff, 0xff, 0xfb, 0xd0, 0x82, 0x35, 0x2e, 0x6d, 0xbd, 0xf0, 0xfe, 0xff, 0xff, 0xfe, 0xf0, 0xba, 0x69, 0x26, 0x33, 0x82, 0xd3, 0xfc, 0xff, 0xff, 0xff, 0xff, /* row  7 0x33 */
    0xff, 0xff, 0xff, 0xff, 0xfe, 0xec, 0xc2, 0x88, 0x54, 0x34, 0x29, 0x2b, 0x2f, 0x2f, 0x2a, 0x29, 0x33, 0x52, 0x87, 0xc1, 0xec, 0xfe, 0xff, 0xff, 0xff, 0xff, 0xff, /* row  8 0x33 */
    0xff, 0xff, 0xff, 0xff, 0xff, 0xff, 0xff, 0xff, 0xff, 0xff, 0xff, 0xff, 0xff, 0xff, 0xff, 0xff, 0xff, 0xff, 0xff, 0xff, 0xff, 0xff, 0xff, 0xff, 0xff, 0xff, 0xff, /* row  9 0x33 */
    0xff, 0xff, 0xff, 0xff, 0xff, 0xff, 0xff, 0xff, 0xff, 0xff, 0xff, 0xff, 0xff, 0xff, 0xff, 0xff, 0xff, 0xff, 0xff, 0xff, 0xff, 0xff, 0xff, 0xff, 0xff, 0xff, 0xff, /* row 10 0x33 */
    0xff, 0xff, 0xff, 0xff, 0xff, 0xff, 0xff, 0xff, 0xff, 0xff, 0xff, 0xff, 0xff, 0xff, 0xff, 0xff, 0xff, 0xff, 0xff, 0xff, 0xff, 0xff, 0xff, 0xff, 0xff, 0xff, 0xff, /* row 11 0x33 */
};

static const unsigned char g_font_px34[FONT_STRIP_W * FONT_STRIP_H * 3] = {
    0xff, 0xff, 0xff, 0xff, 0xff, 0xff, 0xff, 0xff, 0xff, 0xff, 0xff, 0xff, 0xff, 0xff, 0xff, 0xff, 0xff, 0xff, 0xff, 0xff, 0xff, 0xff, 0xff, 0xff, 0xff, 0xff, 0xff, /* row  0 0x34 */
    0xff, 0xff, 0xff, 0xff, 0xff, 0xff, 0xff, 0xff, 0xff, 0xff, 0xff, 0xff, 0xff, 0xff, 0xff, 0xff, 0xff, 0xff, 0xff, 0xff, 0xff, 0xff, 0xff, 0xff, 0xff, 0xff, 0xff, /* row  1 0x34 */
    0xff, 0xff, 0xff, 0xff, 0xff, 0xff, 0xff, 0xff, 0xff, 0xff, 0xff, 0xf6, 0xcf, 0x8a, 0x40, 0x11, 0x09, 0x4e, 0xa3, 0xf0, 0xff, 0xff, 0xff, 0xff, 0xff, 0xff, 0xff, /* row  2 0x34 */
    0xff, 0xff, 0xff, 0xff, 0xff, 0xff, 0xff, 0xff, 0xfd, 0xe4, 0xab, 0x62, 0x42, 0x5a, 0x63, 0x47, 0x1b, 0x4f, 0xa3, 0xf0, 0xff, 0xff, 0xff, 0xff, 0xff, 0xff, 0xff, /* row  3 0x34 */
    0xff, 0xff, 0xff, 0xff, 0xff, 0xff, 0xf2, 0xc8, 0x81, 0x4e, 0x57, 0x96, 0xd5, 0xf1, 0xb8, 0x65, 0x1e, 0x4f, 0xa3, 0xf0, 0xff, 0xff, 0xff, 0xff, 0xff, 0xff, 0xff, /* row  4 0x34 */
    0xff, 0xff, 0xff, 0xfb, 0xde, 0xa3, 0x62, 0x55, 0x84, 0xc7, 0xf1, 0xfe, 0xff, 0xf9, 0xb9, 0x65, 0x1e, 0x4f, 0xa3, 0xf0, 0xff, 0xff, 0xff, 0xff, 0xff, 0xff, 0xff, /* row  5 0x34 */
    0xff, 0xff, 0xfd, 0xe4, 0xa7, 0x68, 0x3f, 0x3b, 0x3b, 0x3b, 0x3b, 0x3b, 0x3b, 0x3a, 0x2b, 0x18, 0x07, 0x13, 0x26, 0x3d, 0x74, 0xb5, 0xf1, 0xff, 0xff, 0xff, 0xff, /* row  6 0x34 */
    0xff, 0xff, 0xff, 0xff, 0xff, 0xff, 0xff, 0xff, 0xff, 0xff, 0xff, 0xff, 0xff, 0xf9, 0xb9, 0x65, 0x1e, 0x4f, 0xa3, 0xf0, 0xff, 0xff, 0xff, 0xff, 0xff, 0xff, 0xff, /* row  7 0x34 */
    0xff, 0xff, 0xff, 0xff, 0xff, 0xff, 0xff, 0xff, 0xff, 0xff, 0xff, 0xff, 0xff, 0xf9, 0xb9, 0x65, 0x1e, 0x4f, 0xa3, 0xf0, 0xff, 0xff, 0xff, 0xff, 0xff, 0xff, 0xff, /* row  8 0x34 */
    0xff, 0xff, 0xff, 0xff, 0xff, 0xff, 0xff, 0xff, 0xff, 0xff, 0xff, 0xff, 0xff, 0xff, 0xff, 0xff, 0xff, 0xff, 0xff, 0xff, 0xff, 0xff, 0xff, 0xff, 0xff, 0xff, 0xff, /* row  9 0x34 */
    0xff, 0xff, 0xff, 0xff, 0xff, 0xff, 0xff, 0xff, 0xff, 0xff, 0xff, 0xff, 0xff, 0xff, 0xff, 0xff, 0xff, 0xff, 0xff, 0xff, 0xff, 0xff, 0xff, 0xff, 0xff, 0xff, 0xff, /* row 10 0x34 */
    0xff, 0xff, 0xff, 0xff, 0xff, 0xff, 0xff, 0xff, 0xff, 0xff, 0xff, 0xff, 0xff, 0xff, 0xff, 0xff, 0xff, 0xff, 0xff, 0xff, 0xff, 0xff, 0xff, 0xff, 0xff, 0xff, 0xff, /* row 11 0x34 */
};

static const unsigned char g_font_px35[FONT_STRIP_W * FONT_STRIP_H * 3] = {
    0xff, 0xff, 0xff, 0xff, 0xff, 0xff, 0xff, 0xff, 0xff, 0xff, 0xff, 0xff, 0xff, 0xff, 0xff, 0xff, 0xff, 0xff, 0xff, 0xff, 0xff, 0xff, 0xff, 0xff, 0xff, 0xff, 0xff, /* row  0 0x35 */
    0xff, 0xff, 0xff, 0xff, 0xff, 0xff, 0xff, 0xff, 0xff, 0xff, 0xff, 0xff, 0xff, 0xff, 0xff, 0xff, 0xff, 0xff, 0xff, 0xff, 0xff, 0xff, 0xff, 0xff, 0xff, 0xff, 0xff, /* row  1 0x35 */
    0xff, 0xff, 0xff, 0xff, 0xfa, 0xc5, 0x72, 0x24, 0x14, 0x24, 0x34, 0x37, 0x37, 0x37, 0x37, 0x37, 0x37, 0x3b, 0x62, 0xa2, 0xe1, 0xfd, 0xff, 0xff, 0xff, 0xff, 0xff, /* row  2 0x35 */
    0xff, 0xff, 0xff, 0xff, 0xf8, 0xb2, 0x5e, 0x20, 0x5f, 0xb3, 0xf8, 0xff, 0xff, 0xff, 0xff, 0xff, 0xff, 0xff, 0xff, 0xff, 0xff, 0xff, 0xff, 0xff, 0xff, 0xff, 0xff, /* row  3 0x35 */
    0xff, 0xff, 0xff, 0xfe, 0xeb, 0x9d, 0x4a, 0x0d, 0x14, 0x25, 0x31, 0x34, 0x32, 0x2c, 0x24, 0x26, 0x3b, 0x67, 0xa5, 0xd9, 0xf9, 0xff, 0xff, 0xff, 0xff, 0xff, 0xff, /* row  4 0x35 */
    0xff, 0xff, 0xff, 0xff, 0xff, 0xff, 0xff, 0xff, 0xff, 0xff, 0xff, 0xff, 0xff, 0xff, 0xf8, 0xdb, 0x97, 0x4b, 0x1d, 0x48, 0x99, 0xe4, 0xfd, 0xff, 0xff, 0xff, 0xff, /* row  5 0x35 */
    0xff, 0xff, 0xff, 0xff, 0xff, 0xff, 0xff, 0xff, 0xff, 0xff, 0xff, 0xff, 0xff, 0xff, 0xff, 0xfd, 0xdc, 0x8d, 0x3d, 0x29, 0x74, 0xc7, 0xfa, 0xff, 0xff, 0xff, 0xff, /* row  6 0x35 */
    0xff, 0xff, 0xff, 0xfc, 0xd4, 0x88, 0x3c, 0x2f, 0x6a, 0xb9, 0xed, 0xfe, 0xff, 0xff, 0xf6, 0xd6, 0x8f, 0x44, 0x20, 0x56, 0xa8, 0xec, 0xfe, 0xff, 0xff, 0xff, 0xff, /* row  7 0x35 */
    0xff, 0xff, 0xff, 0xff, 0xfe, 0xee, 0xc4, 0x89, 0x53, 0x32, 0x27, 0x29, 0x2e, 0x2d, 0x2a, 0x31, 0x49, 0x79, 0xb4, 0xe3, 0xfc, 0xff, 0xff, 0xff, 0xff, 0xff, 0xff, /* row  8 0x35 */
    0xff, 0xff, 0xff, 0xff, 0xff, 0xff, 0xff, 0xff, 0xff, 0xff, 0xff, 0xff, 0xff, 0xff, 0xff, 0xff, 0xff, 0xff, 0xff, 0xff, 0xff, 0xff, 0xff, 0xff, 0xff, 0xff, 0xff, /* row  9 0x35 */
    0xff, 0xff, 0xff, 0xff, 0xff, 0xff, 0xff, 0xff, 0xff, 0xff, 0xff, 0xff, 0xff, 0xff, 0xff, 0xff, 0xff, 0xff, 0xff, 0xff, 0xff, 0xff, 0xff, 0xff, 0xff, 0xff, 0xff, /* row 10 0x35 */
    0xff, 0xff, 0xff, 0xff, 0xff, 0xff, 0xff, 0xff, 0xff, 0xff, 0xff, 0xff, 0xff, 0xff, 0xff, 0xff, 0xff, 0xff, 0xff, 0xff, 0xff, 0xff, 0xff, 0xff, 0xff, 0xff, 0xff, /* row 11 0x35 */
};

static const unsigned char g_font_px36[FONT_STRIP_W * FONT_STRIP_H * 3] = {
    0xff, 0xff, 0xff, 0xff, 0xff, 0xff, 0xff, 0xff, 0xff, 0xff, 0xff, 0xff, 0xff, 0xff, 0xff, 0xff, 0xff, 0xff, 0xff, 0xff, 0xff, 0xff, 0xff, 0xff, 0xff, 0xff, 0xff, /* row  0 0x36 */
    0xff, 0xff, 0xff, 0xff, 0xff, 0xff, 0xff, 0xff, 0xff, 0xff, 0xff, 0xff, 0xff, 0xff, 0xff, 0xff, 0xff, 0xff, 0xff, 0xff, 0xff, 0xff, 0xff, 0xff, 0xff, 0xff, 0xff, /* row  1 0x36 */
    0xff, 0xff, 0xff, 0xff, 0xff, 0xff, 0xf8, 0xd9, 0xa5, 0x69, 0x3e, 0x2e, 0x2e, 0x33, 0x2f, 0x31, 0x45, 0x79, 0xb9, 0xe9, 0xfe, 0xff, 0xff, 0xff, 0xff, 0xff, 0xff, /* row  2 0x36 */
    0xff, 0xff, 0xff, 0xff, 0xfd, 0xdb, 0x90, 0x3f, 0x1f, 0x50, 0x9f, 0xe1, 0xfc, 0xff, 0xfa, 0xd7, 0x8b, 0x45, 0x3f, 0x88, 0xd3, 0xfc, 0xff, 0xff, 0xff, 0xff, 0xff, /* row  3 0x36 */
    0xff, 0xff, 0xff, 0xfe, 0xe5, 0x96, 0x44, 0x1e, 0x64, 0xb8, 0xf7, 0xff, 0xff, 0xff, 0xff, 0xff, 0xff, 0xff, 0xff, 0xff, 0xff, 0xff, 0xff, 0xff, 0xff, 0xff, 0xff, /* row  4 0x36 */
    0xff, 0xff, 0xff, 0xfb, 0xd0, 0x7e, 0x32, 0x30, 0x57, 0x70, 0x61, 0x4c, 0x43, 0x3c, 0x33, 0x2a, 0x30, 0x4c, 0x82, 0xbf, 0xeb, 0xfe, 0xff, 0xff, 0xff, 0xff, 0xff, /* row  5 0x36 */
    0xff, 0xff, 0xff, 0xfd, 0xdc, 0x8c, 0x3b, 0x19, 0x55, 0xa7, 0xea, 0xfe, 0xff, 0xff, 0xff, 0xf3, 0xbf, 0x6e, 0x29, 0x35, 0x84, 0xd5, 0xfc, 0xff, 0xff, 0xff, 0xff, /* row  6 0x36 */
    0xff, 0xff, 0xff, 0xff, 0xfa, 0xcc, 0x7c, 0x36, 0x44, 0x8d, 0xd7, 0xf8, 0xff, 0xff, 0xfe, 0xf0, 0xba, 0x69, 0x27, 0x3b, 0x8b, 0xda, 0xfc, 0xff, 0xff, 0xff, 0xff, /* row  7 0x36 */
    0xff, 0xff, 0xff, 0xff, 0xff, 0xfe, 0xf1, 0xc9, 0x90, 0x58, 0x39, 0x2f, 0x32, 0x33, 0x2e, 0x2b, 0x36, 0x57, 0x8f, 0xc9, 0xf1, 0xfe, 0xff, 0xff, 0xff, 0xff, 0xff, /* row  8 0x36 */
    0xff, 0xff, 0xff, 0xff, 0xff, 0xff, 0xff, 0xff, 0xff, 0xff, 0xff, 0xff, 0xff, 0xff, 0xff, 0xff, 0xff, 0xff, 0xff, 0xff, 0xff, 0xff, 0xff, 0xff, 0xff, 0xff, 0xff, /* row  9 0x36 */
    0xff, 0xff, 0xff, 0xff, 0xff, 0xff, 0xff, 0xff, 0xff, 0xff, 0xff, 0xff, 0xff, 0xff, 0xff, 0xff, 0xff, 0xff, 0xff, 0xff, 0xff, 0xff, 0xff, 0xff, 0xff, 0xff, 0xff, /* row 10 0x36 */
    0xff, 0xff, 0xff, 0xff, 0xff, 0xff, 0xff, 0xff, 0xff, 0xff, 0xff, 0xff, 0xff, 0xff, 0xff, 0xff, 0xff, 0xff, 0xff, 0xff, 0xff, 0xff, 0xff, 0xff, 0xff, 0xff, 0xff, /* row 11 0x36 */
};

static const unsigned char g_font_px37[FONT_STRIP_W * FONT_STRIP_H * 3] = {
    0xff, 0xff, 0xff, 0xff, 0xff, 0xff, 0xff, 0xff, 0xff, 0xff, 0xff, 0xff, 0xff, 0xff, 0xff, 0xff, 0xff, 0xff, 0xff, 0xff, 0xff, 0xff, 0xff, 0xff, 0xff, 0xff, 0xff, /* row  0 0x37 */
    0xff, 0xff, 0xff, 0xff, 0xff, 0xff, 0xff, 0xff, 0xff, 0xff, 0xff, 0xff, 0xff, 0xff, 0xff, 0xff, 0xff, 0xff, 0xff, 0xff, 0xff, 0xff, 0xff, 0xff, 0xff, 0xff, 0xff, /* row  1 0x37 */
    0xff, 0xff, 0xff, 0xfd, 0xdd, 0x9e, 0x5e, 0x3b, 0x37, 0x37, 0x37, 0x37, 0x37, 0x37, 0x37, 0x36, 0x29, 0x17, 0x0e, 0x4b, 0x9f, 0xeb, 0xfe, 0xff, 0xff, 0xff, 0xff, /* row  2 0x37 */
    0xff, 0xff, 0xff, 0xff, 0xff, 0xff, 0xff, 0xff, 0xff, 0xff, 0xff, 0xff, 0xff, 0xfd, 0xe2, 0xa1, 0x55, 0x3f, 0x73, 0xc1, 0xf2, 0xff, 0xff, 0xff, 0xff, 0xff, 0xff, /* row  3 0x37 */
    0xff, 0xff, 0xff, 0xff, 0xff, 0xff, 0xff, 0xff, 0xff, 0xff, 0xff, 0xfe, 0xe8, 0xa8, 0x59, 0x35, 0x66, 0xb6, 0xef, 0xfe, 0xff, 0xff, 0xff, 0xff, 0xff, 0xff, 0xff, /* row  4 0x37 */
    0xff, 0xff, 0xff, 0xff, 0xff, 0xff, 0xff, 0xff, 0xff, 0xff, 0xf8, 0xc6, 0x75, 0x31, 0x43, 0x92, 0xdd, 0xfd, 0xff, 0xff, 0xff, 0xff, 0xff, 0xff, 0xff, 0xff, 0xff, /* row  5 0x37 */
    0xff, 0xff, 0xff, 0xff, 0xff, 0xff, 0xff, 0xff, 0xff, 0xf1, 0xb0, 0x5d, 0x24, 0x54, 0xa6, 0xec, 0xfe, 0xff, 0xff, 0xff, 0xff, 0xff, 0xff, 0xff, 0xff, 0xff, 0xff, /* row  6 0x37 */
    0xff, 0xff, 0xff, 0xff, 0xff, 0xff, 0xff, 0xff, 0xf7, 0xb7, 0x63, 0x1e, 0x49, 0x9c, 0xe9, 0xfe, 0xff, 0xff, 0xff, 0xff, 0xff, 0xff, 0xff, 0xff, 0xff, 0xff, 0xff, /* row  7 0x37 */
    0xff, 0xff, 0xff, 0xff, 0xff, 0xff, 0xff, 0xfd, 0xde, 0x8e, 0x3e, 0x24, 0x6e, 0xc1, 0xfa, 0xff, 0xff, 0xff, 0xff, 0xff, 0xff, 0xff, 0xff, 0xff, 0xff, 0xff, 0xff, /* row  8 0x37 */
    0xff, 0xff, 0xff, 0xff, 0xff, 0xff, 0xff, 0xff, 0xff, 0xff, 0xff, 0xff, 0xff, 0xff, 0xff, 0xff, 0xff, 0xff, 0xff, 0xff, 0xff, 0xff, 0xff, 0xff, 0xff, 0xff, 0xff, /* row  9 0x37 */
    0xff, 0xff, 0xff, 0xff, 0xff, 0xff, 0xff, 0xff, 0xff, 0xff, 0xff, 0xff, 0xff, 0xff, 0xff, 0xff, 0xff, 0xff, 0xff, 0xff, 0xff, 0xff, 0xff, 0xff, 0xff, 0xff, 0xff, /* row 10 0x37 */
    0xff, 0xff, 0xff, 0xff, 0xff, 0xff, 0xff, 0xff, 0xff, 0xff, 0xff, 0xff, 0xff, 0xff, 0xff, 0xff, 0xff, 0xff, 0xff, 0xff, 0xff, 0xff, 0xff, 0xff, 0xff, 0xff, 0xff, /* row 11 0x37 */
};

static const unsigned char g_font_px38[FONT_STRIP_W * FONT_STRIP_H * 3] = {
    0xff, 0xff, 0xff, 0xff, 0xff, 0xff, 0xff, 0xff, 0xff, 0xff, 0xff, 0xff, 0xff, 0xff, 0xff, 0xff, 0xff, 0xff, 0xff, 0xff, 0xff, 0xff, 0xff, 0xff, 0xff, 0xff, 0xff, /* row  0 0x38 */
    0xff, 0xff, 0xff, 0xff, 0xff, 0xff, 0xff, 0xff, 0xff, 0xff, 0xff, 0xff, 0xff, 0xff, 0xff, 0xff, 0xff, 0xff, 0xff, 0xff, 0xff, 0xff, 0xff, 0xff, 0xff, 0xff, 0xff, /* row  1 0x38 */
    0xff, 0xff, 0xff, 0xff, 0xff, 0xf4, 0xcf, 0x99, 0x61, 0x43, 0x3c, 0x41, 0x46, 0x45, 0x3e, 0x3a, 0x46, 0x6b, 0xa7, 0xda, 0xf9, 0xff, 0xff, 0xff, 0xff, 0xff, 0xff, /* row  2 0x38 */
    0xff, 0xff, 0xff, 0xfe, 0xea, 0x9e, 0x4c, 0x20, 0x5f, 0xb2, 0xf2, 0xff, 0xff, 0xff, 0xfe, 0xe6, 0x98, 0x46, 0x1a, 0x60, 0xb4, 0xf8, 0xff, 0xff, 0xff, 0xff, 0xff, /* row  3 0x38 */
    0xff, 0xff, 0xff, 0xff, 0xf6, 0xc2, 0x74, 0x32, 0x42, 0x82, 0xc7, 0xea, 0xf8, 0xf8, 0xe8, 0xbc, 0x71, 0x37, 0x3b, 0x88, 0xd3, 0xfc, 0xff, 0xff, 0xff, 0xff, 0xff, /* row  4 0x38 */
    0xff, 0xff, 0xff, 0xff, 0xff, 0xf6, 0xd7, 0x9d, 0x58, 0x2e, 0x26, 0x34, 0x3e, 0x3d, 0x30, 0x27, 0x34, 0x64, 0xa7, 0xdd, 0xf8, 0xff, 0xff, 0xff, 0xff, 0xff, 0xff, /* row  5 0x38 */
    0xff, 0xff, 0xff, 0xfc, 0xd1, 0x81, 0x34, 0x32, 0x7a, 0xcb, 0xf7, 0xff, 0xff, 0xff, 0xff, 0xf4, 0xbd, 0x6b, 0x29, 0x41, 0x91, 0xde, 0xfd, 0xff, 0xff, 0xff, 0xff, /* row  6 0x38 */
    0xff, 0xff, 0xff, 0xfb, 0xca, 0x78, 0x2b, 0x2e, 0x78, 0xc9, 0xf7, 0xff, 0xff, 0xff, 0xff, 0xf4, 0xbb, 0x69, 0x24, 0x3b, 0x8b, 0xda, 0xfc, 0xff, 0xff, 0xff, 0xff, /* row  7 0x38 */
    0xff, 0xff, 0xff, 0xff, 0xfe, 0xe9, 0xbb, 0x80, 0x50, 0x3a, 0x39, 0x41, 0x46, 0x46, 0x41, 0x3a, 0x3e, 0x58, 0x8d, 0xc7, 0xef, 0xfe, 0xff, 0xff, 0xff, 0xff, 0xff, /* row  8 0x38 */
    0xff, 0xff, 0xff, 0xff, 0xff, 0xff, 0xff, 0xff, 0xff, 0xff, 0xff, 0xff, 0xff, 0xff, 0xff, 0xff, 0xff, 0xff, 0xff, 0xff, 0xff, 0xff, 0xff, 0xff, 0xff, 0xff, 0xff, /* row  9 0x38 */
    0xff, 0xff, 0xff, 0xff, 0xff, 0xff, 0xff, 0xff, 0xff, 0xff, 0xff, 0xff, 0xff, 0xff, 0xff, 0xff, 0xff, 0xff, 0xff, 0xff, 0xff, 0xff, 0xff, 0xff, 0xff, 0xff, 0xff, /* row 10 0x38 */
    0xff, 0xff, 0xff, 0xff, 0xff, 0xff, 0xff, 0xff, 0xff, 0xff, 0xff, 0xff, 0xff, 0xff, 0xff, 0xff, 0xff, 0xff, 0xff, 0xff, 0xff, 0xff, 0xff, 0xff, 0xff, 0xff, 0xff, /* row 11 0x38 */
};

static const unsigned char g_font_px39[FONT_STRIP_W * FONT_STRIP_H * 3] = {
    0xff, 0xff, 0xff, 0xff, 0xff, 0xff, 0xff, 0xff, 0xff, 0xff, 0xff, 0xff, 0xff, 0xff, 0xff, 0xff, 0xff, 0xff, 0xff, 0xff, 0xff, 0xff, 0xff, 0xff, 0xff, 0xff, 0xff, /* row  0 0x39 */
    0xff, 0xff, 0xff, 0xff, 0xff, 0xff, 0xff, 0xff, 0xff, 0xff, 0xff, 0xff, 0xff, 0xff, 0xff, 0xff, 0xff, 0xff, 0xff, 0xff, 0xff, 0xff, 0xff, 0xff, 0xff, 0xff, 0xff, /* row  1 0x39 */
    0xff, 0xff, 0xff, 0xff, 0xfe, 0xed, 0xc4, 0x8a, 0x55, 0x36, 0x2c, 0x2f, 0x33, 0x31, 0x2d, 0x34, 0x50, 0x87, 0xc3, 0xee, 0xfe, 0xff, 0xff, 0xff, 0xff, 0xff, 0xff, /* row  2 0x39 */
    0xff, 0xff, 0xff, 0xfc, 0xd3, 0x82, 0x33, 0x2a, 0x6e, 0xbf, 0xf1, 0xfe, 0xff, 0xff, 0xf8, 0xd7, 0x8c, 0x42, 0x32, 0x78, 0xc9, 0xfa, 0xff, 0xff, 0xff, 0xff, 0xff, /* row  3 0x39 */
    0xff, 0xff, 0xff, 0xfc, 0xd1, 0x80, 0x32, 0x2b, 0x70, 0xc1, 0xf2, 0xff, 0xff, 0xff, 0xfd, 0xe7, 0xa3, 0x51, 0x17, 0x3c, 0x8e, 0xde, 0xfd, 0xff, 0xff, 0xff, 0xff, /* row  4 0x39 */
    0xff, 0xff, 0xff, 0xff, 0xfe, 0xea, 0xbc, 0x7e, 0x48, 0x2c, 0x26, 0x2f, 0x3a, 0x43, 0x4e, 0x66, 0x73, 0x58, 0x2e, 0x34, 0x81, 0xd2, 0xfc, 0xff, 0xff, 0xff, 0xff, /* row  5 0x39 */
    0xff, 0xff, 0xff, 0xff, 0xff, 0xff, 0xff, 0xff, 0xff, 0xff, 0xff, 0xff, 0xff, 0xff, 0xff, 0xf5, 0xb2, 0x5e, 0x1a, 0x46, 0x99, 0xe7, 0xfe, 0xff, 0xff, 0xff, 0xff, /* row  6 0x39 */
    0xff, 0xff, 0xff, 0xff, 0xf7, 0xc0, 0x72, 0x34, 0x51, 0x9c, 0xe3, 0xfd, 0xff, 0xfb, 0xde, 0x9a, 0x4b, 0x1e, 0x43, 0x94, 0xde, 0xfd, 0xff, 0xff, 0xff, 0xff, 0xff, /* row  7 0x39 */
    0xff, 0xff, 0xff, 0xff, 0xff, 0xfa, 0xdc, 0xa3, 0x61, 0x35, 0x28, 0x2c, 0x31, 0x2d, 0x2e, 0x40, 0x6c, 0xa9, 0xdc, 0xf9, 0xff, 0xff, 0xff, 0xff, 0xff, 0xff, 0xff, /* row  8 0x39 */
    0xff, 0xff, 0xff, 0xff, 0xff, 0xff, 0xff, 0xff, 0xff, 0xff, 0xff, 0xff, 0xff, 0xff, 0xff, 0xff, 0xff, 0xff, 0xff, 0xff, 0xff, 0xff, 0xff, 0xff, 0xff, 0xff, 0xff, /* row  9 0x39 */
    0xff, 0xff, 0xff, 0xff, 0xff, 0xff, 0xff, 0xff, 0xff, 0xff, 0xff, 0xff, 0xff, 0xff, 0xff, 0xff, 0xff, 0xff, 0xff, 0xff, 0xff, 0xff, 0xff, 0xff, 0xff, 0xff, 0xff, /* row 10 0x39 */
    0xff, 0xff, 0xff, 0xff, 0xff, 0xff, 0xff, 0xff, 0xff, 0xff, 0xff, 0xff, 0xff, 0xff, 0xff, 0xff, 0xff, 0xff, 0xff, 0xff, 0xff, 0xff, 0xff, 0xff, 0xff, 0xff, 0xff, /* row 11 0x39 */
};

static const unsigned char g_font_px3a[FONT_STRIP_W * FONT_STRIP_H * 3] = {
    0xff, 0xff, 0xff, 0xff, 0xff, 0xff, 0xff, 0xff, 0xff, 0xff, 0xff, 0xff, 0xff, 0xff, 0xff, 0xff, 0xff, 0xff, 0xff, 0xff, 0xff, 0xff, 0xff, 0xff, 0xff, 0xff, 0xff, /* row  0 0x3a */
    0xff, 0xff, 0xff, 0xff, 0xff, 0xff, 0xff, 0xff, 0xff, 0xff, 0xff, 0xff, 0xff, 0xff, 0xff, 0xff, 0xff, 0xff, 0xff, 0xff, 0xff, 0xff, 0xff, 0xff, 0xff, 0xff, 0xff, /* row  1 0x3a */
    0xff, 0xff, 0xff, 0xff, 0xff, 0xff, 0xff, 0xff, 0xff, 0xff, 0xff, 0xff, 0xff, 0xff, 0xff, 0xff, 0xff, 0xff, 0xff, 0xff, 0xff, 0xff, 0xff, 0xff, 0xff, 0xff, 0xff, /* row  2 0x3a */
    0xff, 0xff, 0xff, 0xff, 0xff, 0xff, 0xff, 0xff, 0xff, 0xf8, 0xac, 0x56, 0x0b, 0x1a, 0x69, 0xbd, 0xf9, 0xff, 0xff, 0xff, 0xff, 0xff, 0xff, 0xff, 0xff, 0xff, 0xff, /* row  3 0x3a */
    0xff, 0xff, 0xff, 0xff, 0xff, 0xff, 0xff, 0xff, 0xff, 0xf8, 0xac, 0x56, 0x0b, 0x1a, 0x69, 0xbd, 0xf9, 0xff, 0xff, 0xff, 0xff, 0xff, 0xff, 0xff, 0xff, 0xff, 0xff, /* row  4 0x3a */
    0xff, 0xff, 0xff, 0xff, 0xff, 0xff, 0xff, 0xff, 0xff, 0xff, 0xff, 0xff, 0xff, 0xff, 0xff, 0xff, 0xff, 0xff, 0xff, 0xff, 0xff, 0xff, 0xff, 0xff, 0xff, 0xff, 0xff, /* row  5 0x3a */
    0xff, 0xff, 0xff, 0xff, 0xff, 0xff, 0xff, 0xff, 0xff, 0xff, 0xff, 0xff, 0xff, 0xff, 0xff, 0xff, 0xff, 0xff, 0xff, 0xff, 0xff, 0xff, 0xff, 0xff, 0xff, 0xff, 0xff, /* row  6 0x3a */
    0xff, 0xff, 0xff, 0xff, 0xff, 0xff, 0xff, 0xff, 0xff, 0xf8, 0xac, 0x56, 0x0b, 0x1a, 0x69, 0xbd, 0xf9, 0xff, 0xff, 0xff, 0xff, 0xff, 0xff, 0xff, 0xff, 0xff, 0xff, /* row  7 0x3a */
    0xff, 0xff, 0xff, 0xff, 0xff, 0xff, 0xff, 0xff, 0xff, 0xf8, 0xac, 0x56, 0x0b, 0x1a, 0x69, 0xbd, 0xf9, 0xff, 0xff, 0xff, 0xff, 0xff, 0xff, 0xff, 0xff, 0xff, 0xff, /* row  8 0x3a */
    0xff, 0xff, 0xff, 0xff, 0xff, 0xff, 0xff, 0xff, 0xff, 0xff, 0xff, 0xff, 0xff, 0xff, 0xff, 0xff, 0xff, 0xff, 0xff, 0xff, 0xff, 0xff, 0xff, 0xff, 0xff, 0xff, 0xff, /* row  9 0x3a */
    0xff, 0xff, 0xff, 0xff, 0xff, 0xff, 0xff, 0xff, 0xff, 0xff, 0xff, 0xff, 0xff, 0xff, 0xff, 0xff, 0xff, 0xff, 0xff, 0xff, 0xff, 0xff, 0xff, 0xff, 0xff, 0xff, 0xff, /* row 10 0x3a */
    0xff, 0xff, 0xff, 0xff, 0xff, 0xff, 0xff, 0xff, 0xff, 0xff, 0xff, 0xff, 0xff, 0xff, 0xff, 0xff, 0xff, 0xff, 0xff, 0xff, 0xff, 0xff, 0xff, 0xff, 0xff, 0xff, 0xff, /* row 11 0x3a */
};

static const unsigned char g_font_px3b[FONT_STRIP_W * FONT_STRIP_H * 3] = {
    0xff, 0xff, 0xff, 0xff, 0xff, 0xff, 0xff, 0xff, 0xff, 0xff, 0xff, 0xff, 0xff, 0xff, 0xff, 0xff, 0xff, 0xff, 0xff, 0xff, 0xff, 0xff, 0xff, 0xff, 0xff, 0xff, 0xff, /* row  0 0x3b */
    0xff, 0xff, 0xff, 0xff, 0xff, 0xff, 0xff, 0xff, 0xff, 0xff, 0xff, 0xff, 0xff, 0xff, 0xff, 0xff, 0xff, 0xff, 0xff, 0xff, 0xff, 0xff, 0xff, 0xff, 0xff, 0xff, 0xff, /* row  1 0x3b */
    0xff, 0xff, 0xff, 0xff, 0xff, 0xff, 0xff, 0xff, 0xff, 0xff, 0xff, 0xff, 0xff, 0xff, 0xff, 0xff, 0xff, 0xff, 0xff, 0xff, 0xff, 0xff, 0xff, 0xff, 0xff, 0xff, 0xff, /* row  2 0x3b */
    0xff, 0xff, 0xff, 0xff, 0xff, 0xff, 0xff, 0xff, 0xff, 0xf8, 0xac, 0x56, 0x0b, 0x1a, 0x69, 0xbd, 0xf9, 0xff, 0xff, 0xff, 0xff, 0xff, 0xff, 0xff, 0xff, 0xff, 0xff, /* row  3 0x3b */
    0xff, 0xff, 0xff, 0xff, 0xff, 0xff, 0xff, 0xff, 0xff, 0xf8, 0xac, 0x56, 0x0b, 0x1a, 0x69, 0xbd, 0xf9, 0xff, 0xff, 0xff, 0xff, 0xff, 0xff, 0xff, 0xff, 0xff, 0xff, /* row  4 0x3b */
    0xff, 0xff, 0xff, 0xff, 0xff, 0xff, 0xff, 0xff, 0xff, 0xff, 0xff, 0xff, 0xff, 0xff, 0xff, 0xff, 0xff, 0xff, 0xff, 0xff, 0xff, 0xff, 0xff, 0xff, 0xff, 0xff, 0xff, /* row  5 0x3b */
    0xff, 0xff, 0xff, 0xff, 0xff, 0xff, 0xff, 0xff, 0xff, 0xff, 0xff, 0xff, 0xff, 0xff, 0xff, 0xff, 0xff, 0xff, 0xff, 0xff, 0xff, 0xff, 0xff, 0xff, 0xff, 0xff, 0xff, /* row  6 0x3b */
    0xff, 0xff, 0xff, 0xff, 0xff, 0xff, 0xff, 0xff, 0xff, 0xf4, 0xae, 0x5a, 0x12, 0x13, 0x54, 0xa7, 0xec, 0xfe, 0xff, 0xff, 0xff, 0xff, 0xff, 0xff, 0xff, 0xff, 0xff, /* row  7 0x3b */
    0xff, 0xff, 0xff, 0xff, 0xff, 0xff, 0xff, 0xff, 0xfa, 0xc7, 0x74, 0x27, 0x21, 0x69, 0xbb, 0xf5, 0xff, 0xff, 0xff, 0xff, 0xff, 0xff, 0xff, 0xff, 0xff, 0xff, 0xff, /* row  8 0x3b */
    0xff, 0xff, 0xff, 0xff, 0xff, 0xff, 0xff, 0xfd, 0xe0, 0x90, 0x42, 0x33, 0x7e, 0xcf, 0xfb, 0xff, 0xff, 0xff, 0xff, 0xff, 0xff, 0xff, 0xff, 0xff, 0xff, 0xff, 0xff, /* row  9 0x3b */
    0xff, 0xff, 0xff, 0xff, 0xff, 0xff, 0xff, 0xf2, 0xab, 0x60, 0x4f, 0x94, 0xe0, 0xfd, 0xff, 0xff, 0xff, 0xff, 0xff, 0xff, 0xff, 0xff, 0xff, 0xff, 0xff, 0xff, 0xff, /* row 10 0x3b */
    0xff, 0xff, 0xff, 0xff, 0xff, 0xff, 0xff, 0xff, 0xff, 0xff, 0xff, 0xff, 0xff, 0xff, 0xff, 0xff, 0xff, 0xff, 0xff, 0xff, 0xff, 0xff, 0xff, 0xff, 0xff, 0xff, 0xff, /* row 11 0x3b */
};

static const unsigned char g_font_px3c[FONT_STRIP_W * FONT_STRIP_H * 3] = {
    0xff, 0xff, 0xff, 0xff, 0xff, 0xff, 0xff, 0xff, 0xff, 0xff, 0xff, 0xff, 0xff, 0xff, 0xff, 0xff, 0xff, 0xff, 0xff, 0xff, 0xff, 0xff, 0xff, 0xff, 0xff, 0xff, 0xff, /* row  0 0x3c */
    0xff, 0xff, 0xff, 0xff, 0xff, 0xff, 0xff, 0xff, 0xff, 0xff, 0xff, 0xff, 0xff, 0xff, 0xff, 0xff, 0xff, 0xff, 0xff, 0xff, 0xff, 0xff, 0xff, 0xff, 0xff, 0xff, 0xff, /* row  1 0x3c */
    0xff, 0xff, 0xff, 0xff, 0xff, 0xff, 0xff, 0xff, 0xff, 0xff, 0xff, 0xff, 0xff, 0xff, 0xff, 0xff, 0xff, 0xff, 0xff, 0xff, 0xff, 0xff, 0xff, 0xff, 0xff, 0xff, 0xff, /* row  2 0x3c */
    0xff, 0xff, 0xff, 0xff, 0xff, 0xff, 0xff, 0xff, 0xff, 0xff, 0xff, 0xfe, 0xf6, 0xe4, 0xc8, 0xa9, 0x8a, 0x6b, 0x4f, 0x47, 0x7d, 0xc1, 0xfa, 0xff, 0xff, 0xff, 0xff, /* row  3 0x3c */
    0xff, 0xff, 0xff, 0xfe, 0xf4, 0xdf, 0xc1, 0xa2, 0x83, 0x64, 0x49, 0x39, 0x3a, 0x4c, 0x68, 0x86, 0xa6, 0xc5, 0xe1, 0xf5, 0xfe, 0xff, 0xff, 0xff, 0xff, 0xff, 0xff, /* row  4 0x3c */
    0xff, 0xff, 0xfe, 0xee, 0xa0, 0x4c, 0x12, 0x28, 0x5a, 0x96, 0xcc, 0xef, 0xfe, 0xff, 0xff, 0xff, 0xff, 0xff, 0xff, 0xff, 0xff, 0xff, 0xff, 0xff, 0xff, 0xff, 0xff, /* row  5 0x3c */
    0xff, 0xff, 0xff, 0xfe, 0xf2, 0xdc, 0xbe, 0x9e, 0x7f, 0x61, 0x46, 0x36, 0x38, 0x4a, 0x67, 0x85, 0xa4, 0xc3, 0xe0, 0xf4, 0xfe, 0xff, 0xff, 0xff, 0xff, 0xff, 0xff, /* row  6 0x3c */
    0xff, 0xff, 0xff, 0xff, 0xff, 0xff, 0xff, 0xff, 0xff, 0xff, 0xff, 0xfe, 0xf5, 0xe2, 0xc5, 0xa6, 0x87, 0x69, 0x4d, 0x44, 0x7b, 0xbf, 0xf9, 0xff, 0xff, 0xff, 0xff, /* row  7 0x3c */
    0xff, 0xff, 0xff, 0xff, 0xff, 0xff, 0xff, 0xff, 0xff, 0xff, 0xff, 0xff, 0xff, 0xff, 0xff, 0xff, 0xff, 0xff, 0xff, 0xff, 0xff, 0xff, 0xff, 0xff, 0xff, 0xff, 0xff, /* row  8 0x3c */
    0xff, 0xff, 0xff, 0xff, 0xff, 0xff, 0xff, 0xff, 0xff, 0xff, 0xff, 0xff, 0xff, 0xff, 0xff, 0xff, 0xff, 0xff, 0xff, 0xff, 0xff, 0xff, 0xff, 0xff, 0xff, 0xff, 0xff, /* row  9 0x3c */
    0xff, 0xff, 0xff, 0xff, 0xff, 0xff, 0xff, 0xff, 0xff, 0xff, 0xff, 0xff, 0xff, 0xff, 0xff, 0xff, 0xff, 0xff, 0xff, 0xff, 0xff, 0xff, 0xff, 0xff, 0xff, 0xff, 0xff, /* row 10 0x3c */
    0xff, 0xff, 0xff, 0xff, 0xff, 0xff, 0xff, 0xff, 0xff, 0xff, 0xff, 0xff, 0xff, 0xff, 0xff, 0xff, 0xff, 0xff, 0xff, 0xff, 0xff, 0xff, 0xff, 0xff, 0xff, 0xff, 0xff, /* row 11 0x3c */
};

static const unsigned char g_font_px3d[FONT_STRIP_W * FONT_STRIP_H * 3] = {
    0xff, 0xff, 0xff, 0xff, 0xff, 0xff, 0xff, 0xff, 0xff, 0xff, 0xff, 0xff, 0xff, 0xff, 0xff, 0xff, 0xff, 0xff, 0xff, 0xff, 0xff, 0xff, 0xff, 0xff, 0xff, 0xff, 0xff, /* row  0 0x3d */
    0xff, 0xff, 0xff, 0xff, 0xff, 0xff, 0xff, 0xff, 0xff, 0xff, 0xff, 0xff, 0xff, 0xff, 0xff, 0xff, 0xff, 0xff, 0xff, 0xff, 0xff, 0xff, 0xff, 0xff, 0xff, 0xff, 0xff, /* row  1 0x3d */
    0xff, 0xff, 0xff, 0xff, 0xff, 0xff, 0xff, 0xff, 0xff, 0xff, 0xff, 0xff, 0xff, 0xff, 0xff, 0xff, 0xff, 0xff, 0xff, 0xff, 0xff, 0xff, 0xff, 0xff, 0xff, 0xff, 0xff, /* row  2 0x3d */
    0xff, 0xff, 0xff, 0xff, 0xff, 0xff, 0xff, 0xff, 0xff, 0xff, 0xff, 0xff, 0xff, 0xff, 0xff, 0xff, 0xff, 0xff, 0xff, 0xff, 0xff, 0xff, 0xff, 0xff, 0xff, 0xff, 0xff, /* row  3 0x3d */
    0xff, 0xff, 0xff, 0xf2, 0xb3, 0x70, 0x39, 0x33, 0x33, 0x33, 0x33, 0x33, 0x33, 0x33, 0x33, 0x33, 0x33, 0x33, 0x34, 0x40, 0x7e, 0xc2, 0xfa, 0xff, 0xff, 0xff, 0xff, /* row  4 0x3d */
    0xff, 0xff, 0xff, 0xff, 0xff, 0xff, 0xff, 0xff, 0xff, 0xff, 0xff, 0xff, 0xff, 0xff, 0xff, 0xff, 0xff, 0xff, 0xff, 0xff, 0xff, 0xff, 0xff, 0xff, 0xff, 0xff, 0xff, /* row  5 0x3d */
    0xff, 0xff, 0xff, 0xf2, 0xb3, 0x70, 0x39, 0x33, 0x33, 0x33, 0x33, 0x33, 0x33, 0x33, 0x33, 0x33, 0x33, 0x33, 0x34, 0x40, 0x7e, 0xc2, 0xfa, 0xff, 0xff, 0xff, 0xff, /* row  6 0x3d */
    0xff, 0xff, 0xff, 0xff, 0xff, 0xff, 0xff, 0xff, 0xff, 0xff, 0xff, 0xff, 0xff, 0xff, 0xff, 0xff, 0xff, 0xff, 0xff, 0xff, 0xff, 0xff, 0xff, 0xff, 0xff, 0xff, 0xff, /* row  7 0x3d */
    0xff, 0xff, 0xff, 0xff, 0xff, 0xff, 0xff, 0xff, 0xff, 0xff, 0xff, 0xff, 0xff, 0xff, 0xff, 0xff, 0xff, 0xff, 0xff, 0xff, 0xff, 0xff, 0xff, 0xff, 0xff, 0xff, 0xff, /* row  8 0x3d */
    0xff, 0xff, 0xff, 0xff, 0xff, 0xff, 0xff, 0xff, 0xff, 0xff, 0xff, 0xff, 0xff, 0xff, 0xff, 0xff, 0xff, 0xff, 0xff, 0xff, 0xff, 0xff, 0xff, 0xff, 0xff, 0xff, 0xff, /* row  9 0x3d */
    0xff, 0xff, 0xff, 0xff, 0xff, 0xff, 0xff, 0xff, 0xff, 0xff, 0xff, 0xff, 0xff, 0xff, 0xff, 0xff, 0xff, 0xff, 0xff, 0xff, 0xff, 0xff, 0xff, 0xff, 0xff, 0xff, 0xff, /* row 10 0x3d */
    0xff, 0xff, 0xff, 0xff, 0xff, 0xff, 0xff, 0xff, 0xff, 0xff, 0xff, 0xff, 0xff, 0xff, 0xff, 0xff, 0xff, 0xff, 0xff, 0xff, 0xff, 0xff, 0xff, 0xff, 0xff, 0xff, 0xff, /* row 11 0x3d */
};

static const unsigned char g_font_px3e[FONT_STRIP_W * FONT_STRIP_H * 3] = {
    0xff, 0xff, 0xff, 0xff, 0xff, 0xff, 0xff, 0xff, 0xff, 0xff, 0xff, 0xff, 0xff, 0xff, 0xff, 0xff, 0xff, 0xff, 0xff, 0xff, 0xff, 0xff, 0xff, 0xff, 0xff, 0xff, 0xff, /* row  0 0x3e */
    0xff, 0xff, 0xff, 0xff, 0xff, 0xff, 0xff, 0xff, 0xff, 0xff, 0xff, 0xff, 0xff, 0xff, 0xff, 0xff, 0xff, 0xff, 0xff, 0xff, 0xff, 0xff, 0xff, 0xff, 0xff, 0xff, 0xff, /* row  1 0x3e */
    0xff, 0xff, 0xff, 0xff, 0xff, 0xff, 0xff, 0xff, 0xff, 0xff, 0xff, 0xff, 0xff, 0xff, 0xff, 0xff, 0xff, 0xff, 0xff, 0xff, 0xff, 0xff, 0xff, 0xff, 0xff, 0xff, 0xff, /* row  2 0x3e */
    0xff, 0xff, 0xff, 0xf1, 0xb2, 0x70, 0x44, 0x54, 0x72, 0x91, 0xb0, 0xcf, 0xe9, 0xf9, 0xff, 0xff, 0xff, 0xff, 0xff, 0xff, 0xff, 0xff, 0xff, 0xff, 0xff, 0xff, 0xff, /* row  3 0x3e */
    0xff, 0xff, 0xff, 0xff, 0xff, 0xfd, 0xf2, 0xdc, 0xbe, 0x9f, 0x80, 0x61, 0x47, 0x38, 0x3b, 0x4e, 0x6b, 0x8a, 0xa9, 0xc9, 0xe5, 0xf7, 0xff, 0xff, 0xff, 0xff, 0xff, /* row  4 0x3e */
    0xff, 0xff, 0xff, 0xff, 0xff, 0xff, 0xff, 0xff, 0xff, 0xff, 0xff, 0xff, 0xff, 0xfc, 0xe9, 0xc1, 0x88, 0x4d, 0x21, 0x16, 0x5d, 0xb2, 0xf8, 0xff, 0xff, 0xff, 0xff, /* row  5 0x3e */
    0xff, 0xff, 0xff, 0xff, 0xff, 0xfc, 0xf0, 0xda, 0xbc, 0x9d, 0x7e, 0x60, 0x45, 0x36, 0x38, 0x4b, 0x68, 0x86, 0xa5, 0xc4, 0xe2, 0xf6, 0xff, 0xff, 0xff, 0xff, 0xff, /* row  6 0x3e */
    0xff, 0xff, 0xff, 0xf1, 0xb1, 0x6d, 0x41, 0x52, 0x70, 0x8e, 0xad, 0xcc, 0xe7, 0xf8, 0xff, 0xff, 0xff, 0xff, 0xff, 0xff, 0xff, 0xff, 0xff, 0xff, 0xff, 0xff, 0xff, /* row  7 0x3e */
    0xff, 0xff, 0xff, 0xff, 0xff, 0xff, 0xff, 0xff, 0xff, 0xff, 0xff, 0xff, 0xff, 0xff, 0xff, 0xff, 0xff, 0xff, 0xff, 0xff, 0xff, 0xff, 0xff, 0xff, 0xff, 0xff, 0xff, /* row  8 0x3e */
    0xff, 0xff, 0xff, 0xff, 0xff, 0xff, 0xff, 0xff, 0xff, 0xff, 0xff, 0xff, 0xff, 0xff, 0xff, 0xff, 0xff, 0xff, 0xff, 0xff, 0xff, 0xff, 0xff, 0xff, 0xff, 0xff, 0xff, /* row  9 0x3e */
    0xff, 0xff, 0xff, 0xff, 0xff, 0xff, 0xff, 0xff, 0xff, 0xff, 0xff, 0xff, 0xff, 0xff, 0xff, 0xff, 0xff, 0xff, 0xff, 0xff, 0xff, 0xff, 0xff, 0xff, 0xff, 0xff, 0xff, /* row 10 0x3e */
    0xff, 0xff, 0xff, 0xff, 0xff, 0xff, 0xff, 0xff, 0xff, 0xff, 0xff, 0xff, 0xff, 0xff, 0xff, 0xff, 0xff, 0xff, 0xff, 0xff, 0xff, 0xff, 0xff, 0xff, 0xff, 0xff, 0xff, /* row 11 0x3e */
};

static const unsigned char g_font_px3f[FONT_STRIP_W * FONT_STRIP_H * 3] = {
    0xff, 0xff, 0xff, 0xff, 0xff, 0xff, 0xff, 0xff, 0xff, 0xff, 0xff, 0xff, 0xff, 0xff, 0xff, 0xff, 0xff, 0xff, 0xff, 0xff, 0xff, 0xff, 0xff, 0xff, 0xff, 0xff, 0xff, /* row  0 0x3f */
    0xff, 0xff, 0xff, 0xff, 0xff, 0xff, 0xff, 0xff, 0xff, 0xff, 0xff, 0xff, 0xff, 0xff, 0xff, 0xff, 0xff, 0xff, 0xff, 0xff, 0xff, 0xff, 0xff, 0xff, 0xff, 0xff, 0xff, /* row  1 0x3f */
    0xff, 0xff, 0xff, 0xff, 0xfb, 0xe0, 0xb1, 0x77, 0x4a, 0x30, 0x27, 0x29, 0x2c, 0x2b, 0x27, 0x2a, 0x3c, 0x61, 0x9a, 0xd0, 0xf4, 0xff, 0xff, 0xff, 0xff, 0xff, 0xff, /* row  2 0x3f */
    0xff, 0xff, 0xfe, 0xec, 0xa8, 0x57, 0x24, 0x4a, 0x94, 0xd9, 0xf7, 0xff, 0xff, 0xff, 0xfc, 0xe5, 0xa0, 0x50, 0x1b, 0x4d, 0xa0, 0xec, 0xfe, 0xff, 0xff, 0xff, 0xff, /* row  3 0x3f */
    0xff, 0xff, 0xff, 0xff, 0xff, 0xff, 0xff, 0xff, 0xff, 0xff, 0xff, 0xff, 0xff, 0xff, 0xf8, 0xd6, 0x8c, 0x40, 0x29, 0x6a, 0xbc, 0xf5, 0xff, 0xff, 0xff, 0xff, 0xff, /* row  4 0x3f */
    0xff, 0xff, 0xff, 0xff, 0xff, 0xff, 0xff, 0xff, 0xff, 0xff, 0xfa, 0xdf, 0xaf, 0x72, 0x48, 0x45, 0x68, 0xa2, 0xd5, 0xf4, 0xff, 0xff, 0xff, 0xff, 0xff, 0xff, 0xff, /* row  5 0x3f */
    0xff, 0xff, 0xff, 0xff, 0xff, 0xff, 0xff, 0xff, 0xfd, 0xdf, 0x94, 0x45, 0x31, 0x6f, 0xbf, 0xf2, 0xff, 0xff, 0xff, 0xff, 0xff, 0xff, 0xff, 0xff, 0xff, 0xff, 0xff, /* row  6 0x3f */
    0xff, 0xff, 0xff, 0xff, 0xff, 0xff, 0xff, 0xff, 0xff, 0xff, 0xff, 0xff, 0xff, 0xff, 0xff, 0xff, 0xff, 0xff, 0xff, 0xff, 0xff, 0xff, 0xff, 0xff, 0xff, 0xff, 0xff, /* row  7 0x3f */
    0xff, 0xff, 0xff, 0xff, 0xff, 0xff, 0xff, 0xff, 0xf9, 0xbb, 0x68, 0x1e, 0x3b, 0x8c, 0xdc, 0xfd, 0xff, 0xff, 0xff, 0xff, 0xff, 0xff, 0xff, 0xff, 0xff, 0xff, 0xff, /* row  8 0x3f */
    0xff, 0xff, 0xff, 0xff, 0xff, 0xff, 0xff, 0xff, 0xff, 0xff, 0xff, 0xff, 0xff, 0xff, 0xff, 0xff, 0xff, 0xff, 0xff, 0xff, 0xff, 0xff, 0xff, 0xff, 0xff, 0xff, 0xff, /* row  9 0x3f */
    0xff, 0xff, 0xff, 0xff, 0xff, 0xff, 0xff, 0xff, 0xff, 0xff, 0xff, 0xff, 0xff, 0xff, 0xff, 0xff, 0xff, 0xff, 0xff, 0xff, 0xff, 0xff, 0xff, 0xff, 0xff, 0xff, 0xff, /* row 10 0x3f */
    0xff, 0xff, 0xff, 0xff, 0xff, 0xff, 0xff, 0xff, 0xff, 0xff, 0xff, 0xff, 0xff, 0xff, 0xff, 0xff, 0xff, 0xff, 0xff, 0xff, 0xff, 0xff, 0xff, 0xff, 0xff, 0xff, 0xff, /* row 11 0x3f */
};

static const unsigned char g_font_px40[FONT_STRIP_W * FONT_STRIP_H * 3] = {
    0xff, 0xff, 0xff, 0xff, 0xff, 0xff, 0xff, 0xff, 0xff, 0xff, 0xff, 0xff, 0xff, 0xff, 0xff, 0xff, 0xff, 0xff, 0xff, 0xff, 0xff, 0xff, 0xff, 0xff, 0xff, 0xff, 0xff, /* row  0 0x40 */
    0xff, 0xff, 0xff, 0xff, 0xff, 0xff, 0xfb, 0xe2, 0xb6, 0x80, 0x60, 0x57, 0x5c, 0x5f, 0x5e, 0x59, 0x57, 0x69, 0x98, 0xce, 0xf3, 0xff, 0xff, 0xff, 0xff, 0xff, 0xff, /* row  1 0x40 */
    0xff, 0xff, 0xff, 0xff, 0xf9, 0xcf, 0x85, 0x50, 0x60, 0xa6, 0xe1, 0xfb, 0xff, 0xff, 0xff, 0xfe, 0xf1, 0xc3, 0x78, 0x50, 0x75, 0xc1, 0xf5, 0xff, 0xff, 0xff, 0xff, /* row  2 0x40 */
    0xff, 0xff, 0xff, 0xf3, 0xb3, 0x67, 0x55, 0x91, 0xc8, 0xb6, 0x7f, 0x61, 0x62, 0x6a, 0x67, 0x6b, 0x53, 0x5c, 0x69, 0x68, 0x55, 0x6e, 0xbc, 0xf9, 0xff, 0xff, 0xff, /* row  3 0x40 */
    0xff, 0xff, 0xfa, 0xc0, 0x72, 0x55, 0x87, 0xa1, 0x75, 0x50, 0x7f, 0xcd, 0xfa, 0xfa, 0xc8, 0x77, 0x39, 0x63, 0xad, 0xae, 0x69, 0x5f, 0xa1, 0xee, 0xfe, 0xff, 0xff, /* row  4 0x40 */
    0xff, 0xfe, 0xec, 0x9f, 0x59, 0x61, 0x8c, 0x84, 0x4e, 0x6b, 0xba, 0xf9, 0xff, 0xf7, 0xb4, 0x66, 0x54, 0x95, 0xdb, 0xad, 0x63, 0x60, 0xa8, 0xf4, 0xff, 0xff, 0xff, /* row  5 0x40 */
    0xff, 0xfd, 0xe3, 0x96, 0x5b, 0x6c, 0x95, 0x83, 0x4e, 0x6d, 0xbc, 0xf9, 0xf6, 0xbf, 0x6f, 0x3e, 0x6f, 0xbb, 0xcc, 0x85, 0x60, 0x87, 0xd3, 0xfc, 0xff, 0xff, 0xff, /* row  6 0x40 */
    0xff, 0xff, 0xef, 0xa2, 0x5c, 0x62, 0xab, 0xc9, 0x8f, 0x58, 0x50, 0x62, 0x6e, 0x85, 0x7c, 0x68, 0x4f, 0x52, 0x61, 0x7d, 0xb2, 0xe8, 0xfe, 0xff, 0xff, 0xff, 0xff, /* row  7 0x40 */
    0xff, 0xff, 0xfb, 0xcf, 0x81, 0x55, 0x7d, 0xcb, 0xfb, 0xff, 0xff, 0xff, 0xff, 0xff, 0xff, 0xff, 0xff, 0xff, 0xff, 0xff, 0xff, 0xff, 0xff, 0xff, 0xff, 0xff, 0xff, /* row  8 0x40 */
    0xff, 0xff, 0xff, 0xfc, 0xdb, 0x93, 0x57, 0x5e, 0xa3, 0xe1, 0xfb, 0xff, 0xff, 0xff, 0xfe, 0xec, 0xbf, 0x7f, 0x74, 0x9f, 0xe2, 0xfd, 0xff, 0xff, 0xff, 0xff, 0xff, /* row  9 0x40 */
    0xff, 0xff, 0xff, 0xff, 0xff, 0xfb, 0xe1, 0xb1, 0x79, 0x59, 0x53, 0x58, 0x5c, 0x5a, 0x56, 0x5a, 0x74, 0xa6, 0xd7, 0xf6, 0xff, 0xff, 0xff, 0xff, 0xff, 0xff, 0xff, /* row 10 0x40 */
    0xff, 0xff, 0xff, 0xff, 0xff, 0xff, 0xff, 0xff, 0xff, 0xff, 0xff, 0xff, 0xff, 0xff, 0xff, 0xff, 0xff, 0xff, 0xff, 0xff, 0xff, 0xff, 0xff, 0xff, 0xff, 0xff, 0xff, /* row 11 0x40 */
};

static const unsigned char g_font_px41[FONT_STRIP_W * FONT_STRIP_H * 3] = {
    0xff, 0xff, 0xff, 0xff, 0xff, 0xff, 0xff, 0xff, 0xff, 0xff, 0xff, 0xff, 0xff, 0xff, 0xff, 0xff, 0xff, 0xff, 0xff, 0xff, 0xff, 0xff, 0xff, 0xff, 0xff, 0xff, 0xff, /* row  0 0x41 */
    0xff, 0xff, 0xff, 0xff, 0xff, 0xff, 0xff, 0xff, 0xff, 0xff, 0xff, 0xff, 0xff, 0xff, 0xff, 0xff, 0xff, 0xff, 0xff, 0xff, 0xff, 0xff, 0xff, 0xff, 0xff, 0xff, 0xff, /* row  1 0x41 */
    0xff, 0xff, 0xff, 0xff, 0xff, 0xff, 0xff, 0xff, 0xfc, 0xd9, 0x8a, 0x3b, 0x0b, 0x0c, 0x40, 0x91, 0xdf, 0xfd, 0xff, 0xff, 0xff, 0xff, 0xff, 0xff, 0xff, 0xff, 0xff, /* row  2 0x41 */
    0xff, 0xff, 0xff, 0xff, 0xff, 0xff, 0xff, 0xfb, 0xcd, 0x7c, 0x37, 0x4a, 0x7e, 0x7c, 0x45, 0x3c, 0x85, 0xd5, 0xfc, 0xff, 0xff, 0xff, 0xff, 0xff, 0xff, 0xff, 0xff, /* row  3 0x41 */
    0xff, 0xff, 0xff, 0xff, 0xff, 0xff, 0xf7, 0xc0, 0x6e, 0x32, 0x59, 0xa9, 0xeb, 0xe8, 0xa2, 0x52, 0x36, 0x79, 0xca, 0xfa, 0xff, 0xff, 0xff, 0xff, 0xff, 0xff, 0xff, /* row  4 0x41 */
    0xff, 0xff, 0xff, 0xff, 0xff, 0xf2, 0xb2, 0x61, 0x33, 0x69, 0xba, 0xf5, 0xff, 0xff, 0xf0, 0xaf, 0x5e, 0x34, 0x6d, 0xbe, 0xf7, 0xff, 0xff, 0xff, 0xff, 0xff, 0xff, /* row  5 0x41 */
    0xff, 0xff, 0xff, 0xfe, 0xea, 0xa3, 0x52, 0x1d, 0x1f, 0x2e, 0x33, 0x33, 0x33, 0x33, 0x33, 0x33, 0x2b, 0x1c, 0x20, 0x5f, 0xb1, 0xf2, 0xff, 0xff, 0xff, 0xff, 0xff, /* row  6 0x41 */
    0xff, 0xff, 0xfd, 0xe2, 0x96, 0x46, 0x2e, 0x75, 0xc6, 0xfa, 0xff, 0xff, 0xff, 0xff, 0xff, 0xff, 0xf4, 0xb5, 0x62, 0x27, 0x54, 0xa5, 0xec, 0xfe, 0xff, 0xff, 0xff, /* row  7 0x41 */
    0xff, 0xfc, 0xd7, 0x87, 0x38, 0x2a, 0x74, 0xc6, 0xfa, 0xff, 0xff, 0xff, 0xff, 0xff, 0xff, 0xff, 0xff, 0xf4, 0xb5, 0x62, 0x22, 0x48, 0x99, 0xe4, 0xfd, 0xff, 0xff, /* row  8 0x41 */
    0xff, 0xff, 0xff, 0xff, 0xff, 0xff, 0xff, 0xff, 0xff, 0xff, 0xff, 0xff, 0xff, 0xff, 0xff, 0xff, 0xff, 0xff, 0xff, 0xff, 0xff, 0xff, 0xff, 0xff, 0xff, 0xff, 0xff, /* row  9 0x41 */
    0xff, 0xff, 0xff, 0xff, 0xff, 0xff, 0xff, 0xff, 0xff, 0xff, 0xff, 0xff, 0xff, 0xff, 0xff, 0xff, 0xff, 0xff, 0xff, 0xff, 0xff, 0xff, 0xff, 0xff, 0xff, 0xff, 0xff, /* row 10 0x41 */
    0xff, 0xff, 0xff, 0xff, 0xff, 0xff, 0xff, 0xff, 0xff, 0xff, 0xff, 0xff, 0xff, 0xff, 0xff, 0xff, 0xff, 0xff, 0xff, 0xff, 0xff, 0xff, 0xff, 0xff, 0xff, 0xff, 0xff, /* row 11 0x41 */
};

static const unsigned char g_font_px42[FONT_STRIP_W * FONT_STRIP_H * 3] = {
    0xff, 0xff, 0xff, 0xff, 0xff, 0xff, 0xff, 0xff, 0xff, 0xff, 0xff, 0xff, 0xff, 0xff, 0xff, 0xff, 0xff, 0xff, 0xff, 0xff, 0xff, 0xff, 0xff, 0xff, 0xff, 0xff, 0xff, /* row  0 0x42 */
    0xff, 0xff, 0xff, 0xff, 0xff, 0xff, 0xff, 0xff, 0xff, 0xff, 0xff, 0xff, 0xff, 0xff, 0xff, 0xff, 0xff, 0xff, 0xff, 0xff, 0xff, 0xff, 0xff, 0xff, 0xff, 0xff, 0xff, /* row  1 0x42 */
    0xff, 0xff, 0xff, 0xfc, 0xdb, 0x8b, 0x39, 0x0b, 0x13, 0x21, 0x2b, 0x2c, 0x2c, 0x2a, 0x25, 0x27, 0x35, 0x57, 0x8e, 0xc7, 0xf0, 0xfe, 0xff, 0xff, 0xff, 0xff, 0xff, /* row  2 0x42 */
    0xff, 0xff, 0xff, 0xfc, 0xdb, 0x8b, 0x3b, 0x26, 0x71, 0xc4, 0xfa, 0xff, 0xff, 0xff, 0xfc, 0xe4, 0x99, 0x47, 0x13, 0x4d, 0xa1, 0xed, 0xfe, 0xff, 0xff, 0xff, 0xff, /* row  3 0x42 */
    0xff, 0xff, 0xff, 0xfc, 0xdb, 0x8b, 0x3b, 0x26, 0x71, 0xc4, 0xfa, 0xff, 0xfd, 0xf6, 0xe4, 0xbb, 0x72, 0x36, 0x30, 0x79, 0xc7, 0xf9, 0xff, 0xff, 0xff, 0xff, 0xff, /* row  4 0x42 */
    0xff, 0xff, 0xff, 0xfc, 0xdb, 0x8b, 0x39, 0x0c, 0x17, 0x28, 0x32, 0x33, 0x32, 0x2f, 0x27, 0x21, 0x2d, 0x54, 0x8c, 0xc6, 0xeb, 0xfd, 0xff, 0xff, 0xff, 0xff, 0xff, /* row  5 0x42 */
    0xff, 0xff, 0xff, 0xfc, 0xdb, 0x8b, 0x3b, 0x26, 0x71, 0xc4, 0xfa, 0xff, 0xff, 0xff, 0xff, 0xfc, 0xe6, 0xa4, 0x55, 0x23, 0x4d, 0x9e, 0xe6, 0xfe, 0xff, 0xff, 0xff, /* row  6 0x42 */
    0xff, 0xff, 0xff, 0xfc, 0xdb, 0x8b, 0x3b, 0x26, 0x71, 0xc4, 0xfa, 0xff, 0xff, 0xff, 0xff, 0xfb, 0xe4, 0xa1, 0x51, 0x1a, 0x3e, 0x8f, 0xde, 0xfd, 0xff, 0xff, 0xff, /* row  7 0x42 */
    0xff, 0xff, 0xff, 0xfc, 0xdb, 0x8b, 0x39, 0x0b, 0x13, 0x21, 0x2b, 0x2b, 0x2b, 0x2b, 0x28, 0x25, 0x29, 0x3b, 0x5f, 0x96, 0xcc, 0xf2, 0xfe, 0xff, 0xff, 0xff, 0xff, /* row  8 0x42 */
    0xff, 0xff, 0xff, 0xff, 0xff, 0xff, 0xff, 0xff, 0xff, 0xff, 0xff, 0xff, 0xff, 0xff, 0xff, 0xff, 0xff, 0xff, 0xff, 0xff, 0xff, 0xff, 0xff, 0xff, 0xff, 0xff, 0xff, /* row  9 0x42 */
    0xff, 0xff, 0xff, 0xff, 0xff, 0xff, 0xff, 0xff, 0xff, 0xff, 0xff, 0xff, 0xff, 0xff, 0xff, 0xff, 0xff, 0xff, 0xff, 0xff, 0xff, 0xff, 0xff, 0xff, 0xff, 0xff, 0xff, /* row 10 0x42 */
    0xff, 0xff, 0xff, 0xff, 0xff, 0xff, 0xff, 0xff, 0xff, 0xff, 0xff, 0xff, 0xff, 0xff, 0xff, 0xff, 0xff, 0xff, 0xff, 0xff, 0xff, 0xff, 0xff, 0xff, 0xff, 0xff, 0xff, /* row 11 0x42 */
};

static const unsigned char g_font_px43[FONT_STRIP_W * FONT_STRIP_H * 3] = {
    0xff, 0xff, 0xff, 0xff, 0xff, 0xff, 0xff, 0xff, 0xff, 0xff, 0xff, 0xff, 0xff, 0xff, 0xff, 0xff, 0xff, 0xff, 0xff, 0xff, 0xff, 0xff, 0xff, 0xff, 0xff, 0xff, 0xff, /* row  0 0x43 */
    0xff, 0xff, 0xff, 0xff, 0xff, 0xff, 0xff, 0xff, 0xff, 0xff, 0xff, 0xff, 0xff, 0xff, 0xff, 0xff, 0xff, 0xff, 0xff, 0xff, 0xff, 0xff, 0xff, 0xff, 0xff, 0xff, 0xff, /* row  1 0x43 */
    0xff, 0xff, 0xff, 0xff, 0xff, 0xfc, 0xe3, 0xb4, 0x78, 0x49, 0x2c, 0x22, 0x23, 0x26, 0x23, 0x27, 0x38, 0x5e, 0x97, 0xce, 0xf3, 0xff, 0xff, 0xff, 0xff, 0xff, 0xff, /* row  2 0x43 */
    0xff, 0xff, 0xff, 0xfe, 0xe9, 0xa4, 0x51, 0x19, 0x35, 0x7c, 0xc9, 0xf2, 0xfe, 0xff, 0xfc, 0xea, 0xbb, 0x71, 0x3f, 0x52, 0x9c, 0xe0, 0xfd, 0xff, 0xff, 0xff, 0xff, /* row  3 0x43 */
    0xff, 0xff, 0xff, 0xf7, 0xb0, 0x5c, 0x15, 0x3d, 0x8f, 0xdf, 0xfd, 0xff, 0xff, 0xff, 0xff, 0xff, 0xff, 0xff, 0xff, 0xff, 0xff, 0xff, 0xff, 0xff, 0xff, 0xff, 0xff, /* row  4 0x43 */
    0xff, 0xff, 0xfe, 0xee, 0xa0, 0x4b, 0x0f, 0x4e, 0xa3, 0xf0, 0xff, 0xff, 0xff, 0xff, 0xff, 0xff, 0xff, 0xff, 0xff, 0xff, 0xff, 0xff, 0xff, 0xff, 0xff, 0xff, 0xff, /* row  5 0x43 */
    0xff, 0xff, 0xff, 0xf7, 0xb4, 0x60, 0x18, 0x3b, 0x8c, 0xdc, 0xfd, 0xff, 0xff, 0xff, 0xff, 0xff, 0xff, 0xff, 0xff, 0xff, 0xff, 0xff, 0xff, 0xff, 0xff, 0xff, 0xff, /* row  6 0x43 */
    0xff, 0xff, 0xff, 0xfe, 0xee, 0xaf, 0x5c, 0x1e, 0x33, 0x78, 0xc5, 0xf0, 0xfe, 0xff, 0xff, 0xf4, 0xd3, 0x91, 0x50, 0x40, 0x7a, 0xc5, 0xf7, 0xff, 0xff, 0xff, 0xff, /* row  7 0x43 */
    0xff, 0xff, 0xff, 0xff, 0xff, 0xfe, 0xeb, 0xc0, 0x86, 0x52, 0x32, 0x27, 0x27, 0x2a, 0x28, 0x28, 0x35, 0x54, 0x89, 0xc2, 0xec, 0xfe, 0xff, 0xff, 0xff, 0xff, 0xff, /* row  8 0x43 */
    0xff, 0xff, 0xff, 0xff, 0xff, 0xff, 0xff, 0xff, 0xff, 0xff, 0xff, 0xff, 0xff, 0xff, 0xff, 0xff, 0xff, 0xff, 0xff, 0xff, 0xff, 0xff, 0xff, 0xff, 0xff, 0xff, 0xff, /* row  9 0x43 */
    0xff, 0xff, 0xff, 0xff, 0xff, 0xff, 0xff, 0xff, 0xff, 0xff, 0xff, 0xff, 0xff, 0xff, 0xff, 0xff, 0xff, 0xff, 0xff, 0xff, 0xff, 0xff, 0xff, 0xff, 0xff, 0xff, 0xff, /* row 10 0x43 */
    0xff, 0xff, 0xff, 0xff, 0xff, 0xff, 0xff, 0xff, 0xff, 0xff, 0xff, 0xff, 0xff, 0xff, 0xff, 0xff, 0xff, 0xff, 0xff, 0xff, 0xff, 0xff, 0xff, 0xff, 0xff, 0xff, 0xff, /* row 11 0x43 */
};

static const unsigned char g_font_px44[FONT_STRIP_W * FONT_STRIP_H * 3] = {
    0xff, 0xff, 0xff, 0xff, 0xff, 0xff, 0xff, 0xff, 0xff, 0xff, 0xff, 0xff, 0xff, 0xff, 0xff, 0xff, 0xff, 0xff, 0xff, 0xff, 0xff, 0xff, 0xff, 0xff, 0xff, 0xff, 0xff, /* row  0 0x44 */
    0xff, 0xff, 0xff, 0xff, 0xff, 0xff, 0xff, 0xff, 0xff, 0xff, 0xff, 0xff, 0xff, 0xff, 0xff, 0xff, 0xff, 0xff, 0xff, 0xff, 0xff, 0xff, 0xff, 0xff, 0xff, 0xff, 0xff, /* row  1 0x44 */
    0xff, 0xff, 0xff, 0xfc, 0xdb, 0x8b, 0x39, 0x0b, 0x12, 0x1f, 0x27, 0x27, 0x25, 0x25, 0x2f, 0x47, 0x6c, 0x9f, 0xd0, 0xf2, 0xfe, 0xff, 0xff, 0xff, 0xff, 0xff, 0xff, /* row  2 0x44 */
    0xff, 0xff, 0xff, 0xfc, 0xdb, 0x8b, 0x3b, 0x26, 0x71, 0xc4, 0xfa, 0xff, 0xff, 0xf7, 0xdf, 0xae, 0x66, 0x2b, 0x23, 0x65, 0xb6, 0xf0, 0xff, 0xff, 0xff, 0xff, 0xff, /* row  3 0x44 */
    0xff, 0xff, 0xff, 0xfc, 0xdb, 0x8b, 0x3b, 0x26, 0x71, 0xc4, 0xfa, 0xff, 0xff, 0xff, 0xff, 0xfd, 0xe2, 0x92, 0x40, 0x1a, 0x62, 0xb6, 0xf8, 0xff, 0xff, 0xff, 0xff, /* row  4 0x44 */
    0xff, 0xff, 0xff, 0xfc, 0xdb, 0x8b, 0x3b, 0x26, 0x71, 0xc4, 0xfa, 0xff, 0xff, 0xff, 0xff, 0xff, 0xf7, 0xab, 0x56, 0x11, 0x4e, 0xa3, 0xf1, 0xff, 0xff, 0xff, 0xff, /* row  5 0x44 */
    0xff, 0xff, 0xff, 0xfc, 0xdb, 0x8b, 0x3b, 0x26, 0x71, 0xc4, 0xfa, 0xff, 0xff, 0xff, 0xff, 0xfd, 0xde, 0x8e, 0x3d, 0x1d, 0x66, 0xba, 0xf9, 0xff, 0xff, 0xff, 0xff, /* row  6 0x44 */
    0xff, 0xff, 0xff, 0xfc, 0xdb, 0x8b, 0x3b, 0x26, 0x71, 0xc4, 0xfa, 0xff, 0xff, 0xf9, 0xe3, 0xb0, 0x65, 0x2a, 0x26, 0x6c, 0xbd, 0xf4, 0xff, 0xff, 0xff, 0xff, 0xff, /* row  7 0x44 */
    0xff, 0xff, 0xff, 0xfc, 0xdb, 0x8b, 0x39, 0x0b, 0x12, 0x1e, 0x27, 0x27, 0x24, 0x22, 0x28, 0x3f, 0x66, 0x9d, 0xd0, 0xf3, 0xff, 0xff, 0xff, 0xff, 0xff, 0xff, 0xff, /* row  8 0x44 */
    0xff, 0xff, 0xff, 0xff, 0xff, 0xff, 0xff, 0xff, 0xff, 0xff, 0xff, 0xff, 0xff, 0xff, 0xff, 0xff, 0xff, 0xff, 0xff, 0xff, 0xff, 0xff, 0xff, 0xff, 0xff, 0xff, 0xff, /* row  9 0x44 */
    0xff, 0xff, 0xff, 0xff, 0xff, 0xff, 0xff, 0xff, 0xff, 0xff, 0xff, 0xff, 0xff, 0xff, 0xff, 0xff, 0xff, 0xff, 0xff, 0xff, 0xff, 0xff, 0xff, 0xff, 0xff, 0xff, 0xff, /* row 10 0x44 */
    0xff, 0xff, 0xff, 0xff, 0xff, 0xff, 0xff, 0xff, 0xff, 0xff, 0xff, 0xff, 0xff, 0xff, 0xff, 0xff, 0xff, 0xff, 0xff, 0xff, 0xff, 0xff, 0xff, 0xff, 0xff, 0xff, 0xff, /* row 11 0x44 */
};

static const unsigned char g_font_px45[FONT_STRIP_W * FONT_STRIP_H * 3] = {
    0xff, 0xff, 0xff, 0xff, 0xff, 0xff, 0xff, 0xff, 0xff, 0xff, 0xff, 0xff, 0xff, 0xff, 0xff, 0xff, 0xff, 0xff, 0xff, 0xff, 0xff, 0xff, 0xff, 0xff, 0xff, 0xff, 0xff, /* row  0 0x45 */
    0xff, 0xff, 0xff, 0xff, 0xff, 0xff, 0xff, 0xff, 0xff, 0xff, 0xff, 0xff, 0xff, 0xff, 0xff, 0xff, 0xff, 0xff, 0xff, 0xff, 0xff, 0xff, 0xff, 0xff, 0xff, 0xff, 0xff, /* row  1 0x45 */
    0xff, 0xff, 0xff, 0xfc, 0xdb, 0x8b, 0x39, 0x0b, 0x12, 0x1e, 0x27, 0x27, 0x27, 0x27, 0x27, 0x27, 0x27, 0x27, 0x2b, 0x53, 0x98, 0xdc, 0xfd, 0xff, 0xff, 0xff, 0xff, /* row  2 0x45 */
    0xff, 0xff, 0xff, 0xfc, 0xdb, 0x8b, 0x3b, 0x26, 0x71, 0xc4, 0xfa, 0xff, 0xff, 0xff, 0xff, 0xff, 0xff, 0xff, 0xff, 0xff, 0xff, 0xff, 0xff, 0xff, 0xff, 0xff, 0xff, /* row  3 0x45 */
    0xff, 0xff, 0xff, 0xfc, 0xdb, 0x8b, 0x3b, 0x26, 0x71, 0xc4, 0xfa, 0xff, 0xff, 0xff, 0xff, 0xff, 0xff, 0xff, 0xff, 0xff, 0xff, 0xff, 0xff, 0xff, 0xff, 0xff, 0xff, /* row  4 0x45 */
    0xff, 0xff, 0xff, 0xfc, 0xdb, 0x8b, 0x39, 0x0b, 0x13, 0x21, 0x2b, 0x2b, 0x2b, 0x2b, 0x2b, 0x2b, 0x2b, 0x2f, 0x55, 0x99, 0xdc, 0xfc, 0xff, 0xff, 0xff, 0xff, 0xff, /* row  5 0x45 */
    0xff, 0xff, 0xff, 0xfc, 0xdb, 0x8b, 0x3b, 0x26, 0x71, 0xc4, 0xfa, 0xff, 0xff, 0xff, 0xff, 0xff, 0xff, 0xff, 0xff, 0xff, 0xff, 0xff, 0xff, 0xff, 0xff, 0xff, 0xff, /* row  6 0x45 */
    0xff, 0xff, 0xff, 0xfc, 0xdb, 0x8b, 0x3b, 0x26, 0x71, 0xc4, 0xfa, 0xff, 0xff, 0xff, 0xff, 0xff, 0xff, 0xff, 0xff, 0xff, 0xff, 0xff, 0xff, 0xff, 0xff, 0xff, 0xff, /* row  7 0x45 */
    0xff, 0xff, 0xff, 0xfc, 0xdb, 0x8b, 0x39, 0x0b, 0x12, 0x1e, 0x27, 0x27, 0x27, 0x27, 0x27, 0x27, 0x27, 0x27, 0x27, 0x2e, 0x69, 0xb1, 0xf3, 0xff, 0xff, 0xff, 0xff, /* row  8 0x45 */
    0xff, 0xff, 0xff, 0xff, 0xff, 0xff, 0xff, 0xff, 0xff, 0xff, 0xff, 0xff, 0xff, 0xff, 0xff, 0xff, 0xff, 0xff, 0xff, 0xff, 0xff, 0xff, 0xff, 0xff, 0xff, 0xff, 0xff, /* row  9 0x45 */
    0xff, 0xff, 0xff, 0xff, 0xff, 0xff, 0xff, 0xff, 0xff, 0xff, 0xff, 0xff, 0xff, 0xff, 0xff, 0xff, 0xff, 0xff, 0xff, 0xff, 0xff, 0xff, 0xff, 0xff, 0xff, 0xff, 0xff, /* row 10 0x45 */
    0xff, 0xff, 0xff, 0xff, 0xff, 0xff, 0xff, 0xff, 0xff, 0xff, 0xff, 0xff, 0xff, 0xff, 0xff, 0xff, 0xff, 0xff, 0xff, 0xff, 0xff, 0xff, 0xff, 0xff, 0xff, 0xff, 0xff, /* row 11 0x45 */
};

static const unsigned char g_font_px46[FONT_STRIP_W * FONT_STRIP_H * 3] = {
    0xff, 0xff, 0xff, 0xff, 0xff, 0xff, 0xff, 0xff, 0xff, 0xff, 0xff, 0xff, 0xff, 0xff, 0xff, 0xff, 0xff, 0xff, 0xff, 0xff, 0xff, 0xff, 0xff, 0xff, 0xff, 0xff, 0xff, /* row  0 0x46 */
    0xff, 0xff, 0xff, 0xff, 0xff, 0xff, 0xff, 0xff, 0xff, 0xff, 0xff, 0xff, 0xff, 0xff, 0xff, 0xff, 0xff, 0xff, 0xff, 0xff, 0xff, 0xff, 0xff, 0xff, 0xff, 0xff, 0xff, /* row  1 0x46 */
    0xff, 0xff, 0xff, 0xff, 0xf9, 0xb5, 0x61, 0x14, 0x0c, 0x18, 0x24, 0x27, 0x27, 0x27, 0x27, 0x27, 0x27, 0x27, 0x2b, 0x50, 0x95, 0xd9, 0xfc, 0xff, 0xff, 0xff, 0xff, /* row  2 0x46 */
    0xff, 0xff, 0xff, 0xff, 0xf9, 0xb5, 0x61, 0x19, 0x48, 0x9b, 0xe9, 0xfe, 0xff, 0xff, 0xff, 0xff, 0xff, 0xff, 0xff, 0xff, 0xff, 0xff, 0xff, 0xff, 0xff, 0xff, 0xff, /* row  3 0x46 */
    0xff, 0xff, 0xff, 0xff, 0xf9, 0xb5, 0x61, 0x19, 0x48, 0x9b, 0xe9, 0xfe, 0xff, 0xff, 0xff, 0xff, 0xff, 0xff, 0xff, 0xff, 0xff, 0xff, 0xff, 0xff, 0xff, 0xff, 0xff, /* row  4 0x46 */
    0xff, 0xff, 0xff, 0xff, 0xf9, 0xb5, 0x61, 0x14, 0x0c, 0x18, 0x24, 0x27, 0x27, 0x27, 0x27, 0x27, 0x27, 0x27, 0x2e, 0x68, 0xb0, 0xf2, 0xff, 0xff, 0xff, 0xff, 0xff, /* row  5 0x46 */
    0xff, 0xff, 0xff, 0xff, 0xf9, 0xb5, 0x61, 0x19, 0x48, 0x9b, 0xe9, 0xfe, 0xff, 0xff, 0xff, 0xff, 0xff, 0xff, 0xff, 0xff, 0xff, 0xff, 0xff, 0xff, 0xff, 0xff, 0xff, /* row  6 0x46 */
    0xff, 0xff, 0xff, 0xff, 0xf9, 0xb5, 0x61, 0x19, 0x48, 0x9b, 0xe9, 0xfe, 0xff, 0xff, 0xff, 0xff, 0xff, 0xff, 0xff, 0xff, 0xff, 0xff, 0xff, 0xff, 0xff, 0xff, 0xff, /* row  7 0x46 */
    0xff, 0xff, 0xff, 0xff, 0xf9, 0xb5, 0x61, 0x19, 0x48, 0x9b, 0xe9, 0xfe, 0xff, 0xff, 0xff, 0xff, 0xff, 0xff, 0xff, 0xff, 0xff, 0xff, 0xff, 0xff, 0xff, 0xff, 0xff, /* row  8 0x46 */
    0xff, 0xff, 0xff, 0xff, 0xff, 0xff, 0xff, 0xff, 0xff, 0xff, 0xff, 0xff, 0xff, 0xff, 0xff, 0xff, 0xff, 0xff, 0xff, 0xff, 0xff, 0xff, 0xff, 0xff, 0xff, 0xff, 0xff, /* row  9 0x46 */
    0xff, 0xff, 0xff, 0xff, 0xff, 0xff, 0xff, 0xff, 0xff, 0xff, 0xff, 0xff, 0xff, 0xff, 0xff, 0xff, 0xff, 0xff, 0xff, 0xff, 0xff, 0xff, 0xff, 0xff, 0xff, 0xff, 0xff, /* row 10 0x46 */
    0xff, 0xff, 0xff, 0xff, 0xff, 0xff, 0xff, 0xff, 0xff, 0xff, 0xff, 0xff, 0xff, 0xff, 0xff, 0xff, 0xff, 0xff, 0xff, 0xff, 0xff, 0xff, 0xff, 0xff, 0xff, 0xff, 0xff, /* row 11 0x46 */
};

static const unsigned char g_font_px47[FONT_STRIP_W * FONT_STRIP_H * 3] = {
    0xff, 0xff, 0xff, 0xff, 0xff, 0xff, 0xff, 0xff, 0xff, 0xff, 0xff, 0xff, 0xff, 0xff, 0xff, 0xff, 0xff, 0xff, 0xff, 0xff, 0xff, 0xff, 0xff, 0xff, 0xff, 0xff, 0xff, /* row  0 0x47 */
    0xff, 0xff, 0xff, 0xff, 0xff, 0xff, 0xff, 0xff, 0xff, 0xff, 0xff, 0xff, 0xff, 0xff, 0xff, 0xff, 0xff, 0xff, 0xff, 0xff, 0xff, 0xff, 0xff, 0xff, 0xff, 0xff, 0xff, /* row  1 0x47 */
    0xff, 0xff, 0xff, 0xff, 0xff, 0xfb, 0xe1, 0xb1, 0x75, 0x46, 0x2b, 0x23, 0x24, 0x27, 0x24, 0x28, 0x3b, 0x64, 0x9e, 0xd4, 0xf6, 0xff, 0xff, 0xff, 0xff, 0xff, 0xff, /* row  2 0x47 */
    0xff, 0xff, 0xff, 0xfe, 0xe8, 0xa1, 0x4f, 0x19, 0x3a, 0x83, 0xce, 0xf4, 0xff, 0xff, 0xfb, 0xe5, 0xad, 0x64, 0x39, 0x5b, 0xa7, 0xe8, 0xfe, 0xff, 0xff, 0xff, 0xff, /* row  3 0x47 */
    0xff, 0xff, 0xff, 0xf6, 0xb0, 0x5b, 0x15, 0x3e, 0x91, 0xe0, 0xfd, 0xff, 0xff, 0xff, 0xff, 0xff, 0xff, 0xff, 0xff, 0xff, 0xff, 0xff, 0xff, 0xff, 0xff, 0xff, 0xff, /* row  4 0x47 */
    0xff, 0xff, 0xfe, 0xee, 0xa0, 0x4b, 0x0f, 0x4e, 0xa3, 0xf1, 0xff, 0xf9, 0xb9, 0x6f, 0x2c, 0x23, 0x20, 0x15, 0x0c, 0x1f, 0x6d, 0xc0, 0xfa, 0xff, 0xff, 0xff, 0xff, /* row  5 0x47 */
    0xff, 0xff, 0xff, 0xf7, 0xb4, 0x60, 0x18, 0x3b, 0x8c, 0xdc, 0xfd, 0xff, 0xff, 0xff, 0xff, 0xfe, 0xe5, 0x97, 0x45, 0x24, 0x6d, 0xc0, 0xfa, 0xff, 0xff, 0xff, 0xff, /* row  6 0x47 */
    0xff, 0xff, 0xff, 0xfe, 0xef, 0xb1, 0x5f, 0x20, 0x32, 0x78, 0xc5, 0xf1, 0xfe, 0xff, 0xff, 0xfa, 0xd9, 0x89, 0x3b, 0x23, 0x6d, 0xc0, 0xfa, 0xff, 0xff, 0xff, 0xff, /* row  7 0x47 */
    0xff, 0xff, 0xff, 0xff, 0xff, 0xfe, 0xeb, 0xc0, 0x85, 0x51, 0x30, 0x25, 0x27, 0x2d, 0x31, 0x33, 0x3c, 0x52, 0x78, 0xa5, 0xd2, 0xf1, 0xfe, 0xff, 0xff, 0xff, 0xff, /* row  8 0x47 */
    0xff, 0xff, 0xff, 0xff, 0xff, 0xff, 0xff, 0xff, 0xff, 0xff, 0xff, 0xff, 0xff, 0xff, 0xff, 0xff, 0xff, 0xff, 0xff, 0xff, 0xff, 0xff, 0xff, 0xff, 0xff, 0xff, 0xff, /* row  9 0x47 */
    0xff, 0xff, 0xff, 0xff, 0xff, 0xff, 0xff, 0xff, 0xff, 0xff, 0xff, 0xff, 0xff, 0xff, 0xff, 0xff, 0xff, 0xff, 0xff, 0xff, 0xff, 0xff, 0xff, 0xff, 0xff, 0xff, 0xff, /* row 10 0x47 */
    0xff, 0xff, 0xff, 0xff, 0xff, 0xff, 0xff, 0xff, 0xff, 0xff, 0xff, 0xff, 0xff, 0xff, 0xff, 0xff, 0xff, 0xff, 0xff, 0xff, 0xff, 0xff, 0xff, 0xff, 0xff, 0xff, 0xff, /* row 11 0x47 */
};

static const unsigned char g_font_px48[FONT_STRIP_W * FONT_STRIP_H * 3] = {
    0xff, 0xff, 0xff, 0xff, 0xff, 0xff, 0xff, 0xff, 0xff, 0xff, 0xff, 0xff, 0xff, 0xff, 0xff, 0xff, 0xff, 0xff, 0xff, 0xff, 0xff, 0xff, 0xff, 0xff, 0xff, 0xff, 0xff, /* row  0 0x48 */
    0xff, 0xff, 0xff, 0xff, 0xff, 0xff, 0xff, 0xff, 0xff, 0xff, 0xff, 0xff, 0xff, 0xff, 0xff, 0xff, 0xff, 0xff, 0xff, 0xff, 0xff, 0xff, 0xff, 0xff, 0xff, 0xff, 0xff, /* row  1 0x48 */
    0xff, 0xff, 0xff, 0xfc, 0xdb, 0x8b, 0x3b, 0x26, 0x71, 0xc4, 0xfa, 0xff, 0xff, 0xff, 0xff, 0xf8, 0xb3, 0x5e, 0x17, 0x4a, 0x9d, 0xeb, 0xfe, 0xff, 0xff, 0xff, 0xff, /* row  2 0x48 */
    0xff, 0xff, 0xff, 0xfc, 0xdb, 0x8b, 0x3b, 0x26, 0x71, 0xc4, 0xfa, 0xff, 0xff, 0xff, 0xff, 0xf8, 0xb3, 0x5e, 0x17, 0x4a, 0x9d, 0xeb, 0xfe, 0xff, 0xff, 0xff, 0xff, /* row  3 0x48 */
    0xff, 0xff, 0xff, 0xfc, 0xdb, 0x8b, 0x3b, 0x26, 0x71, 0xc4, 0xfa, 0xff, 0xff, 0xff, 0xff, 0xf8, 0xb3, 0x5e, 0x17, 0x4a, 0x9d, 0xeb, 0xfe, 0xff, 0xff, 0xff, 0xff, /* row  4 0x48 */
    0xff, 0xff, 0xff, 0xfc, 0xdb, 0x8b, 0x39, 0x0a, 0x10, 0x1b, 0x23, 0x23, 0x23, 0x23, 0x23, 0x22, 0x19, 0x0d, 0x09, 0x49, 0x9d, 0xeb, 0xfe, 0xff, 0xff, 0xff, 0xff, /* row  5 0x48 */
    0xff, 0xff, 0xff, 0xfc, 0xdb, 0x8b, 0x3b, 0x26, 0x71, 0xc4, 0xfa, 0xff, 0xff, 0xff, 0xff, 0xf8, 0xb3, 0x5e, 0x17, 0x4a, 0x9d, 0xeb, 0xfe, 0xff, 0xff, 0xff, 0xff, /* row  6 0x48 */
    0xff, 0xff, 0xff, 0xfc, 0xdb, 0x8b, 0x3b, 0x26, 0x71, 0xc4, 0xfa, 0xff, 0xff, 0xff, 0xff, 0xf8, 0xb3, 0x5e, 0x17, 0x4a, 0x9d, 0xeb, 0xfe, 0xff, 0xff, 0xff, 0xff, /* row  7 0x48 */
    0xff, 0xff, 0xff, 0xfc, 0xdb, 0x8b, 0x3b, 0x26, 0x71, 0xc4, 0xfa, 0xff, 0xff, 0xff, 0xff, 0xf8, 0xb3, 0x5e, 0x17, 0x4a, 0x9d, 0xeb, 0xfe, 0xff, 0xff, 0xff, 0xff, /* row  8 0x48 */
    0xff, 0xff, 0xff, 0xff, 0xff, 0xff, 0xff, 0xff, 0xff, 0xff, 0xff, 0xff, 0xff, 0xff, 0xff, 0xff, 0xff, 0xff, 0xff, 0xff, 0xff, 0xff, 0xff, 0xff, 0xff, 0xff, 0xff, /* row  9 0x48 */
    0xff, 0xff, 0xff, 0xff, 0xff, 0xff, 0xff, 0xff, 0xff, 0xff, 0xff, 0xff, 0xff, 0xff, 0xff, 0xff, 0xff, 0xff, 0xff, 0xff, 0xff, 0xff, 0xff, 0xff, 0xff, 0xff, 0xff, /* row 10 0x48 */
    0xff, 0xff, 0xff, 0xff, 0xff, 0xff, 0xff, 0xff, 0xff, 0xff, 0xff, 0xff, 0xff, 0xff, 0xff, 0xff, 0xff, 0xff, 0xff, 0xff, 0xff, 0xff, 0xff, 0xff, 0xff, 0xff, 0xff, /* row 11 0x48 */
};

static const unsigned char g_font_px49[FONT_STRIP_W * FONT_STRIP_H * 3] = {
    0xff, 0xff, 0xff, 0xff, 0xff, 0xff, 0xff, 0xff, 0xff, 0xff, 0xff, 0xff, 0xff, 0xff, 0xff, 0xff, 0xff, 0xff, 0xff, 0xff, 0xff, 0xff, 0xff, 0xff, 0xff, 0xff, 0xff, /* row  0 0x49 */
    0xff, 0xff, 0xff, 0xff, 0xff, 0xff, 0xff, 0xff, 0xff, 0xff, 0xff, 0xff, 0xff, 0xff, 0xff, 0xff, 0xff, 0xff, 0xff, 0xff, 0xff, 0xff, 0xff, 0xff, 0xff, 0xff, 0xff, /* row  1 0x49 */
    0xff, 0xff, 0xff, 0xff, 0xfa, 0xc7, 0x80, 0x3e, 0x29, 0x27, 0x1e, 0x12, 0x06, 0x09, 0x15, 0x21, 0x27, 0x2b, 0x4f, 0x93, 0xd8, 0xfc, 0xff, 0xff, 0xff, 0xff, 0xff, /* row  2 0x49 */
    0xff, 0xff, 0xff, 0xff, 0xff, 0xff, 0xff, 0xff, 0xff, 0xfa, 0xc5, 0x72, 0x27, 0x36, 0x85, 0xd6, 0xfc, 0xff, 0xff, 0xff, 0xff, 0xff, 0xff, 0xff, 0xff, 0xff, 0xff, /* row  3 0x49 */
    0xff, 0xff, 0xff, 0xff, 0xff, 0xff, 0xff, 0xff, 0xff, 0xfa, 0xc5, 0x72, 0x27, 0x36, 0x85, 0xd6, 0xfc, 0xff, 0xff, 0xff, 0xff, 0xff, 0xff, 0xff, 0xff, 0xff, 0xff, /* row  4 0x49 */
    0xff, 0xff, 0xff, 0xff, 0xff, 0xff, 0xff, 0xff, 0xff, 0xfa, 0xc5, 0x72, 0x27, 0x36, 0x85, 0xd6, 0xfc, 0xff, 0xff, 0xff, 0xff, 0xff, 0xff, 0xff, 0xff, 0xff, 0xff, /* row  5 0x49 */
    0xff, 0xff, 0xff, 0xff, 0xff, 0xff, 0xff, 0xff, 0xff, 0xfa, 0xc5, 0x72, 0x27, 0x36, 0x85, 0xd6, 0xfc, 0xff, 0xff, 0xff, 0xff, 0xff, 0xff, 0xff, 0xff, 0xff, 0xff, /* row  6 0x49 */
    0xff, 0xff, 0xff, 0xff, 0xff, 0xff, 0xff, 0xff, 0xff, 0xfa, 0xc5, 0x72, 0x27, 0x36, 0x85, 0xd6, 0xfc, 0xff, 0xff, 0xff, 0xff, 0xff, 0xff, 0xff, 0xff, 0xff, 0xff, /* row  7 0x49 */
    0xff, 0xff, 0xff, 0xff, 0xfa, 0xc7, 0x80, 0x3e, 0x29, 0x27, 0x1e, 0x12, 0x06, 0x09, 0x15, 0x21, 0x27, 0x2b, 0x4f, 0x93, 0xd8, 0xfc, 0xff, 0xff, 0xff, 0xff, 0xff, /* row  8 0x49 */
    0xff, 0xff, 0xff, 0xff, 0xff, 0xff, 0xff, 0xff, 0xff, 0xff, 0xff, 0xff, 0xff, 0xff, 0xff, 0xff, 0xff, 0xff, 0xff, 0xff, 0xff, 0xff, 0xff, 0xff, 0xff, 0xff, 0xff, /* row  9 0x49 */
    0xff, 0xff, 0xff, 0xff, 0xff, 0xff, 0xff, 0xff, 0xff, 0xff, 0xff, 0xff, 0xff, 0xff, 0xff, 0xff, 0xff, 0xff, 0xff, 0xff, 0xff, 0xff, 0xff, 0xff, 0xff, 0xff, 0xff, /* row 10 0x49 */
    0xff, 0xff, 0xff, 0xff, 0xff, 0xff, 0xff, 0xff, 0xff, 0xff, 0xff, 0xff, 0xff, 0xff, 0xff, 0xff, 0xff, 0xff, 0xff, 0xff, 0xff, 0xff, 0xff, 0xff, 0xff, 0xff, 0xff, /* row 11 0x49 */
};

static const unsigned char g_font_px4a[FONT_STRIP_W * FONT_STRIP_H * 3] = {
    0xff, 0xff, 0xff, 0xff, 0xff, 0xff, 0xff, 0xff, 0xff, 0xff, 0xff, 0xff, 0xff, 0xff, 0xff, 0xff, 0xff, 0xff, 0xff, 0xff, 0xff, 0xff, 0xff, 0xff, 0xff, 0xff, 0xff, /* row  0 0x4a */
    0xff, 0xff, 0xff, 0xff, 0xff, 0xff, 0xff, 0xff, 0xff, 0xff, 0xff, 0xff, 0xff, 0xff, 0xff, 0xff, 0xff, 0xff, 0xff, 0xff, 0xff, 0xff, 0xff, 0xff, 0xff, 0xff, 0xff, /* row  1 0x4a */
    0xff, 0xff, 0xff, 0xff, 0xff, 0xff, 0xff, 0xff, 0xfe, 0xee, 0xab, 0x64, 0x2d, 0x27, 0x24, 0x19, 0x0c, 0x12, 0x5e, 0xb3, 0xf8, 0xff, 0xff, 0xff, 0xff, 0xff, 0xff, /* row  2 0x4a */
    0xff, 0xff, 0xff, 0xff, 0xff, 0xff, 0xff, 0xff, 0xff, 0xff, 0xff, 0xff, 0xff, 0xfe, 0xeb, 0x9d, 0x4a, 0x17, 0x5e, 0xb3, 0xf8, 0xff, 0xff, 0xff, 0xff, 0xff, 0xff, /* row  3 0x4a */
    0xff, 0xff, 0xff, 0xff, 0xff, 0xff, 0xff, 0xff, 0xff, 0xff, 0xff, 0xff, 0xff, 0xfe, 0xeb, 0x9d, 0x4a, 0x17, 0x5e, 0xb3, 0xf8, 0xff, 0xff, 0xff, 0xff, 0xff, 0xff, /* row  4 0x4a */
    0xff, 0xff, 0xff, 0xff, 0xff, 0xff, 0xff, 0xff, 0xff, 0xff, 0xff, 0xff, 0xff, 0xfe, 0xeb, 0x9d, 0x4a, 0x17, 0x5e, 0xb3, 0xf8, 0xff, 0xff, 0xff, 0xff, 0xff, 0xff, /* row  5 0x4a */
    0xff, 0xff, 0xff, 0xff, 0xff, 0xff, 0xff, 0xff, 0xff, 0xff, 0xff, 0xff, 0xff, 0xfe, 0xeb, 0x9d, 0x49, 0x18, 0x5f, 0xb4, 0xf8, 0xff, 0xff, 0xff, 0xff, 0xff, 0xff, /* row  6 0x4a */
    0xff, 0xff, 0xff, 0xff, 0xf9, 0xc4, 0x76, 0x2f, 0x3e, 0x85, 0xd2, 0xf8, 0xff, 0xf6, 0xc4, 0x73, 0x2a, 0x2d, 0x7b, 0xcd, 0xfb, 0xff, 0xff, 0xff, 0xff, 0xff, 0xff, /* row  7 0x4a */
    0xff, 0xff, 0xff, 0xff, 0xff, 0xfb, 0xdd, 0xa6, 0x64, 0x36, 0x23, 0x21, 0x25, 0x22, 0x27, 0x3e, 0x73, 0xb4, 0xe6, 0xfd, 0xff, 0xff, 0xff, 0xff, 0xff, 0xff, 0xff, /* row  8 0x4a */
    0xff, 0xff, 0xff, 0xff, 0xff, 0xff, 0xff, 0xff, 0xff, 0xff, 0xff, 0xff, 0xff, 0xff, 0xff, 0xff, 0xff, 0xff, 0xff, 0xff, 0xff, 0xff, 0xff, 0xff, 0xff, 0xff, 0xff, /* row  9 0x4a */
    0xff, 0xff, 0xff, 0xff, 0xff, 0xff, 0xff, 0xff, 0xff, 0xff, 0xff, 0xff, 0xff, 0xff, 0xff, 0xff, 0xff, 0xff, 0xff, 0xff, 0xff, 0xff, 0xff, 0xff, 0xff, 0xff, 0xff, /* row 10 0x4a */
    0xff, 0xff, 0xff, 0xff, 0xff, 0xff, 0xff, 0xff, 0xff, 0xff, 0xff, 0xff, 0xff, 0xff, 0xff, 0xff, 0xff, 0xff, 0xff, 0xff, 0xff, 0xff, 0xff, 0xff, 0xff, 0xff, 0xff, /* row 11 0x4a */
};

static const unsigned char g_font_px4b[FONT_STRIP_W * FONT_STRIP_H * 3] = {
    0xff, 0xff, 0xff, 0xff, 0xff, 0xff, 0xff, 0xff, 0xff, 0xff, 0xff, 0xff, 0xff, 0xff, 0xff, 0xff, 0xff, 0xff, 0xff, 0xff, 0xff, 0xff, 0xff, 0xff, 0xff, 0xff, 0xff, /* row  0 0x4b */
    0xff, 0xff, 0xff, 0xff, 0xff, 0xff, 0xff, 0xff, 0xff, 0xff, 0xff, 0xff, 0xff, 0xff, 0xff, 0xff, 0xff, 0xff, 0xff, 0xff, 0xff, 0xff, 0xff, 0xff, 0xff, 0xff, 0xff, /* row  1 0x4b */
    0xff, 0xff, 0xff, 0xfc, 0xdb, 0x8b, 0x3b, 0x26, 0x71, 0xc4, 0xfa, 0xff, 0xff, 0xff, 0xf4, 0xcc, 0x87, 0x40, 0x2b, 0x51, 0x9c, 0xd9, 0xf9, 0xff, 0xff, 0xff, 0xff, /* row  2 0x4b */
    0xff, 0xff, 0xff, 0xfc, 0xdb, 0x8b, 0x3b, 0x26, 0x71, 0xc4, 0xfa, 0xfb, 0xdf, 0xa3, 0x57, 0x2f, 0x44, 0x8a, 0xcd, 0xf4, 0xff, 0xff, 0xff, 0xff, 0xff, 0xff, 0xff, /* row  3 0x4b */
    0xff, 0xff, 0xff, 0xfc, 0xdb, 0x8b, 0x3b, 0x26, 0x70, 0xb1, 0xb7, 0x72, 0x39, 0x3b, 0x76, 0xbf, 0xed, 0xfe, 0xff, 0xff, 0xff, 0xff, 0xff, 0xff, 0xff, 0xff, 0xff, /* row  4 0x4b */
    0xff, 0xff, 0xff, 0xfc, 0xdb, 0x8b, 0x39, 0x12, 0x1f, 0x3e, 0x66, 0x6a, 0x51, 0x41, 0x72, 0xbd, 0xef, 0xfe, 0xff, 0xff, 0xff, 0xff, 0xff, 0xff, 0xff, 0xff, 0xff, /* row  5 0x4b */
    0xff, 0xff, 0xff, 0xfc, 0xdb, 0x8b, 0x3a, 0x18, 0x55, 0xa8, 0xec, 0xfc, 0xe6, 0xa9, 0x5a, 0x36, 0x59, 0xa7, 0xe3, 0xfd, 0xff, 0xff, 0xff, 0xff, 0xff, 0xff, 0xff, /* row  6 0x4b */
    0xff, 0xff, 0xff, 0xfc, 0xdb, 0x8b, 0x3b, 0x26, 0x71, 0xc4, 0xfa, 0xff, 0xff, 0xfe, 0xe9, 0xae, 0x5e, 0x2d, 0x44, 0x8f, 0xd5, 0xf9, 0xff, 0xff, 0xff, 0xff, 0xff, /* row  7 0x4b */
    0xff, 0xff, 0xff, 0xfc, 0xdb, 0x8b, 0x3b, 0x26, 0x71, 0xc4, 0xfa, 0xff, 0xff, 0xff, 0xff, 0xfe, 0xeb, 0xb3, 0x63, 0x28, 0x32, 0x76, 0xc3, 0xf1, 0xfe, 0xff, 0xff, /* row  8 0x4b */
    0xff, 0xff, 0xff, 0xff, 0xff, 0xff, 0xff, 0xff, 0xff, 0xff, 0xff, 0xff, 0xff, 0xff, 0xff, 0xff, 0xff, 0xff, 0xff, 0xff, 0xff, 0xff, 0xff, 0xff, 0xff, 0xff, 0xff, /* row  9 0x4b */
    0xff, 0xff, 0xff, 0xff, 0xff, 0xff, 0xff, 0xff, 0xff, 0xff, 0xff, 0xff, 0xff, 0xff, 0xff, 0xff, 0xff, 0xff, 0xff, 0xff, 0xff, 0xff, 0xff, 0xff, 0xff, 0xff, 0xff, /* row 10 0x4b */
    0xff, 0xff, 0xff, 0xff, 0xff, 0xff, 0xff, 0xff, 0xff, 0xff, 0xff, 0xff, 0xff, 0xff, 0xff, 0xff, 0xff, 0xff, 0xff, 0xff, 0xff, 0xff, 0xff, 0xff, 0xff, 0xff, 0xff, /* row 11 0x4b */
};

static const unsigned char g_font_px4c[FONT_STRIP_W * FONT_STRIP_H * 3] = {
    0xff, 0xff, 0xff, 0xff, 0xff, 0xff, 0xff, 0xff, 0xff, 0xff, 0xff, 0xff, 0xff, 0xff, 0xff, 0xff, 0xff, 0xff, 0xff, 0xff, 0xff, 0xff, 0xff, 0xff, 0xff, 0xff, 0xff, /* row  0 0x4c */
    0xff, 0xff, 0xff, 0xff, 0xff, 0xff, 0xff, 0xff, 0xff, 0xff, 0xff, 0xff, 0xff, 0xff, 0xff, 0xff, 0xff, 0xff, 0xff, 0xff, 0xff, 0xff, 0xff, 0xff, 0xff, 0xff, 0xff, /* row  1 0x4c */
    0xff, 0xff, 0xff, 0xff, 0xfe, 0xe8, 0x99, 0x46, 0x17, 0x5e, 0xb3, 0xf8, 0xff, 0xff, 0xff, 0xff, 0xff, 0xff, 0xff, 0xff, 0xff, 0xff, 0xff, 0xff, 0xff, 0xff, 0xff, /* row  2 0x4c */
    0xff, 0xff, 0xff, 0xff, 0xfe, 0xe8, 0x99, 0x46, 0x17, 0x5e, 0xb3, 0xf8, 0xff, 0xff, 0xff, 0xff, 0xff, 0xff, 0xff, 0xff, 0xff, 0xff, 0xff, 0xff, 0xff, 0xff, 0xff, /* row  3 0x4c */
    0xff, 0xff, 0xff, 0xff, 0xfe, 0xe8, 0x99, 0x46, 0x17, 0x5e, 0xb3, 0xf8, 0xff, 0xff, 0xff, 0xff, 0xff, 0xff, 0xff, 0xff, 0xff, 0xff, 0xff, 0xff, 0xff, 0xff, 0xff, /* row  4 0x4c */
    0xff, 0xff, 0xff, 0xff, 0xfe, 0xe8, 0x99, 0x46, 0x17, 0x5e, 0xb3, 0xf8, 0xff, 0xff, 0xff, 0xff, 0xff, 0xff, 0xff, 0xff, 0xff, 0xff, 0xff, 0xff, 0xff, 0xff, 0xff, /* row  5 0x4c */
    0xff, 0xff, 0xff, 0xff, 0xfe, 0xe8, 0x99, 0x46, 0x17, 0x5e, 0xb3, 0xf8, 0xff, 0xff, 0xff, 0xff, 0xff, 0xff, 0xff, 0xff, 0xff, 0xff, 0xff, 0xff, 0xff, 0xff, 0xff, /* row  6 0x4c */
    0xff, 0xff, 0xff, 0xff, 0xfe, 0xe8, 0x99, 0x46, 0x17, 0x5e, 0xb3, 0xf8, 0xff, 0xff, 0xff, 0xff, 0xff, 0xff, 0xff, 0xff, 0xff, 0xff, 0xff, 0xff, 0xff, 0xff, 0xff, /* row  7 0x4c */
    0xff, 0xff, 0xff, 0xff, 0xfe, 0xe8, 0x99, 0x46, 0x09, 0x0f, 0x1c, 0x26, 0x27, 0x27, 0x27, 0x27, 0x27, 0x27, 0x29, 0x41, 0x84, 0xca, 0xfb, 0xff, 0xff, 0xff, 0xff, /* row  8 0x4c */
    0xff, 0xff, 0xff, 0xff, 0xff, 0xff, 0xff, 0xff, 0xff, 0xff, 0xff, 0xff, 0xff, 0xff, 0xff, 0xff, 0xff, 0xff, 0xff, 0xff, 0xff, 0xff, 0xff, 0xff, 0xff, 0xff, 0xff, /* row  9 0x4c */
    0xff, 0xff, 0xff, 0xff, 0xff, 0xff, 0xff, 0xff, 0xff, 0xff, 0xff, 0xff, 0xff, 0xff, 0xff, 0xff, 0xff, 0xff, 0xff, 0xff, 0xff, 0xff, 0xff, 0xff, 0xff, 0xff, 0xff, /* row 10 0x4c */
    0xff, 0xff, 0xff, 0xff, 0xff, 0xff, 0xff, 0xff, 0xff, 0xff, 0xff, 0xff, 0xff, 0xff, 0xff, 0xff, 0xff, 0xff, 0xff, 0xff, 0xff, 0xff, 0xff, 0xff, 0xff, 0xff, 0xff, /* row 11 0x4c */
};

static const unsigned char g_font_px4d[FONT_STRIP_W * FONT_STRIP_H * 3] = {
    0xff, 0xff, 0xff, 0xff, 0xff, 0xff, 0xff, 0xff, 0xff, 0xff, 0xff, 0xff, 0xff, 0xff, 0xff, 0xff, 0xff, 0xff, 0xff, 0xff, 0xff, 0xff, 0xff, 0xff, 0xff, 0xff, 0xff, /* row  0 0x4d */
    0xff, 0xff, 0xff, 0xff, 0xff, 0xff, 0xff, 0xff, 0xff, 0xff, 0xff, 0xff, 0xff, 0xff, 0xff, 0xff, 0xff, 0xff, 0xff, 0xff, 0xff, 0xff, 0xff, 0xff, 0xff, 0xff, 0xff, /* row  1 0x4d */
    0xff, 0xff, 0xff, 0xf8, 0xaf, 0x5a, 0x0d, 0x06, 0x32, 0x83, 0xd4, 0xfc, 0xff, 0xff, 0xfc, 0xd3, 0x82, 0x30, 0x07, 0x1e, 0x6d, 0xc0, 0xfa, 0xff, 0xff, 0xff, 0xff, /* row  2 0x4d */
    0xff, 0xff, 0xff, 0xf8, 0xaf, 0x5d, 0x26, 0x28, 0x2a, 0x39, 0x7b, 0xcc, 0xfb, 0xfb, 0xcc, 0x7d, 0x43, 0x29, 0x26, 0x2a, 0x6e, 0xc0, 0xfa, 0xff, 0xff, 0xff, 0xff, /* row  3 0x4d */
    0xff, 0xff, 0xff, 0xf8, 0xaf, 0x5d, 0x30, 0x67, 0x76, 0x59, 0x37, 0x73, 0xbe, 0xbf, 0x76, 0x44, 0x6a, 0x73, 0x58, 0x2d, 0x6e, 0xc0, 0xfa, 0xff, 0xff, 0xff, 0xff, /* row  4 0x4d */
    0xff, 0xff, 0xff, 0xf8, 0xaf, 0x5d, 0x30, 0x74, 0xbb, 0xb1, 0x66, 0x3b, 0x43, 0x44, 0x47, 0x77, 0xbf, 0xac, 0x5f, 0x2d, 0x6e, 0xc0, 0xfa, 0xff, 0xff, 0xff, 0xff, /* row  5 0x4d */
    0xff, 0xff, 0xff, 0xf8, 0xaf, 0x5d, 0x30, 0x74, 0xc6, 0xf2, 0xbf, 0x6c, 0x23, 0x2d, 0x7b, 0xcd, 0xf4, 0xb2, 0x5f, 0x2d, 0x6e, 0xc0, 0xfa, 0xff, 0xff, 0xff, 0xff, /* row  6 0x4d */
    0xff, 0xff, 0xff, 0xf8, 0xaf, 0x5d, 0x30, 0x74, 0xc6, 0xfa, 0xff, 0xff, 0xff, 0xff, 0xff, 0xff, 0xf8, 0xb2, 0x5f, 0x2d, 0x6e, 0xc0, 0xfa, 0xff, 0xff, 0xff, 0xff, /* row  7 0x4d */
    0xff, 0xff, 0xff, 0xf8, 0xaf, 0x5d, 0x30, 0x74, 0xc6, 0xfa, 0xff, 0xff, 0xff, 0xff, 0xff, 0xff, 0xf8, 0xb2, 0x5f, 0x2d, 0x6e, 0xc0, 0xfa, 0xff, 0xff, 0xff, 0xff, /* row  8 0x4d */
    0xff, 0xff, 0xff, 0xff, 0xff, 0xff, 0xff, 0xff, 0xff, 0xff, 0xff, 0xff, 0xff, 0xff, 0xff, 0xff, 0xff, 0xff, 0xff, 0xff, 0xff, 0xff, 0xff, 0xff, 0xff, 0xff, 0xff, /* row  9 0x4d */
    0xff, 0xff, 0xff, 0xff, 0xff, 0xff, 0xff, 0xff, 0xff, 0xff, 0xff, 0xff, 0xff, 0xff, 0xff, 0xff, 0xff, 0xff, 0xff, 0xff, 0xff, 0xff, 0xff, 0xff, 0xff, 0xff, 0xff, /* row 10 0x4d */
    0xff, 0xff, 0xff, 0xff, 0xff, 0xff, 0xff, 0xff, 0xff, 0xff, 0xff, 0xff, 0xff, 0xff, 0xff, 0xff, 0xff, 0xff, 0xff, 0xff, 0xff, 0xff, 0xff, 0xff, 0xff, 0xff, 0xff, /* row 11 0x4d */
};

static const unsigned char g_font_px4e[FONT_STRIP_W * FONT_STRIP_H * 3] = {
    0xff, 0xff, 0xff, 0xff, 0xff, 0xff, 0xff, 0xff, 0xff, 0xff, 0xff, 0xff, 0xff, 0xff, 0xff, 0xff, 0xff, 0xff, 0xff, 0xff, 0xff, 0xff, 0xff, 0xff, 0xff, 0xff, 0xff, /* row  0 0x4e */
    0xff, 0xff, 0xff, 0xff, 0xff, 0xff, 0xff, 0xff, 0xff, 0xff, 0xff, 0xff, 0xff, 0xff, 0xff, 0xff, 0xff, 0xff, 0xff, 0xff, 0xff, 0xff, 0xff, 0xff, 0xff, 0xff, 0xff, /* row  1 0x4e */
    0xff, 0xff, 0xff, 0xfc, 0xdb, 0x8b, 0x38, 0x07, 0x19, 0x5e, 0xb0, 0xef, 0xfe, 0xff, 0xff, 0xfb, 0xc9, 0x76, 0x2d, 0x4c, 0x9d, 0xeb, 0xfe, 0xff, 0xff, 0xff, 0xff, /* row  2 0x4e */
    0xff, 0xff, 0xff, 0xfc, 0xdb, 0x8b, 0x3b, 0x22, 0x23, 0x27, 0x3e, 0x8b, 0xd8, 0xfc, 0xff, 0xfb, 0xc9, 0x76, 0x2d, 0x4c, 0x9d, 0xeb, 0xfe, 0xff, 0xff, 0xff, 0xff, /* row  3 0x4e */
    0xff, 0xff, 0xff, 0xfc, 0xdb, 0x8b, 0x3e, 0x3f, 0x7a, 0x87, 0x55, 0x31, 0x67, 0xb7, 0xf2, 0xfa, 0xc9, 0x76, 0x2d, 0x4c, 0x9d, 0xeb, 0xfe, 0xff, 0xff, 0xff, 0xff, /* row  4 0x4e */
    0xff, 0xff, 0xff, 0xfc, 0xdb, 0x8b, 0x3e, 0x40, 0x8d, 0xd7, 0xc8, 0x7a, 0x35, 0x44, 0x92, 0xd8, 0xc6, 0x76, 0x2d, 0x4c, 0x9d, 0xeb, 0xfe, 0xff, 0xff, 0xff, 0xff, /* row  5 0x4e */
    0xff, 0xff, 0xff, 0xfc, 0xdb, 0x8b, 0x3e, 0x40, 0x8d, 0xdd, 0xfb, 0xe5, 0x9e, 0x4e, 0x30, 0x69, 0x89, 0x6d, 0x2e, 0x4c, 0x9d, 0xeb, 0xfe, 0xff, 0xff, 0xff, 0xff, /* row  6 0x4e */
    0xff, 0xff, 0xff, 0xfc, 0xdb, 0x8b, 0x3e, 0x40, 0x8d, 0xdd, 0xfd, 0xff, 0xf6, 0xc1, 0x70, 0x2d, 0x24, 0x23, 0x20, 0x4c, 0x9d, 0xeb, 0xfe, 0xff, 0xff, 0xff, 0xff, /* row  7 0x4e */
    0xff, 0xff, 0xff, 0xfc, 0xdb, 0x8b, 0x3e, 0x40, 0x8d, 0xdd, 0xfd, 0xff, 0xff, 0xfd, 0xde, 0x93, 0x41, 0x0b, 0x08, 0x49, 0x9d, 0xeb, 0xfe, 0xff, 0xff, 0xff, 0xff, /* row  8 0x4e */
    0xff, 0xff, 0xff, 0xff, 0xff, 0xff, 0xff, 0xff, 0xff, 0xff, 0xff, 0xff, 0xff, 0xff, 0xff, 0xff, 0xff, 0xff, 0xff, 0xff, 0xff, 0xff, 0xff, 0xff, 0xff, 0xff, 0xff, /* row  9 0x4e */
    0xff, 0xff, 0xff, 0xff, 0xff, 0xff, 0xff, 0xff, 0xff, 0xff, 0xff, 0xff, 0xff, 0xff, 0xff, 0xff, 0xff, 0xff, 0xff, 0xff, 0xff, 0xff, 0xff, 0xff, 0xff, 0xff, 0xff, /* row 10 0x4e */
    0xff, 0xff, 0xff, 0xff, 0xff, 0xff, 0xff, 0xff, 0xff, 0xff, 0xff, 0xff, 0xff, 0xff, 0xff, 0xff, 0xff, 0xff, 0xff, 0xff, 0xff, 0xff, 0xff, 0xff, 0xff, 0xff, 0xff, /* row 11 0x4e */
};

static const unsigned char g_font_px4f[FONT_STRIP_W * FONT_STRIP_H * 3] = {
    0xff, 0xff, 0xff, 0xff, 0xff, 0xff, 0xff, 0xff, 0xff, 0xff, 0xff, 0xff, 0xff, 0xff, 0xff, 0xff, 0xff, 0xff, 0xff, 0xff, 0xff, 0xff, 0xff, 0xff, 0xff, 0xff, 0xff, /* row  0 0x4f */
    0xff, 0xff, 0xff, 0xff, 0xff, 0xff, 0xff, 0xff, 0xff, 0xff, 0xff, 0xff, 0xff, 0xff, 0xff, 0xff, 0xff, 0xff, 0xff, 0xff, 0xff, 0xff, 0xff, 0xff, 0xff, 0xff, 0xff, /* row  1 0x4f */
    0xff, 0xff, 0xff, 0xff, 0xff, 0xf9, 0xda, 0xa7, 0x6b, 0x3e, 0x28, 0x22, 0x24, 0x23, 0x22, 0x2b, 0x47, 0x78, 0xb4, 0xe4, 0xfc, 0xff, 0xff, 0xff, 0xff, 0xff, 0xff, /* row  2 0x4f */
    0xff, 0xff, 0xff, 0xfd, 0xde, 0x93, 0x42, 0x19, 0x44, 0x91, 0xd8, 0xf8, 0xff, 0xff, 0xf4, 0xcc, 0x7f, 0x36, 0x1a, 0x54, 0xa7, 0xeb, 0xfe, 0xff, 0xff, 0xff, 0xff, /* row  3 0x4f */
    0xff, 0xff, 0xfe, 0xee, 0xa1, 0x4d, 0x10, 0x4b, 0x9f, 0xec, 0xfe, 0xff, 0xff, 0xff, 0xff, 0xfd, 0xdc, 0x8c, 0x3b, 0x17, 0x5f, 0xb3, 0xf8, 0xff, 0xff, 0xff, 0xff, /* row  4 0x4f */
    0xff, 0xff, 0xfd, 0xdf, 0x90, 0x3e, 0x15, 0x5d, 0xb2, 0xf8, 0xff, 0xff, 0xff, 0xff, 0xff, 0xfe, 0xee, 0xa0, 0x4c, 0x0f, 0x4e, 0xa3, 0xf0, 0xff, 0xff, 0xff, 0xff, /* row  5 0x4f */
    0xff, 0xff, 0xff, 0xef, 0xa3, 0x4e, 0x11, 0x4a, 0x9e, 0xeb, 0xfe, 0xff, 0xff, 0xff, 0xff, 0xfd, 0xdc, 0x8c, 0x3a, 0x19, 0x61, 0xb6, 0xf8, 0xff, 0xff, 0xff, 0xff, /* row  6 0x4f */
    0xff, 0xff, 0xff, 0xfd, 0xe0, 0x96, 0x45, 0x1a, 0x44, 0x91, 0xd9, 0xf8, 0xff, 0xff, 0xf5, 0xcf, 0x82, 0x38, 0x1d, 0x5a, 0xac, 0xed, 0xfe, 0xff, 0xff, 0xff, 0xff, /* row  7 0x4f */
    0xff, 0xff, 0xff, 0xff, 0xff, 0xf9, 0xdb, 0xa7, 0x6b, 0x3e, 0x29, 0x25, 0x28, 0x28, 0x26, 0x2e, 0x49, 0x7b, 0xb8, 0xe6, 0xfd, 0xff, 0xff, 0xff, 0xff, 0xff, 0xff, /* row  8 0x4f */
    0xff, 0xff, 0xff, 0xff, 0xff, 0xff, 0xff, 0xff, 0xff, 0xff, 0xff, 0xff, 0xff, 0xff, 0xff, 0xff, 0xff, 0xff, 0xff, 0xff, 0xff, 0xff, 0xff, 0xff, 0xff, 0xff, 0xff, /* row  9 0x4f */
    0xff, 0xff, 0xff, 0xff, 0xff, 0xff, 0xff, 0xff, 0xff, 0xff, 0xff, 0xff, 0xff, 0xff, 0xff, 0xff, 0xff, 0xff, 0xff, 0xff, 0xff, 0xff, 0xff, 0xff, 0xff, 0xff, 0xff, /* row 10 0x4f */
    0xff, 0xff, 0xff, 0xff, 0xff, 0xff, 0xff, 0xff, 0xff, 0xff, 0xff, 0xff, 0xff, 0xff, 0xff, 0xff, 0xff, 0xff, 0xff, 0xff, 0xff, 0xff, 0xff, 0xff, 0xff, 0xff, 0xff, /* row 11 0x4f */
};

static const unsigned char g_font_px50[FONT_STRIP_W * FONT_STRIP_H * 3] = {
    0xff, 0xff, 0xff, 0xff, 0xff, 0xff, 0xff, 0xff, 0xff, 0xff, 0xff, 0xff, 0xff, 0xff, 0xff, 0xff, 0xff, 0xff, 0xff, 0xff, 0xff, 0xff, 0xff, 0xff, 0xff, 0xff, 0xff, /* row  0 0x50 */
    0xff, 0xff, 0xff, 0xff, 0xff, 0xff, 0xff, 0xff, 0xff, 0xff, 0xff, 0xff, 0xff, 0xff, 0xff, 0xff, 0xff, 0xff, 0xff, 0xff, 0xff, 0xff, 0xff, 0xff, 0xff, 0xff, 0xff, /* row  1 0x50 */
    0xff, 0xff, 0xff, 0xfc, 0xdb, 0x8b, 0x39, 0x0b, 0x13, 0x21, 0x2b, 0x2b, 0x2b, 0x29, 0x26, 0x25, 0x2e, 0x49, 0x77, 0xb2, 0xe2, 0xfc, 0xff, 0xff, 0xff, 0xff, 0xff, /* row  2 0x50 */
    0xff, 0xff, 0xff, 0xfc, 0xdb, 0x8b, 0x3b, 0x26, 0x71, 0xc4, 0xfa, 0xff, 0xff, 0xff, 0xff, 0xf5, 0xcc, 0x7c, 0x32, 0x1b, 0x65, 0xb9, 0xf9, 0xff, 0xff, 0xff, 0xff, /* row  3 0x50 */
    0xff, 0xff, 0xff, 0xfc, 0xdb, 0x8b, 0x3b, 0x26, 0x71, 0xc4, 0xfa, 0xff, 0xff, 0xff, 0xfe, 0xf1, 0xc3, 0x73, 0x2e, 0x25, 0x71, 0xc3, 0xfa, 0xff, 0xff, 0xff, 0xff, /* row  4 0x50 */
    0xff, 0xff, 0xff, 0xfc, 0xdb, 0x8b, 0x39, 0x0b, 0x15, 0x24, 0x2e, 0x2f, 0x2f, 0x2e, 0x29, 0x29, 0x35, 0x55, 0x88, 0xc1, 0xeb, 0xfe, 0xff, 0xff, 0xff, 0xff, 0xff, /* row  5 0x50 */
    0xff, 0xff, 0xff, 0xfc, 0xdb, 0x8b, 0x3b, 0x26, 0x71, 0xc4, 0xfa, 0xff, 0xff, 0xff, 0xff, 0xff, 0xff, 0xff, 0xff, 0xff, 0xff, 0xff, 0xff, 0xff, 0xff, 0xff, 0xff, /* row  6 0x50 */
    0xff, 0xff, 0xff, 0xfc, 0xdb, 0x8b, 0x3b, 0x26, 0x71, 0xc4, 0xfa, 0xff, 0xff, 0xff, 0xff, 0xff, 0xff, 0xff, 0xff, 0xff, 0xff, 0xff, 0xff, 0xff, 0xff, 0xff, 0xff, /* row  7 0x50 */
    0xff, 0xff, 0xff, 0xfc, 0xdb, 0x8b, 0x3b, 0x26, 0x71, 0xc4, 0xfa, 0xff, 0xff, 0xff, 0xff, 0xff, 0xff, 0xff, 0xff, 0xff, 0xff, 0xff, 0xff, 0xff, 0xff, 0xff, 0xff, /* row  8 0x50 */
    0xff, 0xff, 0xff, 0xff, 0xff, 0xff, 0xff, 0xff, 0xff, 0xff, 0xff, 0xff, 0xff, 0xff, 0xff, 0xff, 0xff, 0xff, 0xff, 0xff, 0xff, 0xff, 0xff, 0xff, 0xff, 0xff, 0xff, /* row  9 0x50 */
    0xff, 0xff, 0xff, 0xff, 0xff, 0xff, 0xff, 0xff, 0xff, 0xff, 0xff, 0xff, 0xff, 0xff, 0xff, 0xff, 0xff, 0xff, 0xff, 0xff, 0xff, 0xff, 0xff, 0xff, 0xff, 0xff, 0xff, /* row 10 0x50 */
    0xff, 0xff, 0xff, 0xff, 0xff, 0xff, 0xff, 0xff, 0xff, 0xff, 0xff, 0xff, 0xff, 0xff, 0xff, 0xff, 0xff, 0xff, 0xff, 0xff, 0xff, 0xff, 0xff, 0xff, 0xff, 0xff, 0xff, /* row 11 0x50 */
};

static const unsigned char g_font_px51[FONT_STRIP_W * FONT_STRIP_H * 3] = {
    0xff, 0xff, 0xff, 0xff, 0xff, 0xff, 0xff, 0xff, 0xff, 0xff, 0xff, 0xff, 0xff, 0xff, 0xff, 0xff, 0xff, 0xff, 0xff, 0xff, 0xff, 0xff, 0xff, 0xff, 0xff, 0xff, 0xff, /* row  0 0x51 */
    0xff, 0xff, 0xff, 0xff, 0xff, 0xff, 0xff, 0xff, 0xff, 0xff, 0xff, 0xff, 0xff, 0xff, 0xff, 0xff, 0xff, 0xff, 0xff, 0xff, 0xff, 0xff, 0xff, 0xff, 0xff, 0xff, 0xff, /* row  1 0x51 */
    0xff, 0xff, 0xff, 0xff, 0xff, 0xf9, 0xda, 0xa7, 0x6a, 0x3e, 0x27, 0x22, 0x24, 0x23, 0x22, 0x2b, 0x47, 0x78, 0xb4, 0xe4, 0xfc, 0xff, 0xff, 0xff, 0xff, 0xff, 0xff, /* row  2 0x51 */
    0xff, 0xff, 0xff, 0xfd, 0xdf, 0x94, 0x43, 0x19, 0x44, 0x90, 0xd7, 0xf8, 0xff, 0xff, 0xf3, 0xcb, 0x7e, 0x36, 0x1a, 0x54, 0xa7, 0xeb, 0xfe, 0xff, 0xff, 0xff, 0xff, /* row  3 0x51 */
    0xff, 0xff, 0xfe, 0xee, 0xa2, 0x4d, 0x10, 0x4b, 0x9f, 0xec, 0xfe, 0xff, 0xff, 0xff, 0xff, 0xfd, 0xdc, 0x8c, 0x3a, 0x17, 0x5f, 0xb3, 0xf8, 0xff, 0xff, 0xff, 0xff, /* row  4 0x51 */
    0xff, 0xff, 0xfd, 0xdf, 0x8f, 0x3d, 0x15, 0x5d, 0xb2, 0xf8, 0xff, 0xff, 0xff, 0xff, 0xff, 0xfe, 0xee, 0xa0, 0x4c, 0x0f, 0x4e, 0xa2, 0xf0, 0xff, 0xff, 0xff, 0xff, /* row  5 0x51 */
    0xff, 0xff, 0xff, 0xee, 0xa2, 0x4e, 0x10, 0x4a, 0x9e, 0xec, 0xfe, 0xff, 0xff, 0xff, 0xff, 0xfd, 0xdc, 0x8c, 0x3b, 0x18, 0x61, 0xb5, 0xf8, 0xff, 0xff, 0xff, 0xff, /* row  6 0x51 */
    0xff, 0xff, 0xff, 0xfd, 0xdf, 0x95, 0x44, 0x1a, 0x46, 0x94, 0xdb, 0xfa, 0xff, 0xff, 0xf6, 0xd1, 0x84, 0x3a, 0x1d, 0x59, 0xab, 0xed, 0xfe, 0xff, 0xff, 0xff, 0xff, /* row  7 0x51 */
    0xff, 0xff, 0xff, 0xff, 0xff, 0xf9, 0xd9, 0xa5, 0x67, 0x3b, 0x26, 0x24, 0x28, 0x26, 0x23, 0x2b, 0x49, 0x7b, 0xb8, 0xe6, 0xfd, 0xff, 0xff, 0xff, 0xff, 0xff, 0xff, /* row  8 0x51 */
    0xff, 0xff, 0xff, 0xff, 0xff, 0xff, 0xff, 0xff, 0xff, 0xff, 0xfb, 0xcf, 0x7e, 0x30, 0x23, 0x62, 0xb3, 0xec, 0xfe, 0xff, 0xff, 0xff, 0xff, 0xff, 0xff, 0xff, 0xff, /* row  9 0x51 */
    0xff, 0xff, 0xff, 0xff, 0xff, 0xff, 0xff, 0xff, 0xff, 0xff, 0xff, 0xfe, 0xf0, 0xc4, 0x86, 0x49, 0x2b, 0x26, 0x32, 0x43, 0x71, 0xae, 0xe8, 0xfe, 0xff, 0xff, 0xff, /* row 10 0x51 */
    0xff, 0xff, 0xff, 0xff, 0xff, 0xff, 0xff, 0xff, 0xff, 0xff, 0xff, 0xff, 0xff, 0xff, 0xff, 0xff, 0xff, 0xff, 0xff, 0xff, 0xff, 0xff, 0xff, 0xff, 0xff, 0xff, 0xff, /* row 11 0x51 */
};

static const unsigned char g_font_px52[FONT_STRIP_W * FONT_STRIP_H * 3] = {
    0xff, 0xff, 0xff, 0xff, 0xff, 0xff, 0xff, 0xff, 0xff, 0xff, 0xff, 0xff, 0xff, 0xff, 0xff, 0xff, 0xff, 0xff, 0xff, 0xff, 0xff, 0xff, 0xff, 0xff, 0xff, 0xff, 0xff, /* row  0 0x52 */
    0xff, 0xff, 0xff, 0xff, 0xff, 0xff, 0xff, 0xff, 0xff, 0xff, 0xff, 0xff, 0xff, 0xff, 0xff, 0xff, 0xff, 0xff, 0xff, 0xff, 0xff, 0xff, 0xff, 0xff, 0xff, 0xff, 0xff, /* row  1 0x52 */
    0xff, 0xff, 0xff, 0xfc, 0xdb, 0x8b, 0x39, 0x0b, 0x13, 0x21, 0x2b, 0x2b, 0x2b, 0x2a, 0x27, 0x24, 0x29, 0x3f, 0x69, 0xa5, 0xd9, 0xf9, 0xff, 0xff, 0xff, 0xff, 0xff, /* row  2 0x52 */
    0xff, 0xff, 0xff, 0xfc, 0xdb, 0x8b, 0x3b, 0x26, 0x71, 0xc4, 0xfa, 0xff, 0xff, 0xff, 0xff, 0xf8, 0xd4, 0x84, 0x37, 0x17, 0x60, 0xb5, 0xf8, 0xff, 0xff, 0xff, 0xff, /* row  3 0x52 */
    0xff, 0xff, 0xff, 0xfc, 0xdb, 0x8b, 0x3b, 0x26, 0x71, 0xc4, 0xfa, 0xff, 0xff, 0xfc, 0xf3, 0xdb, 0xa9, 0x60, 0x27, 0x2c, 0x79, 0xca, 0xfb, 0xff, 0xff, 0xff, 0xff, /* row  4 0x52 */
    0xff, 0xff, 0xff, 0xfc, 0xdb, 0x8b, 0x39, 0x0b, 0x15, 0x24, 0x2e, 0x2a, 0x1b, 0x0c, 0x0a, 0x26, 0x4f, 0x80, 0xae, 0xd9, 0xf6, 0xff, 0xff, 0xff, 0xff, 0xff, 0xff, /* row  5 0x52 */
    0xff, 0xff, 0xff, 0xfc, 0xdb, 0x8b, 0x3b, 0x26, 0x71, 0xc4, 0xfa, 0xfc, 0xde, 0x97, 0x48, 0x26, 0x52, 0xa3, 0xe4, 0xfd, 0xff, 0xff, 0xff, 0xff, 0xff, 0xff, 0xff, /* row  6 0x52 */
    0xff, 0xff, 0xff, 0xfc, 0xdb, 0x8b, 0x3b, 0x26, 0x71, 0xc4, 0xfa, 0xff, 0xff, 0xfb, 0xd6, 0x8b, 0x3d, 0x23, 0x55, 0xa5, 0xe5, 0xfd, 0xff, 0xff, 0xff, 0xff, 0xff, /* row  7 0x52 */
    0xff, 0xff, 0xff, 0xfc, 0xdb, 0x8b, 0x3b, 0x26, 0x71, 0xc4, 0xfa, 0xff, 0xff, 0xff, 0xff, 0xf8, 0xcd, 0x7f, 0x34, 0x21, 0x57, 0xa8, 0xe7, 0xfe, 0xff, 0xff, 0xff, /* row  8 0x52 */
    0xff, 0xff, 0xff, 0xff, 0xff, 0xff, 0xff, 0xff, 0xff, 0xff, 0xff, 0xff, 0xff, 0xff, 0xff, 0xff, 0xff, 0xff, 0xff, 0xff, 0xff, 0xff, 0xff, 0xff, 0xff, 0xff, 0xff, /* row  9 0x52 */
    0xff, 0xff, 0xff, 0xff, 0xff, 0xff, 0xff, 0xff, 0xff, 0xff, 0xff, 0xff, 0xff, 0xff, 0xff, 0xff, 0xff, 0xff, 0xff, 0xff, 0xff, 0xff, 0xff, 0xff, 0xff, 0xff, 0xff, /* row 10 0x52 */
    0xff, 0xff, 0xff, 0xff, 0xff, 0xff, 0xff, 0xff, 0xff, 0xff, 0xff, 0xff, 0xff, 0xff, 0xff, 0xff, 0xff, 0xff, 0xff, 0xff, 0xff, 0xff, 0xff, 0xff, 0xff, 0xff, 0xff, /* row 11 0x52 */
};

static const unsigned char g_font_px53[FONT_STRIP_W * FONT_STRIP_H * 3] = {
    0xff, 0xff, 0xff, 0xff, 0xff, 0xff, 0xff, 0xff, 0xff, 0xff, 0xff, 0xff, 0xff, 0xff, 0xff, 0xff, 0xff, 0xff, 0xff, 0xff, 0xff, 0xff, 0xff, 0xff, 0xff, 0xff, 0xff, /* row  0 0x53 */
    0xff, 0xff, 0xff, 0xff, 0xff, 0xff, 0xff, 0xff, 0xff, 0xff, 0xff, 0xff, 0xff, 0xff, 0xff, 0xff, 0xff, 0xff, 0xff, 0xff, 0xff, 0xff, 0xff, 0xff, 0xff, 0xff, 0xff, /* row  1 0x53 */
    0xff, 0xff, 0xff, 0xff, 0xfd, 0xe6, 0xb7, 0x7a, 0x4a, 0x34, 0x2f, 0x34, 0x35, 0x32, 0x2a, 0x28, 0x35, 0x59, 0x94, 0xcd, 0xf4, 0xff, 0xff, 0xff, 0xff, 0xff, 0xff, /* row  2 0x53 */
    0xff, 0xff, 0xff, 0xfc, 0xd1, 0x80, 0x32, 0x2b, 0x74, 0xc5, 0xf7, 0xff, 0xff, 0xff, 0xfd, 0xe6, 0xa4, 0x58, 0x2b, 0x56, 0xa4, 0xe8, 0xfe, 0xff, 0xff, 0xff, 0xff, /* row  3 0x53 */
    0xff, 0xff, 0xff, 0xfd, 0xe4, 0x9e, 0x4d, 0x1f, 0x3a, 0x71, 0xa7, 0xc8, 0xdf, 0xf1, 0xfb, 0xff, 0xff, 0xff, 0xff, 0xff, 0xff, 0xff, 0xff, 0xff, 0xff, 0xff, 0xff, /* row  4 0x53 */
    0xff, 0xff, 0xff, 0xff, 0xff, 0xfe, 0xf0, 0xd4, 0xad, 0x8b, 0x70, 0x59, 0x43, 0x30, 0x26, 0x2a, 0x3f, 0x60, 0x8e, 0xc1, 0xe9, 0xfd, 0xff, 0xff, 0xff, 0xff, 0xff, /* row  5 0x53 */
    0xff, 0xff, 0xff, 0xff, 0xff, 0xff, 0xff, 0xff, 0xff, 0xff, 0xff, 0xff, 0xff, 0xff, 0xfc, 0xed, 0xc5, 0x79, 0x34, 0x1b, 0x60, 0xb3, 0xf5, 0xff, 0xff, 0xff, 0xff, /* row  6 0x53 */
    0xff, 0xff, 0xfd, 0xe3, 0x9d, 0x50, 0x2a, 0x56, 0xa1, 0xe1, 0xfb, 0xff, 0xff, 0xff, 0xff, 0xf9, 0xda, 0x8d, 0x3f, 0x19, 0x5c, 0xaf, 0xf4, 0xff, 0xff, 0xff, 0xff, /* row  7 0x53 */
    0xff, 0xff, 0xff, 0xff, 0xf4, 0xd2, 0x9d, 0x65, 0x3e, 0x2b, 0x28, 0x2d, 0x31, 0x32, 0x31, 0x2d, 0x33, 0x48, 0x73, 0xad, 0xde, 0xfa, 0xff, 0xff, 0xff, 0xff, 0xff, /* row  8 0x53 */
    0xff, 0xff, 0xff, 0xff, 0xff, 0xff, 0xff, 0xff, 0xff, 0xff, 0xff, 0xff, 0xff, 0xff, 0xff, 0xff, 0xff, 0xff, 0xff, 0xff, 0xff, 0xff, 0xff, 0xff, 0xff, 0xff, 0xff, /* row  9 0x53 */
    0xff, 0xff, 0xff, 0xff, 0xff, 0xff, 0xff, 0xff, 0xff, 0xff, 0xff, 0xff, 0xff, 0xff, 0xff, 0xff, 0xff, 0xff, 0xff, 0xff, 0xff, 0xff, 0xff, 0xff, 0xff, 0xff, 0xff, /* row 10 0x53 */
    0xff, 0xff, 0xff, 0xff, 0xff, 0xff, 0xff, 0xff, 0xff, 0xff, 0xff, 0xff, 0xff, 0xff, 0xff, 0xff, 0xff, 0xff, 0xff, 0xff, 0xff, 0xff, 0xff, 0xff, 0xff, 0xff, 0xff, /* row 11 0x53 */
};

static const unsigned char g_font_px54[FONT_STRIP_W * FONT_STRIP_H * 3] = {
    0xff, 0xff, 0xff, 0xff, 0xff, 0xff, 0xff, 0xff, 0xff, 0xff, 0xff, 0xff, 0xff, 0xff, 0xff, 0xff, 0xff, 0xff, 0xff, 0xff, 0xff, 0xff, 0xff, 0xff, 0xff, 0xff, 0xff, /* row  0 0x54 */
    0xff, 0xff, 0xff, 0xff, 0xff, 0xff, 0xff, 0xff, 0xff, 0xff, 0xff, 0xff, 0xff, 0xff, 0xff, 0xff, 0xff, 0xff, 0xff, 0xff, 0xff, 0xff, 0xff, 0xff, 0xff, 0xff, 0xff, /* row  1 0x54 */
    0xff, 0xff, 0xfa, 0xc6, 0x7f, 0x3d, 0x29, 0x27, 0x27, 0x27, 0x1e, 0x12, 0x06, 0x09, 0x15, 0x21, 0x27, 0x27, 0x27, 0x2a, 0x4b, 0x8f, 0xd4, 0xfc, 0xff, 0xff, 0xff, /* row  2 0x54 */
    0xff, 0xff, 0xff, 0xff, 0xff, 0xff, 0xff, 0xff, 0xff, 0xfa, 0xc5, 0x72, 0x27, 0x36, 0x85, 0xd6, 0xfc, 0xff, 0xff, 0xff, 0xff, 0xff, 0xff, 0xff, 0xff, 0xff, 0xff, /* row  3 0x54 */
    0xff, 0xff, 0xff, 0xff, 0xff, 0xff, 0xff, 0xff, 0xff, 0xfa, 0xc5, 0x72, 0x27, 0x36, 0x85, 0xd6, 0xfc, 0xff, 0xff, 0xff, 0xff, 0xff, 0xff, 0xff, 0xff, 0xff, 0xff, /* row  4 0x54 */
    0xff, 0xff, 0xff, 0xff, 0xff, 0xff, 0xff, 0xff, 0xff, 0xfa, 0xc5, 0x72, 0x27, 0x36, 0x85, 0xd6, 0xfc, 0xff, 0xff, 0xff, 0xff, 0xff, 0xff, 0xff, 0xff, 0xff, 0xff, /* row  5 0x54 */
    0xff, 0xff, 0xff, 0xff, 0xff, 0xff, 0xff, 0xff, 0xff, 0xfa, 0xc5, 0x72, 0x27, 0x36, 0x85, 0xd6, 0xfc, 0xff, 0xff, 0xff, 0xff, 0xff, 0xff, 0xff, 0xff, 0xff, 0xff, /* row  6 0x54 */
    0xff, 0xff, 0xff, 0xff, 0xff, 0xff, 0xff, 0xff, 0xff, 0xfa, 0xc5, 0x72, 0x27, 0x36, 0x85, 0xd6, 0xfc, 0xff, 0xff, 0xff, 0xff, 0xff, 0xff, 0xff, 0xff, 0xff, 0xff, /* row  7 0x54 */
    0xff, 0xff, 0xff, 0xff, 0xff, 0xff, 0xff, 0xff, 0xff, 0xfa, 0xc5, 0x72, 0x27, 0x36, 0x85, 0xd6, 0xfc, 0xff, 0xff, 0xff, 0xff, 0xff, 0xff, 0xff, 0xff, 0xff, 0xff, /* row  8 0x54 */
    0xff, 0xff, 0xff, 0xff, 0xff, 0xff, 0xff, 0xff, 0xff, 0xff, 0xff, 0xff, 0xff, 0xff, 0xff, 0xff, 0xff, 0xff, 0xff, 0xff, 0xff, 0xff, 0xff, 0xff, 0xff, 0xff, 0xff, /* row  9 0x54 */
    0xff, 0xff, 0xff, 0xff, 0xff, 0xff, 0xff, 0xff, 0xff, 0xff, 0xff, 0xff, 0xff, 0xff, 0xff, 0xff, 0xff, 0xff, 0xff, 0xff, 0xff, 0xff, 0xff, 0xff, 0xff, 0xff, 0xff, /* row 10 0x54 */
    0xff, 0xff, 0xff, 0xff, 0xff, 0xff, 0xff, 0xff, 0xff, 0xff, 0xff, 0xff, 0xff, 0xff, 0xff, 0xff, 0xff, 0xff, 0xff, 0xff, 0xff, 0xff, 0xff, 0xff, 0xff, 0xff, 0xff, /* row 11 0x54 */
};

static const unsigned char g_font_px55[FONT_STRIP_W * FONT_STRIP_H * 3] = {
    0xff, 0xff, 0xff, 0xff, 0xff, 0xff, 0xff, 0xff, 0xff, 0xff, 0xff, 0xff, 0xff, 0xff, 0xff, 0xff, 0xff, 0xff, 0xff, 0xff, 0xff, 0xff, 0xff, 0xff, 0xff, 0xff, 0xff, /* row  0 0x55 */
    0xff, 0xff, 0xff, 0xff, 0xff, 0xff, 0xff, 0xff, 0xff, 0xff, 0xff, 0xff, 0xff, 0xff, 0xff, 0xff, 0xff, 0xff, 0xff, 0xff, 0xff, 0xff, 0xff, 0xff, 0xff, 0xff, 0xff, /* row  1 0x55 */
    0xff, 0xff, 0xff, 0xfa, 0xc1, 0x6e, 0x24, 0x3d, 0x8d, 0xdd, 0xfd, 0xff, 0xff, 0xff, 0xff, 0xfb, 0xcc, 0x7a, 0x2e, 0x33, 0x81, 0xd2, 0xfc, 0xff, 0xff, 0xff, 0xff, /* row  2 0x55 */
    0xff, 0xff, 0xff, 0xfa, 0xc1, 0x6e, 0x24, 0x3d, 0x8d, 0xdd, 0xfd, 0xff, 0xff, 0xff, 0xff, 0xfb, 0xcc, 0x7a, 0x2e, 0x33, 0x81, 0xd2, 0xfc, 0xff, 0xff, 0xff, 0xff, /* row  3 0x55 */
    0xff, 0xff, 0xff, 0xfa, 0xc1, 0x6e, 0x24, 0x3d, 0x8d, 0xdd, 0xfd, 0xff, 0xff, 0xff, 0xff, 0xfb, 0xcc, 0x7a, 0x2e, 0x33, 0x81, 0xd2, 0xfc, 0xff, 0xff, 0xff, 0xff, /* row  4 0x55 */
    0xff, 0xff, 0xff, 0xfa, 0xc1, 0x6e, 0x24, 0x3d, 0x8d, 0xdd, 0xfd, 0xff, 0xff, 0xff, 0xff, 0xfb, 0xcc, 0x7a, 0x2e, 0x33, 0x81, 0xd2, 0xfc, 0xff, 0xff, 0xff, 0xff, /* row  5 0x55 */
    0xff, 0xff, 0xff, 0xfa, 0xc3, 0x70, 0x26, 0x39, 0x88, 0xd9, 0xfc, 0xff, 0xff, 0xff, 0xff, 0xfb, 0xc9, 0x77, 0x2b, 0x36, 0x84, 0xd5, 0xfc, 0xff, 0xff, 0xff, 0xff, /* row  6 0x55 */
    0xff, 0xff, 0xff, 0xfd, 0xe0, 0x91, 0x40, 0x1a, 0x55, 0xa7, 0xeb, 0xfe, 0xff, 0xff, 0xfa, 0xdc, 0x90, 0x41, 0x19, 0x56, 0xa9, 0xf0, 0xff, 0xff, 0xff, 0xff, 0xff, /* row  7 0x55 */
    0xff, 0xff, 0xff, 0xff, 0xfe, 0xef, 0xc4, 0x87, 0x4e, 0x2f, 0x25, 0x26, 0x2a, 0x29, 0x25, 0x28, 0x3a, 0x63, 0xa0, 0xd7, 0xf8, 0xff, 0xff, 0xff, 0xff, 0xff, 0xff, /* row  8 0x55 */
    0xff, 0xff, 0xff, 0xff, 0xff, 0xff, 0xff, 0xff, 0xff, 0xff, 0xff, 0xff, 0xff, 0xff, 0xff, 0xff, 0xff, 0xff, 0xff, 0xff, 0xff, 0xff, 0xff, 0xff, 0xff, 0xff, 0xff, /* row  9 0x55 */
    0xff, 0xff, 0xff, 0xff, 0xff, 0xff, 0xff, 0xff, 0xff, 0xff, 0xff, 0xff, 0xff, 0xff, 0xff, 0xff, 0xff, 0xff, 0xff, 0xff, 0xff, 0xff, 0xff, 0xff, 0xff, 0xff, 0xff, /* row 10 0x55 */
    0xff, 0xff, 0xff, 0xff, 0xff, 0xff, 0xff, 0xff, 0xff, 0xff, 0xff, 0xff, 0xff, 0xff, 0xff, 0xff, 0xff, 0xff, 0xff, 0xff, 0xff, 0xff, 0xff, 0xff, 0xff, 0xff, 0xff, /* row 11 0x55 */
};

static const unsigned char g_font_px56[FONT_STRIP_W * FONT_STRIP_H * 3] = {
    0xff, 0xff, 0xff, 0xff, 0xff, 0xff, 0xff, 0xff, 0xff, 0xff, 0xff, 0xff, 0xff, 0xff, 0xff, 0xff, 0xff, 0xff, 0xff, 0xff, 0xff, 0xff, 0xff, 0xff, 0xff, 0xff, 0xff, /* row  0 0x56 */
    0xff, 0xff, 0xff, 0xff, 0xff, 0xff, 0xff, 0xff, 0xff, 0xff, 0xff, 0xff, 0xff, 0xff, 0xff, 0xff, 0xff, 0xff, 0xff, 0xff, 0xff, 0xff, 0xff, 0xff, 0xff, 0xff, 0xff, /* row  1 0x56 */
    0xff, 0xfd, 0xdf, 0x93, 0x41, 0x1c, 0x59, 0xac, 0xef, 0xff, 0xff, 0xff, 0xff, 0xff, 0xff, 0xff, 0xfe, 0xe7, 0x9d, 0x4b, 0x1c, 0x53, 0xa5, 0xeb, 0xfe, 0xff, 0xff, /* row  2 0x56 */
    0xff, 0xff, 0xfe, 0xe8, 0xa0, 0x4e, 0x1d, 0x52, 0xa5, 0xeb, 0xfe, 0xff, 0xff, 0xff, 0xff, 0xfd, 0xe1, 0x95, 0x44, 0x20, 0x60, 0xb2, 0xf2, 0xff, 0xff, 0xff, 0xff, /* row  3 0x56 */
    0xff, 0xff, 0xff, 0xff, 0xf0, 0xad, 0x5b, 0x20, 0x4a, 0x9c, 0xe6, 0xfe, 0xff, 0xff, 0xfc, 0xdb, 0x8c, 0x3c, 0x26, 0x6d, 0xbf, 0xf7, 0xff, 0xff, 0xff, 0xff, 0xff, /* row  4 0x56 */
    0xff, 0xff, 0xff, 0xff, 0xff, 0xf6, 0xbb, 0x69, 0x25, 0x44, 0x94, 0xe1, 0xfd, 0xfc, 0xd3, 0x83, 0x35, 0x2f, 0x7b, 0xcc, 0xfa, 0xff, 0xff, 0xff, 0xff, 0xff, 0xff, /* row  5 0x56 */
    0xff, 0xff, 0xff, 0xff, 0xff, 0xff, 0xfa, 0xc8, 0x76, 0x2d, 0x3d, 0x8c, 0xd7, 0xc9, 0x7b, 0x2f, 0x3a, 0x88, 0xd8, 0xfc, 0xff, 0xff, 0xff, 0xff, 0xff, 0xff, 0xff, /* row  6 0x56 */
    0xff, 0xff, 0xff, 0xff, 0xff, 0xff, 0xff, 0xfc, 0xd4, 0x84, 0x37, 0x3a, 0x5a, 0x58, 0x32, 0x47, 0x96, 0xe2, 0xfd, 0xff, 0xff, 0xff, 0xff, 0xff, 0xff, 0xff, 0xff, /* row  7 0x56 */
    0xff, 0xff, 0xff, 0xff, 0xff, 0xff, 0xff, 0xff, 0xfd, 0xdf, 0x92, 0x40, 0x0a, 0x11, 0x51, 0xa4, 0xeb, 0xfe, 0xff, 0xff, 0xff, 0xff, 0xff, 0xff, 0xff, 0xff, 0xff, /* row  8 0x56 */
    0xff, 0xff, 0xff, 0xff, 0xff, 0xff, 0xff, 0xff, 0xff, 0xff, 0xff, 0xff, 0xff, 0xff, 0xff, 0xff, 0xff, 0xff, 0xff, 0xff, 0xff, 0xff, 0xff, 0xff, 0xff, 0xff, 0xff, /* row  9 0x56 */
    0xff, 0xff, 0xff, 0xff, 0xff, 0xff, 0xff, 0xff, 0xff, 0xff, 0xff, 0xff, 0xff, 0xff, 0xff, 0xff, 0xff, 0xff, 0xff, 0xff, 0xff, 0xff, 0xff, 0xff, 0xff, 0xff, 0xff, /* row 10 0x56 */
    0xff, 0xff, 0xff, 0xff, 0xff, 0xff, 0xff, 0xff, 0xff, 0xff, 0xff, 0xff, 0xff, 0xff, 0xff, 0xff, 0xff, 0xff, 0xff, 0xff, 0xff, 0xff, 0xff, 0xff, 0xff, 0xff, 0xff, /* row 11 0x56 */
};

static const unsigned char g_font_px57[FONT_STRIP_W * FONT_STRIP_H * 3] = {
    0xff, 0xff, 0xff, 0xff, 0xff, 0xff, 0xff, 0xff, 0xff, 0xff, 0xff, 0xff, 0xff, 0xff, 0xff, 0xff, 0xff, 0xff, 0xff, 0xff, 0xff, 0xff, 0xff, 0xff, 0xff, 0xff, 0xff, /* row  0 0x57 */
    0xff, 0xff, 0xff, 0xff, 0xff, 0xff, 0xff, 0xff, 0xff, 0xff, 0xff, 0xff, 0xff, 0xff, 0xff, 0xff, 0xff, 0xff, 0xff, 0xff, 0xff, 0xff, 0xff, 0xff, 0xff, 0xff, 0xff, /* row  1 0x57 */
    0xff, 0xf9, 0xbd, 0x6a, 0x21, 0x45, 0x97, 0xe5, 0xfe, 0xff, 0xff, 0xff, 0xff, 0xff, 0xff, 0xff, 0xff, 0xfc, 0xd5, 0x84, 0x36, 0x30, 0x7d, 0xce, 0xfb, 0xff, 0xff, /* row  2 0x57 */
    0xff, 0xfd, 0xe3, 0x94, 0x44, 0x2b, 0x76, 0xc8, 0xfb, 0xf9, 0xbc, 0x69, 0x1d, 0x27, 0x75, 0xc7, 0xfa, 0xf9, 0xb9, 0x66, 0x21, 0x52, 0xa6, 0xf1, 0xff, 0xff, 0xff, /* row  3 0x57 */
    0xff, 0xff, 0xf9, 0xbc, 0x68, 0x25, 0x57, 0xaa, 0xf1, 0xdb, 0x8e, 0x58, 0x3a, 0x3b, 0x5b, 0x9a, 0xe5, 0xe9, 0x9c, 0x4b, 0x30, 0x79, 0xcb, 0xfb, 0xff, 0xff, 0xff, /* row  4 0x57 */
    0xff, 0xff, 0xfd, 0xe1, 0x92, 0x44, 0x3d, 0x89, 0xce, 0xaa, 0x64, 0x60, 0x93, 0x90, 0x5f, 0x6e, 0xb6, 0xc8, 0x7d, 0x35, 0x52, 0xa3, 0xef, 0xff, 0xff, 0xff, 0xff, /* row  5 0x57 */
    0xff, 0xff, 0xff, 0xf9, 0xba, 0x68, 0x32, 0x67, 0x8a, 0x7a, 0x60, 0x8c, 0xd4, 0xca, 0x80, 0x63, 0x87, 0x8e, 0x5e, 0x37, 0x77, 0xc9, 0xfb, 0xff, 0xff, 0xff, 0xff, /* row  6 0x57 */
    0xff, 0xff, 0xff, 0xfd, 0xdf, 0x90, 0x44, 0x44, 0x4a, 0x5c, 0x73, 0xbe, 0xf9, 0xf5, 0xb1, 0x6b, 0x56, 0x4c, 0x44, 0x52, 0xa0, 0xed, 0xfe, 0xff, 0xff, 0xff, 0xff, /* row  7 0x57 */
    0xff, 0xff, 0xff, 0xff, 0xf9, 0xb8, 0x65, 0x21, 0x18, 0x59, 0xa4, 0xee, 0xfe, 0xfd, 0xe2, 0x93, 0x4a, 0x15, 0x2e, 0x75, 0xc6, 0xfa, 0xff, 0xff, 0xff, 0xff, 0xff, /* row  8 0x57 */
    0xff, 0xff, 0xff, 0xff, 0xff, 0xff, 0xff, 0xff, 0xff, 0xff, 0xff, 0xff, 0xff, 0xff, 0xff, 0xff, 0xff, 0xff, 0xff, 0xff, 0xff, 0xff, 0xff, 0xff, 0xff, 0xff, 0xff, /* row  9 0x57 */
    0xff, 0xff, 0xff, 0xff, 0xff, 0xff, 0xff, 0xff, 0xff, 0xff, 0xff, 0xff, 0xff, 0xff, 0xff, 0xff, 0xff, 0xff, 0xff, 0xff, 0xff, 0xff, 0xff, 0xff, 0xff, 0xff, 0xff, /* row 10 0x57 */
    0xff, 0xff, 0xff, 0xff, 0xff, 0xff, 0xff, 0xff, 0xff, 0xff, 0xff, 0xff, 0xff, 0xff, 0xff, 0xff, 0xff, 0xff, 0xff, 0xff, 0xff, 0xff, 0xff, 0xff, 0xff, 0xff, 0xff, /* row 11 0x57 */
};

static const unsigned char g_font_px58[FONT_STRIP_W * FONT_STRIP_H * 3] = {
    0xff, 0xff, 0xff, 0xff, 0xff, 0xff, 0xff, 0xff, 0xff, 0xff, 0xff, 0xff, 0xff, 0xff, 0xff, 0xff, 0xff, 0xff, 0xff, 0xff, 0xff, 0xff, 0xff, 0xff, 0xff, 0xff, 0xff, /* row  0 0x58 */
    0xff, 0xff, 0xff, 0xff, 0xff, 0xff, 0xff, 0xff, 0xff, 0xff, 0xff, 0xff, 0xff, 0xff, 0xff, 0xff, 0xff, 0xff, 0xff, 0xff, 0xff, 0xff, 0xff, 0xff, 0xff, 0xff, 0xff, /* row  1 0x58 */
    0xff, 0xff, 0xfe, 0xef, 0xbc, 0x6e, 0x2f, 0x36, 0x7c, 0xc9, 0xf6, 0xff, 0xff, 0xff, 0xfe, 0xf0, 0xbd, 0x6d, 0x2f, 0x37, 0x7f, 0xcb, 0xf6, 0xff, 0xff, 0xff, 0xff, /* row  2 0x58 */
    0xff, 0xff, 0xff, 0xff, 0xff, 0xf3, 0xc3, 0x75, 0x34, 0x36, 0x7b, 0xc9, 0xf4, 0xee, 0xba, 0x6b, 0x30, 0x3e, 0x88, 0xd1, 0xf8, 0xff, 0xff, 0xff, 0xff, 0xff, 0xff, /* row  3 0x58 */
    0xff, 0xff, 0xff, 0xff, 0xff, 0xff, 0xff, 0xf5, 0xca, 0x7e, 0x39, 0x33, 0x47, 0x44, 0x2f, 0x44, 0x8f, 0xd7, 0xfa, 0xff, 0xff, 0xff, 0xff, 0xff, 0xff, 0xff, 0xff, /* row  4 0x58 */
    0xff, 0xff, 0xff, 0xff, 0xff, 0xff, 0xff, 0xff, 0xfd, 0xdd, 0x8f, 0x3d, 0x09, 0x0f, 0x4e, 0xa1, 0xe8, 0xfe, 0xff, 0xff, 0xff, 0xff, 0xff, 0xff, 0xff, 0xff, 0xff, /* row  5 0x58 */
    0xff, 0xff, 0xff, 0xff, 0xff, 0xff, 0xfc, 0xdd, 0x9a, 0x4c, 0x2f, 0x5a, 0x8c, 0x85, 0x4b, 0x2f, 0x5c, 0xab, 0xe7, 0xfe, 0xff, 0xff, 0xff, 0xff, 0xff, 0xff, 0xff, /* row  6 0x58 */
    0xff, 0xff, 0xff, 0xff, 0xfb, 0xd8, 0x92, 0x45, 0x2c, 0x5e, 0xae, 0xe9, 0xfe, 0xfd, 0xe1, 0x9f, 0x50, 0x2c, 0x54, 0xa4, 0xe3, 0xfd, 0xff, 0xff, 0xff, 0xff, 0xff, /* row  7 0x58 */
    0xff, 0xff, 0xf9, 0xd2, 0x89, 0x3e, 0x2a, 0x60, 0xb0, 0xea, 0xfe, 0xff, 0xff, 0xff, 0xff, 0xfd, 0xe2, 0xa2, 0x52, 0x2a, 0x4c, 0x9b, 0xde, 0xfc, 0xff, 0xff, 0xff, /* row  8 0x58 */
    0xff, 0xff, 0xff, 0xff, 0xff, 0xff, 0xff, 0xff, 0xff, 0xff, 0xff, 0xff, 0xff, 0xff, 0xff, 0xff, 0xff, 0xff, 0xff, 0xff, 0xff, 0xff, 0xff, 0xff, 0xff, 0xff, 0xff, /* row  9 0x58 */
    0xff, 0xff, 0xff, 0xff, 0xff, 0xff, 0xff, 0xff, 0xff, 0xff, 0xff, 0xff, 0xff, 0xff, 0xff, 0xff, 0xff, 0xff, 0xff, 0xff, 0xff, 0xff, 0xff, 0xff, 0xff, 0xff, 0xff, /* row 10 0x58 */
    0xff, 0xff, 0xff, 0xff, 0xff, 0xff, 0xff, 0xff, 0xff, 0xff, 0xff, 0xff, 0xff, 0xff, 0xff, 0xff, 0xff, 0xff, 0xff, 0xff, 0xff, 0xff, 0xff, 0xff, 0xff, 0xff, 0xff, /* row 11 0x58 */
};

static const unsigned char g_font_px59[FONT_STRIP_W * FONT_STRIP_H * 3] = {
    0xff, 0xff, 0xff, 0xff, 0xff, 0xff, 0xff, 0xff, 0xff, 0xff, 0xff, 0xff, 0xff, 0xff, 0xff, 0xff, 0xff, 0xff, 0xff, 0xff, 0xff, 0xff, 0xff, 0xff, 0xff, 0xff, 0xff, /* row  0 0x59 */
    0xff, 0xff, 0xff, 0xff, 0xff, 0xff, 0xff, 0xff, 0xff, 0xff, 0xff, 0xff, 0xff, 0xff, 0xff, 0xff, 0xff, 0xff, 0xff, 0xff, 0xff, 0xff, 0xff, 0xff, 0xff, 0xff, 0xff, /* row  1 0x59 */
    0xff, 0xff, 0xf8, 0xcf, 0x83, 0x38, 0x29, 0x65, 0xb6, 0xee, 0xfe, 0xff, 0xff, 0xff, 0xff, 0xfd, 0xe5, 0xa4, 0x54, 0x26, 0x46, 0x95, 0xdb, 0xfc, 0xff, 0xff, 0xff, /* row  2 0x59 */
    0xff, 0xff, 0xff, 0xff, 0xf7, 0xcc, 0x80, 0x37, 0x2e, 0x6e, 0xbe, 0xf2, 0xff, 0xfe, 0xea, 0xad, 0x5d, 0x29, 0x43, 0x91, 0xd9, 0xfb, 0xff, 0xff, 0xff, 0xff, 0xff, /* row  3 0x59 */
    0xff, 0xff, 0xff, 0xff, 0xff, 0xff, 0xf6, 0xca, 0x7c, 0x36, 0x33, 0x76, 0xb4, 0xab, 0x65, 0x2d, 0x41, 0x8e, 0xd7, 0xfa, 0xff, 0xff, 0xff, 0xff, 0xff, 0xff, 0xff, /* row  4 0x59 */
    0xff, 0xff, 0xff, 0xff, 0xff, 0xff, 0xff, 0xff, 0xf5, 0xc7, 0x79, 0x31, 0x0c, 0x11, 0x3d, 0x8b, 0xd5, 0xfa, 0xff, 0xff, 0xff, 0xff, 0xff, 0xff, 0xff, 0xff, 0xff, /* row  5 0x59 */
    0xff, 0xff, 0xff, 0xff, 0xff, 0xff, 0xff, 0xff, 0xff, 0xfb, 0xc9, 0x76, 0x2b, 0x3a, 0x89, 0xd9, 0xfc, 0xff, 0xff, 0xff, 0xff, 0xff, 0xff, 0xff, 0xff, 0xff, 0xff, /* row  6 0x59 */
    0xff, 0xff, 0xff, 0xff, 0xff, 0xff, 0xff, 0xff, 0xff, 0xfb, 0xc9, 0x76, 0x2b, 0x3a, 0x89, 0xd9, 0xfc, 0xff, 0xff, 0xff, 0xff, 0xff, 0xff, 0xff, 0xff, 0xff, 0xff, /* row  7 0x59 */
    0xff, 0xff, 0xff, 0xff, 0xff, 0xff, 0xff, 0xff, 0xff, 0xfb, 0xc9, 0x76, 0x2b, 0x3a, 0x89, 0xd9, 0xfc, 0xff, 0xff, 0xff, 0xff, 0xff, 0xff, 0xff, 0xff, 0xff, 0xff, /* row  8 0x59 */
    0xff, 0xff, 0xff, 0xff, 0xff, 0xff, 0xff, 0xff, 0xff, 0xff, 0xff, 0xff, 0xff, 0xff, 0xff, 0xff, 0xff, 0xff, 0xff, 0xff, 0xff, 0xff, 0xff, 0xff, 0xff, 0xff, 0xff, /* row  9 0x59 */
    0xff, 0xff, 0xff, 0xff, 0xff, 0xff, 0xff, 0xff, 0xff, 0xff, 0xff, 0xff, 0xff, 0xff, 0xff, 0xff, 0xff, 0xff, 0xff, 0xff, 0xff, 0xff, 0xff, 0xff, 0xff, 0xff, 0xff, /* row 10 0x59 */
    0xff, 0xff, 0xff, 0xff, 0xff, 0xff, 0xff, 0xff, 0xff, 0xff, 0xff, 0xff, 0xff, 0xff, 0xff, 0xff, 0xff, 0xff, 0xff, 0xff, 0xff, 0xff, 0xff, 0xff, 0xff, 0xff, 0xff, /* row 11 0x59 */
};

static const unsigned char g_font_px5a[FONT_STRIP_W * FONT_STRIP_H * 3] = {
    0xff, 0xff, 0xff, 0xff, 0xff, 0xff, 0xff, 0xff, 0xff, 0xff, 0xff, 0xff, 0xff, 0xff, 0xff, 0xff, 0xff, 0xff, 0xff, 0xff, 0xff, 0xff, 0xff, 0xff, 0xff, 0xff, 0xff, /* row  0 0x5a */
    0xff, 0xff, 0xff, 0xff, 0xff, 0xff, 0xff, 0xff, 0xff, 0xff, 0xff, 0xff, 0xff, 0xff, 0xff, 0xff, 0xff, 0xff, 0xff, 0xff, 0xff, 0xff, 0xff, 0xff, 0xff, 0xff, 0xff, /* row  1 0x5a */
    0xff, 0xff, 0xff, 0xfb, 0xce, 0x88, 0x45, 0x2a, 0x27, 0x27, 0x27, 0x27, 0x27, 0x27, 0x27, 0x26, 0x1c, 0x0f, 0x05, 0x19, 0x68, 0xbb, 0xf9, 0xff, 0xff, 0xff, 0xff, /* row  2 0x5a */
    0xff, 0xff, 0xff, 0xff, 0xff, 0xff, 0xff, 0xff, 0xff, 0xff, 0xff, 0xff, 0xff, 0xf9, 0xd6, 0x93, 0x49, 0x2f, 0x57, 0xa5, 0xe1, 0xfc, 0xff, 0xff, 0xff, 0xff, 0xff, /* row  3 0x5a */
    0xff, 0xff, 0xff, 0xff, 0xff, 0xff, 0xff, 0xff, 0xff, 0xff, 0xfe, 0xee, 0xbd, 0x71, 0x36, 0x39, 0x79, 0xc3, 0xf1, 0xfe, 0xff, 0xff, 0xff, 0xff, 0xff, 0xff, 0xff, /* row  4 0x5a */
    0xff, 0xff, 0xff, 0xff, 0xff, 0xff, 0xff, 0xff, 0xfb, 0xdc, 0x9d, 0x50, 0x2e, 0x4f, 0x9b, 0xdb, 0xfb, 0xff, 0xff, 0xff, 0xff, 0xff, 0xff, 0xff, 0xff, 0xff, 0xff, /* row  5 0x5a */
    0xff, 0xff, 0xff, 0xff, 0xff, 0xfe, 0xf1, 0xc4, 0x79, 0x39, 0x34, 0x6f, 0xbb, 0xed, 0xfe, 0xff, 0xff, 0xff, 0xff, 0xff, 0xff, 0xff, 0xff, 0xff, 0xff, 0xff, 0xff, /* row  6 0x5a */
    0xff, 0xff, 0xff, 0xfc, 0xe1, 0xa5, 0x58, 0x2e, 0x47, 0x91, 0xd5, 0xf8, 0xff, 0xff, 0xff, 0xff, 0xff, 0xff, 0xff, 0xff, 0xff, 0xff, 0xff, 0xff, 0xff, 0xff, 0xff, /* row  7 0x5a */
    0xff, 0xff, 0xf9, 0xbd, 0x6a, 0x1b, 0x05, 0x0f, 0x1c, 0x26, 0x27, 0x27, 0x27, 0x27, 0x27, 0x27, 0x27, 0x27, 0x27, 0x2a, 0x48, 0x8c, 0xd1, 0xfb, 0xff, 0xff, 0xff, /* row  8 0x5a */
    0xff, 0xff, 0xff, 0xff, 0xff, 0xff, 0xff, 0xff, 0xff, 0xff, 0xff, 0xff, 0xff, 0xff, 0xff, 0xff, 0xff, 0xff, 0xff, 0xff, 0xff, 0xff, 0xff, 0xff, 0xff, 0xff, 0xff, /* row  9 0x5a */
    0xff, 0xff, 0xff, 0xff, 0xff, 0xff, 0xff, 0xff, 0xff, 0xff, 0xff, 0xff, 0xff, 0xff, 0xff, 0xff, 0xff, 0xff, 0xff, 0xff, 0xff, 0xff, 0xff, 0xff, 0xff, 0xff, 0xff, /* row 10 0x5a */
    0xff, 0xff, 0xff, 0xff, 0xff, 0xff, 0xff, 0xff, 0xff, 0xff, 0xff, 0xff, 0xff, 0xff, 0xff, 0xff, 0xff, 0xff, 0xff, 0xff, 0xff, 0xff, 0xff, 0xff, 0xff, 0xff, 0xff, /* row 11 0x5a */
};

static const unsigned char g_font_px5b[FONT_STRIP_W * FONT_STRIP_H * 3] = {
    0xff, 0xff, 0xff, 0xff, 0xff, 0xff, 0xff, 0xff, 0xff, 0xff, 0xff, 0xff, 0xff, 0xff, 0xff, 0xff, 0xff, 0xff, 0xff, 0xff, 0xff, 0xff, 0xff, 0xff, 0xff, 0xff, 0xff, /* row  0 0x5b */
    0xff, 0xff, 0xff, 0xff, 0xff, 0xff, 0xff, 0xfc, 0xd9, 0x89, 0x38, 0x10, 0x1f, 0x34, 0x3e, 0x3f, 0x43, 0x67, 0xa5, 0xe1, 0xfd, 0xff, 0xff, 0xff, 0xff, 0xff, 0xff, /* row  1 0x5b */
    0xff, 0xff, 0xff, 0xff, 0xff, 0xff, 0xff, 0xfc, 0xd9, 0x89, 0x3b, 0x32, 0x7e, 0xd0, 0xfb, 0xff, 0xff, 0xff, 0xff, 0xff, 0xff, 0xff, 0xff, 0xff, 0xff, 0xff, 0xff, /* row  2 0x5b */
    0xff, 0xff, 0xff, 0xff, 0xff, 0xff, 0xff, 0xfc, 0xd9, 0x89, 0x3b, 0x32, 0x7e, 0xd0, 0xfb, 0xff, 0xff, 0xff, 0xff, 0xff, 0xff, 0xff, 0xff, 0xff, 0xff, 0xff, 0xff, /* row  3 0x5b */
    0xff, 0xff, 0xff, 0xff, 0xff, 0xff, 0xff, 0xfc, 0xd9, 0x89, 0x3b, 0x32, 0x7e, 0xd0, 0xfb, 0xff, 0xff, 0xff, 0xff, 0xff, 0xff, 0xff, 0xff, 0xff, 0xff, 0xff, 0xff, /* row  4 0x5b */
    0xff, 0xff, 0xff, 0xff, 0xff, 0xff, 0xff, 0xfc, 0xd9, 0x89, 0x3b, 0x32, 0x7e, 0xd0, 0xfb, 0xff, 0xff, 0xff, 0xff, 0xff, 0xff, 0xff, 0xff, 0xff, 0xff, 0xff, 0xff, /* row  5 0x5b */
    0xff, 0xff, 0xff, 0xff, 0xff, 0xff, 0xff, 0xfc, 0xd9, 0x89, 0x3b, 0x32, 0x7e, 0xd0, 0xfb, 0xff, 0xff, 0xff, 0xff, 0xff, 0xff, 0xff, 0xff, 0xff, 0xff, 0xff, 0xff, /* row  6 0x5b */
    0xff, 0xff, 0xff, 0xff, 0xff, 0xff, 0xff, 0xfc, 0xd9, 0x89, 0x3b, 0x32, 0x7e, 0xd0, 0xfb, 0xff, 0xff, 0xff, 0xff, 0xff, 0xff, 0xff, 0xff, 0xff, 0xff, 0xff, 0xff, /* row  7 0x5b */
    0xff, 0xff, 0xff, 0xff, 0xff, 0xff, 0xff, 0xfc, 0xd9, 0x89, 0x3b, 0x32, 0x7e, 0xd0, 0xfb, 0xff, 0xff, 0xff, 0xff, 0xff, 0xff, 0xff, 0xff, 0xff, 0xff, 0xff, 0xff, /* row  8 0x5b */
    0xff, 0xff, 0xff, 0xff, 0xff, 0xff, 0xff, 0xfc, 0xd9, 0x89, 0x3b, 0x32, 0x7e, 0xd0, 0xfb, 0xff, 0xff, 0xff, 0xff, 0xff, 0xff, 0xff, 0xff, 0xff, 0xff, 0xff, 0xff, /* row  9 0x5b */
    0xff, 0xff, 0xff, 0xff, 0xff, 0xff, 0xff, 0xfc, 0xd9, 0x89, 0x38, 0x10, 0x1f, 0x34, 0x3e, 0x3f, 0x43, 0x67, 0xa5, 0xe1, 0xfd, 0xff, 0xff, 0xff, 0xff, 0xff, 0xff, /* row 10 0x5b */
    0xff, 0xff, 0xff, 0xff, 0xff, 0xff, 0xff, 0xff, 0xff, 0xff, 0xff, 0xff, 0xff, 0xff, 0xff, 0xff, 0xff, 0xff, 0xff, 0xff, 0xff, 0xff, 0xff, 0xff, 0xff, 0xff, 0xff, /* row 11 0x5b */
};

static const unsigned char g_font_px5c[FONT_STRIP_W * FONT_STRIP_H * 3] = {
    0xff, 0xff, 0xff, 0xff, 0xff, 0xff, 0xff, 0xff, 0xff, 0xff, 0xff, 0xff, 0xff, 0xff, 0xff, 0xff, 0xff, 0xff, 0xff, 0xff, 0xff, 0xff, 0xff, 0xff, 0xff, 0xff, 0xff, /* row  0 0x5c */
    0xff, 0xff, 0xff, 0xfc, 0xda, 0x90, 0x44, 0x39, 0x7c, 0xcb, 0xf8, 0xff, 0xff, 0xff, 0xff, 0xff, 0xff, 0xff, 0xff, 0xff, 0xff, 0xff, 0xff, 0xff, 0xff, 0xff, 0xff, /* row  1 0x5c */
    0xff, 0xff, 0xff, 0xff, 0xff, 0xf5, 0xc3, 0x73, 0x35, 0x49, 0x98, 0xdf, 0xfd, 0xff, 0xff, 0xff, 0xff, 0xff, 0xff, 0xff, 0xff, 0xff, 0xff, 0xff, 0xff, 0xff, 0xff, /* row  2 0x5c */
    0xff, 0xff, 0xff, 0xff, 0xff, 0xff, 0xfe, 0xe9, 0xa7, 0x57, 0x32, 0x64, 0xb4, 0xef, 0xfe, 0xff, 0xff, 0xff, 0xff, 0xff, 0xff, 0xff, 0xff, 0xff, 0xff, 0xff, 0xff, /* row  3 0x5c */
    0xff, 0xff, 0xff, 0xff, 0xff, 0xff, 0xff, 0xff, 0xfb, 0xd6, 0x89, 0x3f, 0x39, 0x7f, 0xce, 0xf9, 0xff, 0xff, 0xff, 0xff, 0xff, 0xff, 0xff, 0xff, 0xff, 0xff, 0xff, /* row  4 0x5c */
    0xff, 0xff, 0xff, 0xff, 0xff, 0xff, 0xff, 0xff, 0xff, 0xff, 0xf3, 0xbe, 0x6d, 0x32, 0x4c, 0x9b, 0xe2, 0xfd, 0xff, 0xff, 0xff, 0xff, 0xff, 0xff, 0xff, 0xff, 0xff, /* row  5 0x5c */
    0xff, 0xff, 0xff, 0xff, 0xff, 0xff, 0xff, 0xff, 0xff, 0xff, 0xff, 0xfd, 0xe5, 0xa1, 0x51, 0x31, 0x67, 0xb8, 0xf0, 0xfe, 0xff, 0xff, 0xff, 0xff, 0xff, 0xff, 0xff, /* row  6 0x5c */
    0xff, 0xff, 0xff, 0xff, 0xff, 0xff, 0xff, 0xff, 0xff, 0xff, 0xff, 0xff, 0xff, 0xfa, 0xd1, 0x83, 0x3a, 0x3a, 0x83, 0xd1, 0xfa, 0xff, 0xff, 0xff, 0xff, 0xff, 0xff, /* row  7 0x5c */
    0xff, 0xff, 0xff, 0xff, 0xff, 0xff, 0xff, 0xff, 0xff, 0xff, 0xff, 0xff, 0xff, 0xff, 0xfe, 0xf0, 0xb7, 0x67, 0x30, 0x4f, 0x9f, 0xe4, 0xfd, 0xff, 0xff, 0xff, 0xff, /* row  8 0x5c */
    0xff, 0xff, 0xff, 0xff, 0xff, 0xff, 0xff, 0xff, 0xff, 0xff, 0xff, 0xff, 0xff, 0xff, 0xff, 0xff, 0xff, 0xff, 0xff, 0xff, 0xff, 0xff, 0xff, 0xff, 0xff, 0xff, 0xff, /* row  9 0x5c */
    0xff, 0xff, 0xff, 0xff, 0xff, 0xff, 0xff, 0xff, 0xff, 0xff, 0xff, 0xff, 0xff, 0xff, 0xff, 0xff, 0xff, 0xff, 0xff, 0xff, 0xff, 0xff, 0xff, 0xff, 0xff, 0xff, 0xff, /* row 10 0x5c */
    0xff, 0xff, 0xff, 0xff, 0xff, 0xff, 0xff, 0xff, 0xff, 0xff, 0xff, 0xff, 0xff, 0xff, 0xff, 0xff, 0xff, 0xff, 0xff, 0xff, 0xff, 0xff, 0xff, 0xff, 0xff, 0xff, 0xff, /* row 11 0x5c */
};

static const unsigned char g_font_px5d[FONT_STRIP_W * FONT_STRIP_H * 3] = {
    0xff, 0xff, 0xff, 0xff, 0xff, 0xff, 0xff, 0xff, 0xff, 0xff, 0xff, 0xff, 0xff, 0xff, 0xff, 0xff, 0xff, 0xff, 0xff, 0xff, 0xff, 0xff, 0xff, 0xff, 0xff, 0xff, 0xff, /* row  0 0x5d */
    0xff, 0xff, 0xff, 0xff, 0xff, 0xfc, 0xd5, 0x96, 0x5a, 0x42, 0x3f, 0x3e, 0x2f, 0x1b, 0x0e, 0x48, 0x9c, 0xea, 0xfe, 0xff, 0xff, 0xff, 0xff, 0xff, 0xff, 0xff, 0xff, /* row  1 0x5d */
    0xff, 0xff, 0xff, 0xff, 0xff, 0xff, 0xff, 0xff, 0xff, 0xff, 0xff, 0xfa, 0xbf, 0x6c, 0x23, 0x4a, 0x9c, 0xea, 0xfe, 0xff, 0xff, 0xff, 0xff, 0xff, 0xff, 0xff, 0xff, /* row  2 0x5d */
    0xff, 0xff, 0xff, 0xff, 0xff, 0xff, 0xff, 0xff, 0xff, 0xff, 0xff, 0xfa, 0xbf, 0x6c, 0x23, 0x4a, 0x9c, 0xea, 0xfe, 0xff, 0xff, 0xff, 0xff, 0xff, 0xff, 0xff, 0xff, /* row  3 0x5d */
    0xff, 0xff, 0xff, 0xff, 0xff, 0xff, 0xff, 0xff, 0xff, 0xff, 0xff, 0xfa, 0xbf, 0x6c, 0x23, 0x4a, 0x9c, 0xea, 0xfe, 0xff, 0xff, 0xff, 0xff, 0xff, 0xff, 0xff, 0xff, /* row  4 0x5d */
    0xff, 0xff, 0xff, 0xff, 0xff, 0xff, 0xff, 0xff, 0xff, 0xff, 0xff, 0xfa, 0xbf, 0x6c, 0x23, 0x4a, 0x9c, 0xea, 0xfe, 0xff, 0xff, 0xff, 0xff, 0xff, 0xff, 0xff, 0xff, /* row  5 0x5d */
    0xff, 0xff, 0xff, 0xff, 0xff, 0xff, 0xff, 0xff, 0xff, 0xff, 0xff, 0xfa, 0xbf, 0x6c, 0x23, 0x4a, 0x9c, 0xea, 0xfe, 0xff, 0xff, 0xff, 0xff, 0xff, 0xff, 0xff, 0xff, /* row  6 0x5d */
    0xff, 0xff, 0xff, 0xff, 0xff, 0xff, 0xff, 0xff, 0xff, 0xff, 0xff, 0xfa, 0xbf, 0x6c, 0x23, 0x4a, 0x9c, 0xea, 0xfe, 0xff, 0xff, 0xff, 0xff, 0xff, 0xff, 0xff, 0xff, /* row  7 0x5d */
    0xff, 0xff, 0xff, 0xff, 0xff, 0xff, 0xff, 0xff, 0xff, 0xff, 0xff, 0xfa, 0xbf, 0x6c, 0x23, 0x4a, 0x9c, 0xea, 0xfe, 0xff, 0xff, 0xff, 0xff, 0xff, 0xff, 0xff, 0xff, /* row  8 0x5d */
    0xff, 0xff, 0xff, 0xff, 0xff, 0xff, 0xff, 0xff, 0xff, 0xff, 0xff, 0xfa, 0xbf, 0x6c, 0x23, 0x4a, 0x9c, 0xea, 0xfe, 0xff, 0xff, 0xff, 0xff, 0xff, 0xff, 0xff, 0xff, /* row  9 0x5d */
    0xff, 0xff, 0xff, 0xff, 0xff, 0xfc, 0xd5, 0x96, 0x5a, 0x42, 0x3f, 0x3e, 0x2f, 0x1b, 0x0e, 0x48, 0x9c, 0xea, 0xfe, 0xff, 0xff, 0xff, 0xff, 0xff, 0xff, 0xff, 0xff, /* row 10 0x5d */
    0xff, 0xff, 0xff, 0xff, 0xff, 0xff, 0xff, 0xff, 0xff, 0xff, 0xff, 0xff, 0xff, 0xff, 0xff, 0xff, 0xff, 0xff, 0xff, 0xff, 0xff, 0xff, 0xff, 0xff, 0xff, 0xff, 0xff, /* row 11 0x5d */
};

static const unsigned char g_font_px5e[FONT_STRIP_W * FONT_STRIP_H * 3] = {
    0xff, 0xff, 0xff, 0xff, 0xff, 0xff, 0xff, 0xff, 0xff, 0xff, 0xff, 0xff, 0xff, 0xff, 0xff, 0xff, 0xff, 0xff, 0xff, 0xff, 0xff, 0xff, 0xff, 0xff, 0xff, 0xff, 0xff, /* row  0 0x5e */
    0xff, 0xff, 0xff, 0xff, 0xff, 0xff, 0xff, 0xff, 0xff, 0xff, 0xff, 0xff, 0xff, 0xff, 0xff, 0xff, 0xff, 0xff, 0xff, 0xff, 0xff, 0xff, 0xff, 0xff, 0xff, 0xff, 0xff, /* row  1 0x5e */
    0xff, 0xff, 0xff, 0xff, 0xff, 0xff, 0xff, 0xff, 0xfc, 0xda, 0x8d, 0x47, 0x1b, 0x21, 0x54, 0xa2, 0xe9, 0xfe, 0xff, 0xff, 0xff, 0xff, 0xff, 0xff, 0xff, 0xff, 0xff, /* row  2 0x5e */
    0xff, 0xff, 0xff, 0xff, 0xff, 0xff, 0xff, 0xfa, 0xcb, 0x7c, 0x49, 0x6f, 0xab, 0x9e, 0x5b, 0x4d, 0x90, 0xdc, 0xfd, 0xff, 0xff, 0xff, 0xff, 0xff, 0xff, 0xff, 0xff, /* row  3 0x5e */
    0xff, 0xff, 0xff, 0xff, 0xff, 0xff, 0xf5, 0xba, 0x6b, 0x47, 0x7e, 0xcd, 0xfa, 0xf3, 0xb6, 0x67, 0x45, 0x7d, 0xcd, 0xfb, 0xff, 0xff, 0xff, 0xff, 0xff, 0xff, 0xff, /* row  4 0x5e */
    0xff, 0xff, 0xff, 0xff, 0xfe, 0xec, 0xa8, 0x5b, 0x4b, 0x8c, 0xda, 0xfc, 0xff, 0xff, 0xf9, 0xc5, 0x76, 0x42, 0x6c, 0xbb, 0xf5, 0xff, 0xff, 0xff, 0xff, 0xff, 0xff, /* row  5 0x5e */
    0xff, 0xff, 0xff, 0xfd, 0xe2, 0x97, 0x4f, 0x51, 0x9b, 0xe5, 0xfd, 0xff, 0xff, 0xff, 0xff, 0xfc, 0xd4, 0x85, 0x44, 0x5b, 0xa9, 0xed, 0xfe, 0xff, 0xff, 0xff, 0xff, /* row  6 0x5e */
    0xff, 0xff, 0xff, 0xff, 0xff, 0xff, 0xff, 0xff, 0xff, 0xff, 0xff, 0xff, 0xff, 0xff, 0xff, 0xff, 0xff, 0xff, 0xff, 0xff, 0xff, 0xff, 0xff, 0xff, 0xff, 0xff, 0xff, /* row  7 0x5e */
    0xff, 0xff, 0xff, 0xff, 0xff, 0xff, 0xff, 0xff, 0xff, 0xff, 0xff, 0xff, 0xff, 0xff, 0xff, 0xff, 0xff, 0xff, 0xff, 0xff, 0xff, 0xff, 0xff, 0xff, 0xff, 0xff, 0xff, /* row  8 0x5e */
    0xff, 0xff, 0xff, 0xff, 0xff, 0xff, 0xff, 0xff, 0xff, 0xff, 0xff, 0xff, 0xff, 0xff, 0xff, 0xff, 0xff, 0xff, 0xff, 0xff, 0xff, 0xff, 0xff, 0xff, 0xff, 0xff, 0xff, /* row  9 0x5e */
    0xff, 0xff, 0xff, 0xff, 0xff, 0xff, 0xff, 0xff, 0xff, 0xff, 0xff, 0xff, 0xff, 0xff, 0xff, 0xff, 0xff, 0xff, 0xff, 0xff, 0xff, 0xff, 0xff, 0xff, 0xff, 0xff, 0xff, /* row 10 0x5e */
    0xff, 0xff, 0xff, 0xff, 0xff, 0xff, 0xff, 0xff, 0xff, 0xff, 0xff, 0xff, 0xff, 0xff, 0xff, 0xff, 0xff, 0xff, 0xff, 0xff, 0xff, 0xff, 0xff, 0xff, 0xff, 0xff, 0xff, /* row 11 0x5e */
};

static const unsigned char g_font_px5f[FONT_STRIP_W * FONT_STRIP_H * 3] = {
    0xff, 0xff, 0xff, 0xff, 0xff, 0xff, 0xff, 0xff, 0xff, 0xff, 0xff, 0xff, 0xff, 0xff, 0xff, 0xff, 0xff, 0xff, 0xff, 0xff, 0xff, 0xff, 0xff, 0xff, 0xff, 0xff, 0xff, /* row  0 0x5f */
    0xff, 0xff, 0xff, 0xff, 0xff, 0xff, 0xff, 0xff, 0xff, 0xff, 0xff, 0xff, 0xff, 0xff, 0xff, 0xff, 0xff, 0xff, 0xff, 0xff, 0xff, 0xff, 0xff, 0xff, 0xff, 0xff, 0xff, /* row  1 0x5f */
    0xff, 0xff, 0xff, 0xff, 0xff, 0xff, 0xff, 0xff, 0xff, 0xff, 0xff, 0xff, 0xff, 0xff, 0xff, 0xff, 0xff, 0xff, 0xff, 0xff, 0xff, 0xff, 0xff, 0xff, 0xff, 0xff, 0xff, /* row  2 0x5f */
    0xff, 0xff, 0xff, 0xff, 0xff, 0xff, 0xff, 0xff, 0xff, 0xff, 0xff, 0xff, 0xff, 0xff, 0xff, 0xff, 0xff, 0xff, 0xff, 0xff, 0xff, 0xff, 0xff, 0xff, 0xff, 0xff, 0xff, /* row  3 0x5f */
    0xff, 0xff, 0xff, 0xff, 0xff, 0xff, 0xff, 0xff, 0xff, 0xff, 0xff, 0xff, 0xff, 0xff, 0xff, 0xff, 0xff, 0xff, 0xff, 0xff, 0xff, 0xff, 0xff, 0xff, 0xff, 0xff, 0xff, /* row  4 0x5f */
    0xff, 0xff, 0xff, 0xff, 0xff, 0xff, 0xff, 0xff, 0xff, 0xff, 0xff, 0xff, 0xff, 0xff, 0xff, 0xff, 0xff, 0xff, 0xff, 0xff, 0xff, 0xff, 0xff, 0xff, 0xff, 0xff, 0xff, /* row  5 0x5f */
    0xff, 0xff, 0xff, 0xff, 0xff, 0xff, 0xff, 0xff, 0xff, 0xff, 0xff, 0xff, 0xff, 0xff, 0xff, 0xff, 0xff, 0xff, 0xff, 0xff, 0xff, 0xff, 0xff, 0xff, 0xff, 0xff, 0xff, /* row  6 0x5f */
    0xff, 0xff, 0xff, 0xff, 0xff, 0xff, 0xff, 0xff, 0xff, 0xff, 0xff, 0xff, 0xff, 0xff, 0xff, 0xff, 0xff, 0xff, 0xff, 0xff, 0xff, 0xff, 0xff, 0xff, 0xff, 0xff, 0xff, /* row  7 0x5f */
    0xff, 0xff, 0xff, 0xff, 0xff, 0xff, 0xff, 0xff, 0xff, 0xff, 0xff, 0xff, 0xff, 0xff, 0xff, 0xff, 0xff, 0xff, 0xff, 0xff, 0xff, 0xff, 0xff, 0xff, 0xff, 0xff, 0xff, /* row  8 0x5f */
    0xff, 0xff, 0xff, 0xff, 0xff, 0xff, 0xff, 0xff, 0xff, 0xff, 0xff, 0xff, 0xff, 0xff, 0xff, 0xff, 0xff, 0xff, 0xff, 0xff, 0xff, 0xff, 0xff, 0xff, 0xff, 0xff, 0xff, /* row  9 0x5f */
    0xff, 0xf8, 0xd0, 0xa4, 0x7f, 0x7b, 0x7b, 0x7b, 0x7b, 0x7b, 0x7b, 0x7b, 0x7b, 0x7b, 0x7b, 0x7b, 0x7b, 0x7b, 0x7b, 0x7b, 0x7c, 0x85, 0xad, 0xd9, 0xfc, 0xff, 0xff, /* row 10 0x5f */
    0xff, 0xff, 0xff, 0xff, 0xff, 0xff, 0xff, 0xff, 0xff, 0xff, 0xff, 0xff, 0xff, 0xff, 0xff, 0xff, 0xff, 0xff, 0xff, 0xff, 0xff, 0xff, 0xff, 0xff, 0xff, 0xff, 0xff, /* row 11 0x5f */
};

static const unsigned char g_font_px60[FONT_STRIP_W * FONT_STRIP_H * 3] = {
    0xff, 0xff, 0xff, 0xff, 0xff, 0xff, 0xff, 0xfe, 0xee, 0xbb, 0x6f, 0x30, 0x33, 0x75, 0xc3, 0xf3, 0xff, 0xff, 0xff, 0xff, 0xff, 0xff, 0xff, 0xff, 0xff, 0xff, 0xff, /* row  0 0x60 */
    0xff, 0xff, 0xff, 0xff, 0xff, 0xff, 0xff, 0xff, 0xff, 0xff, 0xfa, 0xdd, 0xa2, 0x5b, 0x49, 0x7b, 0xc7, 0xf6, 0xff, 0xff, 0xff, 0xff, 0xff, 0xff, 0xff, 0xff, 0xff, /* row  1 0x60 */
    0xff, 0xff, 0xff, 0xff, 0xff, 0xff, 0xff, 0xff, 0xff, 0xff, 0xff, 0xff, 0xff, 0xff, 0xff, 0xff, 0xff, 0xff, 0xff, 0xff, 0xff, 0xff, 0xff, 0xff, 0xff, 0xff, 0xff, /* row  2 0x60 */
    0xff, 0xff, 0xff, 0xff, 0xff, 0xff, 0xff, 0xff, 0xff, 0xff, 0xff, 0xff, 0xff, 0xff, 0xff, 0xff, 0xff, 0xff, 0xff, 0xff, 0xff, 0xff, 0xff, 0xff, 0xff, 0xff, 0xff, /* row  3 0x60 */
    0xff, 0xff, 0xff, 0xff, 0xff, 0xff, 0xff, 0xff, 0xff, 0xff, 0xff, 0xff, 0xff, 0xff, 0xff, 0xff, 0xff, 0xff, 0xff, 0xff, 0xff, 0xff, 0xff, 0xff, 0xff, 0xff, 0xff, /* row  4 0x60 */
    0xff, 0xff, 0xff, 0xff, 0xff, 0xff, 0xff, 0xff, 0xff, 0xff, 0xff, 0xff, 0xff, 0xff, 0xff, 0xff, 0xff, 0xff, 0xff, 0xff, 0xff, 0xff, 0xff, 0xff, 0xff, 0xff, 0xff, /* row  5 0x60 */
    0xff, 0xff, 0xff, 0xff, 0xff, 0xff, 0xff, 0xff, 0xff, 0xff, 0xff, 0xff, 0xff, 0xff, 0xff, 0xff, 0xff, 0xff, 0xff, 0xff, 0xff, 0xff, 0xff, 0xff, 0xff, 0xff, 0xff, /* row  6 0x60 */
    0xff, 0xff, 0xff, 0xff, 0xff, 0xff, 0xff, 0xff, 0xff, 0xff, 0xff, 0xff, 0xff, 0xff, 0xff, 0xff, 0xff, 0xff, 0xff, 0xff, 0xff, 0xff, 0xff, 0xff, 0xff, 0xff, 0xff, /* row  7 0x60 */
    0xff, 0xff, 0xff, 0xff, 0xff, 0xff, 0xff, 0xff, 0xff, 0xff, 0xff, 0xff, 0xff, 0xff, 0xff, 0xff, 0xff, 0xff, 0xff, 0xff, 0xff, 0xff, 0xff, 0xff, 0xff, 0xff, 0xff, /* row  8 0x60 */
    0xff, 0xff, 0xff, 0xff, 0xff, 0xff, 0xff, 0xff, 0xff, 0xff, 0xff, 0xff, 0xff, 0xff, 0xff, 0xff, 0xff, 0xff, 0xff, 0xff, 0xff, 0xff, 0xff, 0xff, 0xff, 0xff, 0xff, /* row  9 0x60 */
    0xff, 0xff, 0xff, 0xff, 0xff, 0xff, 0xff, 0xff, 0xff, 0xff, 0xff, 0xff, 0xff, 0xff, 0xff, 0xff, 0xff, 0xff, 0xff, 0xff, 0xff, 0xff, 0xff, 0xff, 0xff, 0xff, 0xff, /* row 10 0x60 */
    0xff, 0xff, 0xff, 0xff, 0xff, 0xff, 0xff, 0xff, 0xff, 0xff, 0xff, 0xff, 0xff, 0xff, 0xff, 0xff, 0xff, 0xff, 0xff, 0xff, 0xff, 0xff, 0xff, 0xff, 0xff, 0xff, 0xff, /* row 11 0x60 */
};

static const unsigned char g_font_px61[FONT_STRIP_W * FONT_STRIP_H * 3] = {
    0xff, 0xff, 0xff, 0xff, 0xff, 0xff, 0xff, 0xff, 0xff, 0xff, 0xff, 0xff, 0xff, 0xff, 0xff, 0xff, 0xff, 0xff, 0xff, 0xff, 0xff, 0xff, 0xff, 0xff, 0xff, 0xff, 0xff, /* row  0 0x61 */
    0xff, 0xff, 0xff, 0xff, 0xff, 0xff, 0xff, 0xff, 0xff, 0xff, 0xff, 0xff, 0xff, 0xff, 0xff, 0xff, 0xff, 0xff, 0xff, 0xff, 0xff, 0xff, 0xff, 0xff, 0xff, 0xff, 0xff, /* row  1 0x61 */
    0xff, 0xff, 0xff, 0xff, 0xff, 0xff, 0xff, 0xff, 0xff, 0xff, 0xff, 0xff, 0xff, 0xff, 0xff, 0xff, 0xff, 0xff, 0xff, 0xff, 0xff, 0xff, 0xff, 0xff, 0xff, 0xff, 0xff, /* row  2 0x61 */
    0xff, 0xff, 0xff, 0xff, 0xfc, 0xdd, 0xa5, 0x65, 0x44, 0x3e, 0x43, 0x45, 0x44, 0x40, 0x38, 0x3b, 0x57, 0x94, 0xcf, 0xf5, 0xff, 0xff, 0xff, 0xff, 0xff, 0xff, 0xff, /* row  3 0x61 */
    0xff, 0xff, 0xff, 0xff, 0xff, 0xff, 0xff, 0xff, 0xff, 0xff, 0xff, 0xff, 0xff, 0xff, 0xf1, 0xa8, 0x55, 0x1d, 0x5b, 0xaf, 0xf6, 0xff, 0xff, 0xff, 0xff, 0xff, 0xff, /* row  4 0x61 */
    0xff, 0xff, 0xff, 0xff, 0xfd, 0xe4, 0xb4, 0x78, 0x4b, 0x3b, 0x3f, 0x4a, 0x50, 0x52, 0x51, 0x3c, 0x21, 0x0e, 0x4c, 0xa0, 0xee, 0xfe, 0xff, 0xff, 0xff, 0xff, 0xff, /* row  5 0x61 */
    0xff, 0xff, 0xff, 0xfa, 0xc5, 0x72, 0x26, 0x30, 0x7b, 0xcc, 0xf8, 0xff, 0xff, 0xff, 0xf5, 0xae, 0x5a, 0x15, 0x4c, 0xa0, 0xee, 0xfe, 0xff, 0xff, 0xff, 0xff, 0xff, /* row  6 0x61 */
    0xff, 0xff, 0xff, 0xf9, 0xba, 0x66, 0x1c, 0x3c, 0x8d, 0xdc, 0xfd, 0xff, 0xfb, 0xe1, 0xa2, 0x56, 0x1c, 0x0d, 0x49, 0x9d, 0xeb, 0xfe, 0xff, 0xff, 0xff, 0xff, 0xff, /* row  7 0x61 */
    0xff, 0xff, 0xff, 0xff, 0xf4, 0xc8, 0x86, 0x43, 0x26, 0x29, 0x39, 0x46, 0x4b, 0x5f, 0x8d, 0xaf, 0x98, 0x58, 0x28, 0x32, 0x5e, 0xa3, 0xda, 0xfc, 0xff, 0xff, 0xff, /* row  8 0x61 */
    0xff, 0xff, 0xff, 0xff, 0xff, 0xff, 0xff, 0xff, 0xff, 0xff, 0xff, 0xff, 0xff, 0xff, 0xff, 0xff, 0xff, 0xff, 0xff, 0xff, 0xff, 0xff, 0xff, 0xff, 0xff, 0xff, 0xff, /* row  9 0x61 */
    0xff, 0xff, 0xff, 0xff, 0xff, 0xff, 0xff, 0xff, 0xff, 0xff, 0xff, 0xff, 0xff, 0xff, 0xff, 0xff, 0xff, 0xff, 0xff, 0xff, 0xff, 0xff, 0xff, 0xff, 0xff, 0xff, 0xff, /* row 10 0x61 */
    0xff, 0xff, 0xff, 0xff, 0xff, 0xff, 0xff, 0xff, 0xff, 0xff, 0xff, 0xff, 0xff, 0xff, 0xff, 0xff, 0xff, 0xff, 0xff, 0xff, 0xff, 0xff, 0xff, 0xff, 0xff, 0xff, 0xff, /* row 11 0x61 */
};

static const unsigned char g_font_px62[FONT_STRIP_W * FONT_STRIP_H * 3] = {
    0xff, 0xff, 0xff, 0xff, 0xff, 0xff, 0xff, 0xff, 0xff, 0xff, 0xff, 0xff, 0xff, 0xff, 0xff, 0xff, 0xff, 0xff, 0xff, 0xff, 0xff, 0xff, 0xff, 0xff, 0xff, 0xff, 0xff, /* row  0 0x62 */
    0xff, 0xff, 0xff, 0xff, 0xf8, 0xab, 0x56, 0x1b, 0x61, 0xb5, 0xf9, 0xff, 0xff, 0xff, 0xff, 0xff, 0xff, 0xff, 0xff, 0xff, 0xff, 0xff, 0xff, 0xff, 0xff, 0xff, 0xff, /* row  1 0x62 */
    0xff, 0xff, 0xff, 0xff, 0xf8, 0xab, 0x56, 0x1b, 0x61, 0xb5, 0xf9, 0xff, 0xff, 0xff, 0xff, 0xff, 0xff, 0xff, 0xff, 0xff, 0xff, 0xff, 0xff, 0xff, 0xff, 0xff, 0xff, /* row  2 0x62 */
    0xff, 0xff, 0xff, 0xff, 0xf8, 0xab, 0x56, 0x1a, 0x4a, 0x6d, 0x76, 0x56, 0x49, 0x41, 0x33, 0x29, 0x31, 0x58, 0x9a, 0xd4, 0xf8, 0xff, 0xff, 0xff, 0xff, 0xff, 0xff, /* row  3 0x62 */
    0xff, 0xff, 0xff, 0xff, 0xf8, 0xab, 0x55, 0x0c, 0x20, 0x66, 0xb7, 0xf0, 0xfe, 0xff, 0xfd, 0xe2, 0x96, 0x45, 0x1b, 0x59, 0xac, 0xf1, 0xff, 0xff, 0xff, 0xff, 0xff, /* row  4 0x62 */
    0xff, 0xff, 0xff, 0xff, 0xf8, 0xab, 0x56, 0x14, 0x57, 0xac, 0xf6, 0xff, 0xff, 0xff, 0xff, 0xfb, 0xce, 0x7c, 0x2f, 0x33, 0x81, 0xd2, 0xfc, 0xff, 0xff, 0xff, 0xff, /* row  5 0x62 */
    0xff, 0xff, 0xff, 0xff, 0xf8, 0xab, 0x56, 0x16, 0x5b, 0xb0, 0xf8, 0xff, 0xff, 0xff, 0xff, 0xfb, 0xce, 0x7c, 0x30, 0x34, 0x81, 0xd2, 0xfc, 0xff, 0xff, 0xff, 0xff, /* row  6 0x62 */
    0xff, 0xff, 0xff, 0xff, 0xf8, 0xab, 0x55, 0x0c, 0x28, 0x74, 0xc5, 0xf6, 0xff, 0xff, 0xfd, 0xe3, 0x98, 0x47, 0x1d, 0x5b, 0xaf, 0xf2, 0xff, 0xff, 0xff, 0xff, 0xff, /* row  7 0x62 */
    0xff, 0xff, 0xff, 0xff, 0xf5, 0xa8, 0x55, 0x1f, 0x4b, 0x6b, 0x71, 0x59, 0x50, 0x48, 0x3a, 0x2e, 0x35, 0x5b, 0x9e, 0xd8, 0xfa, 0xff, 0xff, 0xff, 0xff, 0xff, 0xff, /* row  8 0x62 */
    0xff, 0xff, 0xff, 0xff, 0xff, 0xff, 0xff, 0xff, 0xff, 0xff, 0xff, 0xff, 0xff, 0xff, 0xff, 0xff, 0xff, 0xff, 0xff, 0xff, 0xff, 0xff, 0xff, 0xff, 0xff, 0xff, 0xff, /* row  9 0x62 */
    0xff, 0xff, 0xff, 0xff, 0xff, 0xff, 0xff, 0xff, 0xff, 0xff, 0xff, 0xff, 0xff, 0xff, 0xff, 0xff, 0xff, 0xff, 0xff, 0xff, 0xff, 0xff, 0xff, 0xff, 0xff, 0xff, 0xff, /* row 10 0x62 */
    0xff, 0xff, 0xff, 0xff, 0xff, 0xff, 0xff, 0xff, 0xff, 0xff, 0xff, 0xff, 0xff, 0xff, 0xff, 0xff, 0xff, 0xff, 0xff, 0xff, 0xff, 0xff, 0xff, 0xff, 0xff, 0xff, 0xff, /* row 11 0x62 */
};

static const unsigned char g_font_px63[FONT_STRIP_W * FONT_STRIP_H * 3] = {
    0xff, 0xff, 0xff, 0xff, 0xff, 0xff, 0xff, 0xff, 0xff, 0xff, 0xff, 0xff, 0xff, 0xff, 0xff, 0xff, 0xff, 0xff, 0xff, 0xff, 0xff, 0xff, 0xff, 0xff, 0xff, 0xff, 0xff, /* row  0 0x63 */
    0xff, 0xff, 0xff, 0xff, 0xff, 0xff, 0xff, 0xff, 0xff, 0xff, 0xff, 0xff, 0xff, 0xff, 0xff, 0xff, 0xff, 0xff, 0xff, 0xff, 0xff, 0xff, 0xff, 0xff, 0xff, 0xff, 0xff, /* row  1 0x63 */
    0xff, 0xff, 0xff, 0xff, 0xff, 0xff, 0xff, 0xff, 0xff, 0xff, 0xff, 0xff, 0xff, 0xff, 0xff, 0xff, 0xff, 0xff, 0xff, 0xff, 0xff, 0xff, 0xff, 0xff, 0xff, 0xff, 0xff, /* row  2 0x63 */
    0xff, 0xff, 0xff, 0xff, 0xff, 0xfc, 0xe2, 0xb2, 0x76, 0x4b, 0x39, 0x39, 0x3d, 0x3b, 0x32, 0x31, 0x43, 0x71, 0xae, 0xe0, 0xfb, 0xff, 0xff, 0xff, 0xff, 0xff, 0xff, /* row  3 0x63 */
    0xff, 0xff, 0xff, 0xfe, 0xea, 0xa5, 0x54, 0x24, 0x52, 0xa2, 0xe6, 0xfd, 0xff, 0xff, 0xfb, 0xdc, 0x90, 0x43, 0x22, 0x61, 0xb2, 0xf2, 0xff, 0xff, 0xff, 0xff, 0xff, /* row  4 0x63 */
    0xff, 0xff, 0xff, 0xf9, 0xbc, 0x68, 0x20, 0x44, 0x95, 0xe4, 0xfd, 0xff, 0xff, 0xff, 0xff, 0xff, 0xff, 0xff, 0xff, 0xff, 0xff, 0xff, 0xff, 0xff, 0xff, 0xff, 0xff, /* row  5 0x63 */
    0xff, 0xff, 0xff, 0xf9, 0xbc, 0x68, 0x1f, 0x43, 0x94, 0xe3, 0xfd, 0xff, 0xff, 0xff, 0xff, 0xff, 0xff, 0xff, 0xff, 0xff, 0xff, 0xff, 0xff, 0xff, 0xff, 0xff, 0xff, /* row  6 0x63 */
    0xff, 0xff, 0xff, 0xfe, 0xea, 0xa4, 0x52, 0x22, 0x50, 0xa1, 0xe5, 0xfd, 0xff, 0xff, 0xfc, 0xe0, 0x95, 0x47, 0x22, 0x5f, 0xb0, 0xf1, 0xff, 0xff, 0xff, 0xff, 0xff, /* row  7 0x63 */
    0xff, 0xff, 0xff, 0xff, 0xff, 0xfb, 0xdf, 0xae, 0x71, 0x47, 0x37, 0x38, 0x3d, 0x3c, 0x35, 0x35, 0x47, 0x73, 0xaf, 0xe0, 0xfb, 0xff, 0xff, 0xff, 0xff, 0xff, 0xff, /* row  8 0x63 */
    0xff, 0xff, 0xff, 0xff, 0xff, 0xff, 0xff, 0xff, 0xff, 0xff, 0xff, 0xff, 0xff, 0xff, 0xff, 0xff, 0xff, 0xff, 0xff, 0xff, 0xff, 0xff, 0xff, 0xff, 0xff, 0xff, 0xff, /* row  9 0x63 */
    0xff, 0xff, 0xff, 0xff, 0xff, 0xff, 0xff, 0xff, 0xff, 0xff, 0xff, 0xff, 0xff, 0xff, 0xff, 0xff, 0xff, 0xff, 0xff, 0xff, 0xff, 0xff, 0xff, 0xff, 0xff, 0xff, 0xff, /* row 10 0x63 */
    0xff, 0xff, 0xff, 0xff, 0xff, 0xff, 0xff, 0xff, 0xff, 0xff, 0xff, 0xff, 0xff, 0xff, 0xff, 0xff, 0xff, 0xff, 0xff, 0xff, 0xff, 0xff, 0xff, 0xff, 0xff, 0xff, 0xff, /* row 11 0x63 */
};

static const unsigned char g_font_px64[FONT_STRIP_W * FONT_STRIP_H * 3] = {
    0xff, 0xff, 0xff, 0xff, 0xff, 0xff, 0xff, 0xff, 0xff, 0xff, 0xff, 0xff, 0xff, 0xff, 0xff, 0xff, 0xff, 0xff, 0xff, 0xff, 0xff, 0xff, 0xff, 0xff, 0xff, 0xff, 0xff, /* row  0 0x64 */
    0xff, 0xff, 0xff, 0xff, 0xff, 0xff, 0xff, 0xff, 0xff, 0xff, 0xff, 0xff, 0xff, 0xff, 0xff, 0xf2, 0xa4, 0x50, 0x1d, 0x64, 0xb8, 0xf9, 0xff, 0xff, 0xff, 0xff, 0xff, /* row  1 0x64 */
    0xff, 0xff, 0xff, 0xff, 0xff, 0xff, 0xff, 0xff, 0xff, 0xff, 0xff, 0xff, 0xff, 0xff, 0xff, 0xf2, 0xa4, 0x50, 0x1d, 0x64, 0xb8, 0xf9, 0xff, 0xff, 0xff, 0xff, 0xff, /* row  2 0x64 */
    0xff, 0xff, 0xff, 0xff, 0xff, 0xf3, 0xca, 0x8c, 0x4d, 0x31, 0x30, 0x3e, 0x4a, 0x51, 0x5b, 0x74, 0x5e, 0x3b, 0x1b, 0x64, 0xb8, 0xf9, 0xff, 0xff, 0xff, 0xff, 0xff, /* row  3 0x64 */
    0xff, 0xff, 0xff, 0xfe, 0xe6, 0x9b, 0x49, 0x1e, 0x59, 0xac, 0xee, 0xfe, 0xff, 0xfe, 0xef, 0xb2, 0x60, 0x1c, 0x17, 0x64, 0xb8, 0xf9, 0xff, 0xff, 0xff, 0xff, 0xff, /* row  4 0x64 */
    0xff, 0xff, 0xff, 0xfa, 0xc1, 0x6e, 0x24, 0x3f, 0x90, 0xdf, 0xfd, 0xff, 0xff, 0xff, 0xfe, 0xec, 0x9e, 0x4b, 0x1c, 0x64, 0xb8, 0xf9, 0xff, 0xff, 0xff, 0xff, 0xff, /* row  5 0x64 */
    0xff, 0xff, 0xff, 0xfa, 0xc0, 0x6d, 0x23, 0x3f, 0x8f, 0xdf, 0xfd, 0xff, 0xff, 0xff, 0xfe, 0xe9, 0x9a, 0x48, 0x1c, 0x64, 0xb8, 0xf9, 0xff, 0xff, 0xff, 0xff, 0xff, /* row  6 0x64 */
    0xff, 0xff, 0xff, 0xfd, 0xe4, 0x97, 0x45, 0x1c, 0x58, 0xaa, 0xed, 0xfe, 0xff, 0xfe, 0xea, 0xa9, 0x57, 0x18, 0x17, 0x64, 0xb8, 0xf9, 0xff, 0xff, 0xff, 0xff, 0xff, /* row  7 0x64 */
    0xff, 0xff, 0xff, 0xff, 0xfe, 0xf0, 0xc3, 0x83, 0x46, 0x2a, 0x29, 0x37, 0x43, 0x4a, 0x5c, 0x82, 0x71, 0x49, 0x1c, 0x61, 0xb5, 0xf9, 0xff, 0xff, 0xff, 0xff, 0xff, /* row  8 0x64 */
    0xff, 0xff, 0xff, 0xff, 0xff, 0xff, 0xff, 0xff, 0xff, 0xff, 0xff, 0xff, 0xff, 0xff, 0xff, 0xff, 0xff, 0xff, 0xff, 0xff, 0xff, 0xff, 0xff, 0xff, 0xff, 0xff, 0xff, /* row  9 0x64 */
    0xff, 0xff, 0xff, 0xff, 0xff, 0xff, 0xff, 0xff, 0xff, 0xff, 0xff, 0xff, 0xff, 0xff, 0xff, 0xff, 0xff, 0xff, 0xff, 0xff, 0xff, 0xff, 0xff, 0xff, 0xff, 0xff, 0xff, /* row 10 0x64 */
    0xff, 0xff, 0xff, 0xff, 0xff, 0xff, 0xff, 0xff, 0xff, 0xff, 0xff, 0xff, 0xff, 0xff, 0xff, 0xff, 0xff, 0xff, 0xff, 0xff, 0xff, 0xff, 0xff, 0xff, 0xff, 0xff, 0xff, /* row 11 0x64 */
};

static const unsigned char g_font_px65[FONT_STRIP_W * FONT_STRIP_H * 3] = {
    0xff, 0xff, 0xff, 0xff, 0xff, 0xff, 0xff, 0xff, 0xff, 0xff, 0xff, 0xff, 0xff, 0xff, 0xff, 0xff, 0xff, 0xff, 0xff, 0xff, 0xff, 0xff, 0xff, 0xff, 0xff, 0xff, 0xff, /* row  0 0x65 */
    0xff, 0xff, 0xff, 0xff, 0xff, 0xff, 0xff, 0xff, 0xff, 0xff, 0xff, 0xff, 0xff, 0xff, 0xff, 0xff, 0xff, 0xff, 0xff, 0xff, 0xff, 0xff, 0xff, 0xff, 0xff, 0xff, 0xff, /* row  1 0x65 */
    0xff, 0xff, 0xff, 0xff, 0xff, 0xff, 0xff, 0xff, 0xff, 0xff, 0xff, 0xff, 0xff, 0xff, 0xff, 0xff, 0xff, 0xff, 0xff, 0xff, 0xff, 0xff, 0xff, 0xff, 0xff, 0xff, 0xff, /* row  2 0x65 */
    0xff, 0xff, 0xff, 0xff, 0xff, 0xfb, 0xdf, 0xad, 0x71, 0x4a, 0x3d, 0x40, 0x44, 0x43, 0x3d, 0x39, 0x44, 0x68, 0xa5, 0xda, 0xf9, 0xff, 0xff, 0xff, 0xff, 0xff, 0xff, /* row  3 0x65 */
    0xff, 0xff, 0xff, 0xfe, 0xeb, 0xa5, 0x56, 0x36, 0x71, 0xc1, 0xf4, 0xff, 0xff, 0xff, 0xfe, 0xed, 0xae, 0x5d, 0x26, 0x52, 0xa4, 0xeb, 0xfe, 0xff, 0xff, 0xff, 0xff, /* row  4 0x65 */
    0xff, 0xff, 0xff, 0xfa, 0xbf, 0x6c, 0x1e, 0x14, 0x28, 0x3d, 0x43, 0x43, 0x43, 0x43, 0x43, 0x43, 0x43, 0x43, 0x46, 0x62, 0x9d, 0xd9, 0xfc, 0xff, 0xff, 0xff, 0xff, /* row  5 0x65 */
    0xff, 0xff, 0xff, 0xfa, 0xc0, 0x6d, 0x23, 0x38, 0x88, 0xd9, 0xfc, 0xff, 0xff, 0xff, 0xff, 0xff, 0xff, 0xff, 0xff, 0xff, 0xff, 0xff, 0xff, 0xff, 0xff, 0xff, 0xff, /* row  6 0x65 */
    0xff, 0xff, 0xff, 0xfe, 0xed, 0xa9, 0x57, 0x1b, 0x39, 0x84, 0xd1, 0xf7, 0xff, 0xff, 0xfc, 0xe3, 0xa0, 0x5a, 0x45, 0x82, 0xcb, 0xfa, 0xff, 0xff, 0xff, 0xff, 0xff, /* row  7 0x65 */
    0xff, 0xff, 0xff, 0xff, 0xff, 0xfc, 0xe2, 0xb0, 0x73, 0x45, 0x31, 0x32, 0x3d, 0x42, 0x3c, 0x3c, 0x4d, 0x7b, 0xb6, 0xe5, 0xfd, 0xff, 0xff, 0xff, 0xff, 0xff, 0xff, /* row  8 0x65 */
    0xff, 0xff, 0xff, 0xff, 0xff, 0xff, 0xff, 0xff, 0xff, 0xff, 0xff, 0xff, 0xff, 0xff, 0xff, 0xff, 0xff, 0xff, 0xff, 0xff, 0xff, 0xff, 0xff, 0xff, 0xff, 0xff, 0xff, /* row  9 0x65 */
    0xff, 0xff, 0xff, 0xff, 0xff, 0xff, 0xff, 0xff, 0xff, 0xff, 0xff, 0xff, 0xff, 0xff, 0xff, 0xff, 0xff, 0xff, 0xff, 0xff, 0xff, 0xff, 0xff, 0xff, 0xff, 0xff, 0xff, /* row 10 0x65 */
    0xff, 0xff, 0xff, 0xff, 0xff, 0xff, 0xff, 0xff, 0xff, 0xff, 0xff, 0xff, 0xff, 0xff, 0xff, 0xff, 0xff, 0xff, 0xff, 0xff, 0xff, 0xff, 0xff, 0xff, 0xff, 0xff, 0xff, /* row 11 0x65 */
};

static const unsigned char g_font_px66[FONT_STRIP_W * FONT_STRIP_H * 3] = {
    0xff, 0xff, 0xff, 0xff, 0xff, 0xff, 0xff, 0xff, 0xff, 0xff, 0xff, 0xff, 0xff, 0xff, 0xff, 0xff, 0xff, 0xff, 0xff, 0xff, 0xff, 0xff, 0xff, 0xff, 0xff, 0xff, 0xff, /* row  0 0x66 */
    0xff, 0xff, 0xff, 0xff, 0xff, 0xff, 0xff, 0xff, 0xfc, 0xdf, 0xa7, 0x65, 0x38, 0x28, 0x29, 0x30, 0x34, 0x35, 0x37, 0x4d, 0x8c, 0xce, 0xfb, 0xff, 0xff, 0xff, 0xff, /* row  1 0x66 */
    0xff, 0xff, 0xff, 0xff, 0xff, 0xff, 0xff, 0xfc, 0xd8, 0x88, 0x39, 0x2d, 0x77, 0xc8, 0xf9, 0xff, 0xff, 0xff, 0xff, 0xff, 0xff, 0xff, 0xff, 0xff, 0xff, 0xff, 0xff, /* row  2 0x66 */
    0xff, 0xff, 0xff, 0xfb, 0xca, 0x8a, 0x4e, 0x3c, 0x30, 0x1d, 0x0c, 0x0f, 0x22, 0x34, 0x3b, 0x3b, 0x3b, 0x3b, 0x40, 0x6e, 0xae, 0xeb, 0xfe, 0xff, 0xff, 0xff, 0xff, /* row  3 0x66 */
    0xff, 0xff, 0xff, 0xff, 0xff, 0xff, 0xff, 0xfb, 0xcf, 0x7d, 0x32, 0x40, 0x8f, 0xde, 0xfd, 0xff, 0xff, 0xff, 0xff, 0xff, 0xff, 0xff, 0xff, 0xff, 0xff, 0xff, 0xff, /* row  4 0x66 */
    0xff, 0xff, 0xff, 0xff, 0xff, 0xff, 0xff, 0xfb, 0xcf, 0x7d, 0x32, 0x40, 0x8f, 0xde, 0xfd, 0xff, 0xff, 0xff, 0xff, 0xff, 0xff, 0xff, 0xff, 0xff, 0xff, 0xff, 0xff, /* row  5 0x66 */
    0xff, 0xff, 0xff, 0xff, 0xff, 0xff, 0xff, 0xfb, 0xcf, 0x7d, 0x32, 0x40, 0x8f, 0xde, 0xfd, 0xff, 0xff, 0xff, 0xff, 0xff, 0xff, 0xff, 0xff, 0xff, 0xff, 0xff, 0xff, /* row  6 0x66 */
    0xff, 0xff, 0xff, 0xff, 0xff, 0xff, 0xff, 0xfb, 0xcf, 0x7d, 0x32, 0x40, 0x8f, 0xde, 0xfd, 0xff, 0xff, 0xff, 0xff, 0xff, 0xff, 0xff, 0xff, 0xff, 0xff, 0xff, 0xff, /* row  7 0x66 */
    0xff, 0xff, 0xff, 0xff, 0xff, 0xff, 0xff, 0xfb, 0xcf, 0x7d, 0x32, 0x40, 0x8f, 0xde, 0xfd, 0xff, 0xff, 0xff, 0xff, 0xff, 0xff, 0xff, 0xff, 0xff, 0xff, 0xff, 0xff, /* row  8 0x66 */
    0xff, 0xff, 0xff, 0xff, 0xff, 0xff, 0xff, 0xff, 0xff, 0xff, 0xff, 0xff, 0xff, 0xff, 0xff, 0xff, 0xff, 0xff, 0xff, 0xff, 0xff, 0xff, 0xff, 0xff, 0xff, 0xff, 0xff, /* row  9 0x66 */
    0xff, 0xff, 0xff, 0xff, 0xff, 0xff, 0xff, 0xff, 0xff, 0xff, 0xff, 0xff, 0xff, 0xff, 0xff, 0xff, 0xff, 0xff, 0xff, 0xff, 0xff, 0xff, 0xff, 0xff, 0xff, 0xff, 0xff, /* row 10 0x66 */
    0xff, 0xff, 0xff, 0xff, 0xff, 0xff, 0xff, 0xff, 0xff, 0xff, 0xff, 0xff, 0xff, 0xff, 0xff, 0xff, 0xff, 0xff, 0xff, 0xff, 0xff, 0xff, 0xff, 0xff, 0xff, 0xff, 0xff, /* row 11 0x66 */
};

static const unsigned char g_font_px67[FONT_STRIP_W * FONT_STRIP_H * 3] = {
    0xff, 0xff, 0xff, 0xff, 0xff, 0xff, 0xff, 0xff, 0xff, 0xff, 0xff, 0xff, 0xff, 0xff, 0xff, 0xff, 0xff, 0xff, 0xff, 0xff, 0xff, 0xff, 0xff, 0xff, 0xff, 0xff, 0xff, /* row  0 0x67 */
    0xff, 0xff, 0xff, 0xff, 0xff, 0xff, 0xff, 0xff, 0xff, 0xff, 0xff, 0xff, 0xff, 0xff, 0xff, 0xff, 0xff, 0xff, 0xff, 0xff, 0xff, 0xff, 0xff, 0xff, 0xff, 0xff, 0xff, /* row  1 0x67 */
    0xff, 0xff, 0xff, 0xff, 0xff, 0xff, 0xff, 0xff, 0xff, 0xff, 0xff, 0xff, 0xff, 0xff, 0xff, 0xff, 0xff, 0xff, 0xff, 0xff, 0xff, 0xff, 0xff, 0xff, 0xff, 0xff, 0xff, /* row  2 0x67 */
    0xff, 0xff, 0xff, 0xff, 0xff, 0xf4, 0xcc, 0x8e, 0x4f, 0x30, 0x2e, 0x3c, 0x46, 0x4c, 0x5b, 0x81, 0x74, 0x4c, 0x1d, 0x5e, 0xb2, 0xf8, 0xff, 0xff, 0xff, 0xff, 0xff, /* row  3 0x67 */
    0xff, 0xff, 0xff, 0xfe, 0xea, 0xa1, 0x4e, 0x1b, 0x52, 0xa4, 0xea, 0xfe, 0xff, 0xfd, 0xe5, 0xa4, 0x53, 0x17, 0x13, 0x60, 0xb4, 0xf8, 0xff, 0xff, 0xff, 0xff, 0xff, /* row  4 0x67 */
    0xff, 0xff, 0xff, 0xfb, 0xc8, 0x76, 0x2b, 0x38, 0x87, 0xd8, 0xfc, 0xff, 0xff, 0xff, 0xff, 0xef, 0xa1, 0x4e, 0x19, 0x60, 0xb4, 0xf8, 0xff, 0xff, 0xff, 0xff, 0xff, /* row  5 0x67 */
    0xff, 0xff, 0xff, 0xfa, 0xc7, 0x74, 0x29, 0x3b, 0x8b, 0xdb, 0xfd, 0xff, 0xff, 0xff, 0xff, 0xef, 0xa1, 0x4d, 0x19, 0x60, 0xb4, 0xf8, 0xff, 0xff, 0xff, 0xff, 0xff, /* row  6 0x67 */
    0xff, 0xff, 0xff, 0xfe, 0xe7, 0x9a, 0x48, 0x1d, 0x58, 0xab, 0xee, 0xfe, 0xff, 0xfe, 0xe8, 0xa9, 0x57, 0x18, 0x14, 0x60, 0xb4, 0xf8, 0xff, 0xff, 0xff, 0xff, 0xff, /* row  7 0x67 */
    0xff, 0xff, 0xff, 0xff, 0xfe, 0xf0, 0xc2, 0x81, 0x45, 0x2b, 0x2d, 0x3e, 0x4b, 0x52, 0x63, 0x87, 0x73, 0x49, 0x1b, 0x61, 0xb6, 0xf9, 0xff, 0xff, 0xff, 0xff, 0xff, /* row  8 0x67 */
    0xff, 0xff, 0xff, 0xff, 0xff, 0xff, 0xff, 0xff, 0xff, 0xff, 0xff, 0xff, 0xff, 0xff, 0xfa, 0xd3, 0x83, 0x37, 0x34, 0x81, 0xd2, 0xfc, 0xff, 0xff, 0xff, 0xff, 0xff, /* row  9 0x67 */
    0xff, 0xff, 0xff, 0xff, 0xff, 0xf4, 0xcc, 0x90, 0x56, 0x3d, 0x3b, 0x41, 0x42, 0x3f, 0x36, 0x35, 0x48, 0x7b, 0xba, 0xe9, 0xfe, 0xff, 0xff, 0xff, 0xff, 0xff, 0xff, /* row 10 0x67 */
    0xff, 0xff, 0xff, 0xff, 0xff, 0xff, 0xff, 0xff, 0xff, 0xff, 0xff, 0xff, 0xff, 0xff, 0xff, 0xff, 0xff, 0xff, 0xff, 0xff, 0xff, 0xff, 0xff, 0xff, 0xff, 0xff, 0xff, /* row 11 0x67 */
};

static const unsigned char g_font_px68[FONT_STRIP_W * FONT_STRIP_H * 3] = {
    0xff, 0xff, 0xff, 0xff, 0xff, 0xff, 0xff, 0xff, 0xff, 0xff, 0xff, 0xff, 0xff, 0xff, 0xff, 0xff, 0xff, 0xff, 0xff, 0xff, 0xff, 0xff, 0xff, 0xff, 0xff, 0xff, 0xff, /* row  0 0x68 */
    0xff, 0xff, 0xff, 0xff, 0xf8, 0xab, 0x56, 0x17, 0x5d, 0xb2, 0xf8, 0xff, 0xff, 0xff, 0xff, 0xff, 0xff, 0xff, 0xff, 0xff, 0xff, 0xff, 0xff, 0xff, 0xff, 0xff, 0xff, /* row  1 0x68 */
    0xff, 0xff, 0xff, 0xff, 0xf8, 0xab, 0x56, 0x17, 0x5d, 0xb2, 0xf8, 0xff, 0xff, 0xff, 0xff, 0xff, 0xff, 0xff, 0xff, 0xff, 0xff, 0xff, 0xff, 0xff, 0xff, 0xff, 0xff, /* row  2 0x68 */
    0xff, 0xff, 0xff, 0xff, 0xf8, 0xab, 0x56, 0x19, 0x4b, 0x70, 0x7a, 0x58, 0x48, 0x40, 0x33, 0x27, 0x2d, 0x52, 0x95, 0xd2, 0xf8, 0xff, 0xff, 0xff, 0xff, 0xff, 0xff, /* row  3 0x68 */
    0xff, 0xff, 0xff, 0xff, 0xf8, 0xab, 0x55, 0x0d, 0x26, 0x6b, 0xbb, 0xee, 0xfe, 0xff, 0xfc, 0xd6, 0x85, 0x36, 0x22, 0x6c, 0xc0, 0xfa, 0xff, 0xff, 0xff, 0xff, 0xff, /* row  4 0x68 */
    0xff, 0xff, 0xff, 0xff, 0xf8, 0xab, 0x56, 0x18, 0x5e, 0xb3, 0xf8, 0xff, 0xff, 0xff, 0xff, 0xf5, 0xa7, 0x53, 0x16, 0x5c, 0xb1, 0xf8, 0xff, 0xff, 0xff, 0xff, 0xff, /* row  5 0x68 */
    0xff, 0xff, 0xff, 0xff, 0xf8, 0xab, 0x56, 0x1b, 0x61, 0xb5, 0xf9, 0xff, 0xff, 0xff, 0xff, 0xf5, 0xa8, 0x53, 0x16, 0x5c, 0xb1, 0xf8, 0xff, 0xff, 0xff, 0xff, 0xff, /* row  6 0x68 */
    0xff, 0xff, 0xff, 0xff, 0xf8, 0xab, 0x56, 0x1b, 0x61, 0xb5, 0xf9, 0xff, 0xff, 0xff, 0xff, 0xf5, 0xa8, 0x53, 0x16, 0x5c, 0xb1, 0xf8, 0xff, 0xff, 0xff, 0xff, 0xff, /* row  7 0x68 */
    0xff, 0xff, 0xff, 0xff, 0xf8, 0xab, 0x56, 0x1b, 0x61, 0xb5, 0xf9, 0xff, 0xff, 0xff, 0xff, 0xf5, 0xa8, 0x53, 0x16, 0x5c, 0xb1, 0xf8, 0xff, 0xff, 0xff, 0xff, 0xff, /* row  8 0x68 */
    0xff, 0xff, 0xff, 0xff, 0xff, 0xff, 0xff, 0xff, 0xff, 0xff, 0xff, 0xff, 0xff, 0xff, 0xff, 0xff, 0xff, 0xff, 0xff, 0xff, 0xff, 0xff, 0xff, 0xff, 0xff, 0xff, 0xff, /* row  9 0x68 */
    0xff, 0xff, 0xff, 0xff, 0xff, 0xff, 0xff, 0xff, 0xff, 0xff, 0xff, 0xff, 0xff, 0xff, 0xff, 0xff, 0xff, 0xff, 0xff, 0xff, 0xff, 0xff, 0xff, 0xff, 0xff, 0xff, 0xff, /* row 10 0x68 */
    0xff, 0xff, 0xff, 0xff, 0xff, 0xff, 0xff, 0xff, 0xff, 0xff, 0xff, 0xff, 0xff, 0xff, 0xff, 0xff, 0xff, 0xff, 0xff, 0xff, 0xff, 0xff, 0xff, 0xff, 0xff, 0xff, 0xff, /* row 11 0x68 */
};

static const unsigned char g_font_px69[FONT_STRIP_W * FONT_STRIP_H * 3] = {
    0xff, 0xff, 0xff, 0xff, 0xff, 0xff, 0xff, 0xff, 0xff, 0xff, 0xff, 0xff, 0xff, 0xff, 0xff, 0xff, 0xff, 0xff, 0xff, 0xff, 0xff, 0xff, 0xff, 0xff, 0xff, 0xff, 0xff, /* row  0 0x69 */
    0xff, 0xff, 0xff, 0xff, 0xff, 0xff, 0xff, 0xff, 0xff, 0xfe, 0xe5, 0x97, 0x43, 0x0f, 0x55, 0xab, 0xf8, 0xff, 0xff, 0xff, 0xff, 0xff, 0xff, 0xff, 0xff, 0xff, 0xff, /* row  1 0x69 */
    0xff, 0xff, 0xff, 0xff, 0xff, 0xff, 0xff, 0xff, 0xff, 0xff, 0xff, 0xfd, 0xfa, 0xf8, 0xfa, 0xfd, 0xff, 0xff, 0xff, 0xff, 0xff, 0xff, 0xff, 0xff, 0xff, 0xff, 0xff, /* row  2 0x69 */
    0xff, 0xff, 0xff, 0xff, 0xff, 0xf8, 0xbd, 0x7c, 0x42, 0x3b, 0x3a, 0x29, 0x16, 0x0c, 0x55, 0xab, 0xf8, 0xff, 0xff, 0xff, 0xff, 0xff, 0xff, 0xff, 0xff, 0xff, 0xff, /* row  3 0x69 */
    0xff, 0xff, 0xff, 0xff, 0xff, 0xff, 0xff, 0xff, 0xff, 0xff, 0xf8, 0xb2, 0x5d, 0x17, 0x56, 0xab, 0xf8, 0xff, 0xff, 0xff, 0xff, 0xff, 0xff, 0xff, 0xff, 0xff, 0xff, /* row  4 0x69 */
    0xff, 0xff, 0xff, 0xff, 0xff, 0xff, 0xff, 0xff, 0xff, 0xff, 0xf8, 0xb2, 0x5d, 0x17, 0x56, 0xab, 0xf8, 0xff, 0xff, 0xff, 0xff, 0xff, 0xff, 0xff, 0xff, 0xff, 0xff, /* row  5 0x69 */
    0xff, 0xff, 0xff, 0xff, 0xff, 0xff, 0xff, 0xff, 0xff, 0xff, 0xf8, 0xb2, 0x5d, 0x17, 0x56, 0xab, 0xf8, 0xff, 0xff, 0xff, 0xff, 0xff, 0xff, 0xff, 0xff, 0xff, 0xff, /* row  6 0x69 */
    0xff, 0xff, 0xff, 0xff, 0xff, 0xff, 0xff, 0xff, 0xff, 0xff, 0xf8, 0xb2, 0x5d, 0x17, 0x56, 0xab, 0xf8, 0xff, 0xff, 0xff, 0xff, 0xff, 0xff, 0xff, 0xff, 0xff, 0xff, /* row  7 0x69 */
    0xff, 0xff, 0xff, 0xfb, 0xd0, 0x90, 0x53, 0x3d, 0x3b, 0x3b, 0x3a, 0x29, 0x16, 0x06, 0x14, 0x28, 0x3a, 0x3b, 0x3b, 0x41, 0x74, 0xb5, 0xf1, 0xff, 0xff, 0xff, 0xff, /* row  8 0x69 */
    0xff, 0xff, 0xff, 0xff, 0xff, 0xff, 0xff, 0xff, 0xff, 0xff, 0xff, 0xff, 0xff, 0xff, 0xff, 0xff, 0xff, 0xff, 0xff, 0xff, 0xff, 0xff, 0xff, 0xff, 0xff, 0xff, 0xff, /* row  9 0x69 */
    0xff, 0xff, 0xff, 0xff, 0xff, 0xff, 0xff, 0xff, 0xff, 0xff, 0xff, 0xff, 0xff, 0xff, 0xff, 0xff, 0xff, 0xff, 0xff, 0xff, 0xff, 0xff, 0xff, 0xff, 0xff, 0xff, 0xff, /* row 10 0x69 */
    0xff, 0xff, 0xff, 0xff, 0xff, 0xff, 0xff, 0xff, 0xff, 0xff, 0xff, 0xff, 0xff, 0xff, 0xff, 0xff, 0xff, 0xff, 0xff, 0xff, 0xff, 0xff, 0xff, 0xff, 0xff, 0xff, 0xff, /* row 11 0x69 */
};

static const unsigned char g_font_px6a[FONT_STRIP_W * FONT_STRIP_H * 3] = {
    0xff, 0xff, 0xff, 0xff, 0xff, 0xff, 0xff, 0xff, 0xff, 0xff, 0xff, 0xff, 0xff, 0xff, 0xff, 0xff, 0xff, 0xff, 0xff, 0xff, 0xff, 0xff, 0xff, 0xff, 0xff, 0xff, 0xff, /* row  0 0x6a */
    0xff, 0xff, 0xff, 0xff, 0xff, 0xff, 0xff, 0xff, 0xff, 0xff, 0xff, 0xfa, 0xbf, 0x6c, 0x21, 0x34, 0x84, 0xd5, 0xfc, 0xff, 0xff, 0xff, 0xff, 0xff, 0xff, 0xff, 0xff, /* row  1 0x6a */
    0xff, 0xff, 0xff, 0xff, 0xff, 0xff, 0xff, 0xff, 0xff, 0xff, 0xff, 0xff, 0xfe, 0xfb, 0xf9, 0xf9, 0xfc, 0xfe, 0xff, 0xff, 0xff, 0xff, 0xff, 0xff, 0xff, 0xff, 0xff, /* row  2 0x6a */
    0xff, 0xff, 0xff, 0xff, 0xff, 0xfa, 0xc1, 0x7f, 0x44, 0x3c, 0x3b, 0x3b, 0x32, 0x20, 0x11, 0x33, 0x84, 0xd5, 0xfc, 0xff, 0xff, 0xff, 0xff, 0xff, 0xff, 0xff, 0xff, /* row  3 0x6a */
    0xff, 0xff, 0xff, 0xff, 0xff, 0xff, 0xff, 0xff, 0xff, 0xff, 0xff, 0xfc, 0xd8, 0x88, 0x3a, 0x37, 0x84, 0xd5, 0xfc, 0xff, 0xff, 0xff, 0xff, 0xff, 0xff, 0xff, 0xff, /* row  4 0x6a */
    0xff, 0xff, 0xff, 0xff, 0xff, 0xff, 0xff, 0xff, 0xff, 0xff, 0xff, 0xfc, 0xd8, 0x88, 0x3a, 0x37, 0x84, 0xd5, 0xfc, 0xff, 0xff, 0xff, 0xff, 0xff, 0xff, 0xff, 0xff, /* row  5 0x6a */
    0xff, 0xff, 0xff, 0xff, 0xff, 0xff, 0xff, 0xff, 0xff, 0xff, 0xff, 0xfc, 0xd8, 0x88, 0x3a, 0x37, 0x84, 0xd5, 0xfc, 0xff, 0xff, 0xff, 0xff, 0xff, 0xff, 0xff, 0xff, /* row  6 0x6a */
    0xff, 0xff, 0xff, 0xff, 0xff, 0xff, 0xff, 0xff, 0xff, 0xff, 0xff, 0xfc, 0xd8, 0x88, 0x3a, 0x37, 0x84, 0xd5, 0xfc, 0xff, 0xff, 0xff, 0xff, 0xff, 0xff, 0xff, 0xff, /* row  7 0x6a */
    0xff, 0xff, 0xff, 0xff, 0xff, 0xff, 0xff, 0xff, 0xff, 0xff, 0xff, 0xfc, 0xd8, 0x88, 0x3a, 0x37, 0x84, 0xd5, 0xfc, 0xff, 0xff, 0xff, 0xff, 0xff, 0xff, 0xff, 0xff, /* row  8 0x6a */
    0xff, 0xff, 0xff, 0xff, 0xff, 0xff, 0xff, 0xff, 0xff, 0xff, 0xfe, 0xec, 0xae, 0x5c, 0x22, 0x4a, 0x9c, 0xe8, 0xfe, 0xff, 0xff, 0xff, 0xff, 0xff, 0xff, 0xff, 0xff, /* row  9 0x6a */
    0xff, 0xff, 0xff, 0xf2, 0xb6, 0x72, 0x3c, 0x35, 0x34, 0x30, 0x29, 0x26, 0x31, 0x54, 0x91, 0xcb, 0xf3, 0xff, 0xff, 0xff, 0xff, 0xff, 0xff, 0xff, 0xff, 0xff, 0xff, /* row 10 0x6a */
    0xff, 0xff, 0xff, 0xff, 0xff, 0xff, 0xff, 0xff, 0xff, 0xff, 0xff, 0xff, 0xff, 0xff, 0xff, 0xff, 0xff, 0xff, 0xff, 0xff, 0xff, 0xff, 0xff, 0xff, 0xff, 0xff, 0xff, /* row 11 0x6a */
};

static const unsigned char g_font_px6b[FONT_STRIP_W * FONT_STRIP_H * 3] = {
    0xff, 0xff, 0xff, 0xff, 0xff, 0xff, 0xff, 0xff, 0xff, 0xff, 0xff, 0xff, 0xff, 0xff, 0xff, 0xff, 0xff, 0xff, 0xff, 0xff, 0xff, 0xff, 0xff, 0xff, 0xff, 0xff, 0xff, /* row  0 0x6b */
    0xff, 0xff, 0xff, 0xff, 0xfe, 0xe8, 0x99, 0x48, 0x25, 0x6e, 0xc1, 0xfa, 0xff, 0xff, 0xff, 0xff, 0xff, 0xff, 0xff, 0xff, 0xff, 0xff, 0xff, 0xff, 0xff, 0xff, 0xff, /* row  1 0x6b */
    0xff, 0xff, 0xff, 0xff, 0xfe, 0xe8, 0x99, 0x48, 0x25, 0x6e, 0xc1, 0xfa, 0xff, 0xff, 0xff, 0xff, 0xff, 0xff, 0xff, 0xff, 0xff, 0xff, 0xff, 0xff, 0xff, 0xff, 0xff, /* row  2 0x6b */
    0xff, 0xff, 0xff, 0xff, 0xfe, 0xe8, 0x99, 0x48, 0x25, 0x6e, 0xc1, 0xfa, 0xff, 0xfc, 0xe2, 0xa9, 0x5d, 0x31, 0x42, 0x87, 0xcc, 0xf4, 0xff, 0xff, 0xff, 0xff, 0xff, /* row  3 0x6b */
    0xff, 0xff, 0xff, 0xff, 0xfe, 0xe8, 0x99, 0x48, 0x25, 0x6e, 0xc0, 0xea, 0xc2, 0x79, 0x3c, 0x39, 0x70, 0xba, 0xeb, 0xfe, 0xff, 0xff, 0xff, 0xff, 0xff, 0xff, 0xff, /* row  4 0x6b */
    0xff, 0xff, 0xff, 0xff, 0xfe, 0xe8, 0x99, 0x48, 0x1f, 0x46, 0x59, 0x44, 0x1e, 0x3d, 0x8c, 0xd9, 0xfb, 0xff, 0xff, 0xff, 0xff, 0xff, 0xff, 0xff, 0xff, 0xff, 0xff, /* row  5 0x6b */
    0xff, 0xff, 0xff, 0xff, 0xfe, 0xe8, 0x99, 0x46, 0x11, 0x30, 0x65, 0x80, 0x61, 0x32, 0x34, 0x75, 0xc2, 0xf2, 0xff, 0xff, 0xff, 0xff, 0xff, 0xff, 0xff, 0xff, 0xff, /* row  6 0x6b */
    0xff, 0xff, 0xff, 0xff, 0xfe, 0xe8, 0x99, 0x48, 0x25, 0x6e, 0xc1, 0xf9, 0xf6, 0xcc, 0x81, 0x39, 0x2c, 0x65, 0xb4, 0xeb, 0xfe, 0xff, 0xff, 0xff, 0xff, 0xff, 0xff, /* row  7 0x6b */
    0xff, 0xff, 0xff, 0xff, 0xfe, 0xe8, 0x99, 0x48, 0x25, 0x6e, 0xc1, 0xfa, 0xff, 0xff, 0xf9, 0xd4, 0x8c, 0x40, 0x27, 0x56, 0xa5, 0xe3, 0xfd, 0xff, 0xff, 0xff, 0xff, /* row  8 0x6b */
    0xff, 0xff, 0xff, 0xff, 0xff, 0xff, 0xff, 0xff, 0xff, 0xff, 0xff, 0xff, 0xff, 0xff, 0xff, 0xff, 0xff, 0xff, 0xff, 0xff, 0xff, 0xff, 0xff, 0xff, 0xff, 0xff, 0xff, /* row  9 0x6b */
    0xff, 0xff, 0xff, 0xff, 0xff, 0xff, 0xff, 0xff, 0xff, 0xff, 0xff, 0xff, 0xff, 0xff, 0xff, 0xff, 0xff, 0xff, 0xff, 0xff, 0xff, 0xff, 0xff, 0xff, 0xff, 0xff, 0xff, /* row 10 0x6b */
    0xff, 0xff, 0xff, 0xff, 0xff, 0xff, 0xff, 0xff, 0xff, 0xff, 0xff, 0xff, 0xff, 0xff, 0xff, 0xff, 0xff, 0xff, 0xff, 0xff, 0xff, 0xff, 0xff, 0xff, 0xff, 0xff, 0xff, /* row 11 0x6b */
};

static const unsigned char g_font_px6c[FONT_STRIP_W * FONT_STRIP_H * 3] = {
    0xff, 0xff, 0xff, 0xff, 0xff, 0xff, 0xff, 0xff, 0xff, 0xff, 0xff, 0xff, 0xff, 0xff, 0xff, 0xff, 0xff, 0xff, 0xff, 0xff, 0xff, 0xff, 0xff, 0xff, 0xff, 0xff, 0xff, /* row  0 0x6c */
    0xff, 0xff, 0xff, 0xff, 0xff, 0xfb, 0xd1, 0x91, 0x54, 0x3d, 0x39, 0x2a, 0x19, 0x1b, 0x66, 0xb8, 0xf9, 0xff, 0xff, 0xff, 0xff, 0xff, 0xff, 0xff, 0xff, 0xff, 0xff, /* row  1 0x6c */
    0xff, 0xff, 0xff, 0xff, 0xff, 0xff, 0xff, 0xff, 0xff, 0xff, 0xf4, 0xa7, 0x53, 0x1b, 0x61, 0xb5, 0xf9, 0xff, 0xff, 0xff, 0xff, 0xff, 0xff, 0xff, 0xff, 0xff, 0xff, /* row  2 0x6c */
    0xff, 0xff, 0xff, 0xff, 0xff, 0xff, 0xff, 0xff, 0xff, 0xff, 0xf4, 0xa7, 0x53, 0x1b, 0x61, 0xb5, 0xf9, 0xff, 0xff, 0xff, 0xff, 0xff, 0xff, 0xff, 0xff, 0xff, 0xff, /* row  3 0x6c */
    0xff, 0xff, 0xff, 0xff, 0xff, 0xff, 0xff, 0xff, 0xff, 0xff, 0xf4, 0xa7, 0x53, 0x1b, 0x61, 0xb5, 0xf9, 0xff, 0xff, 0xff, 0xff, 0xff, 0xff, 0xff, 0xff, 0xff, 0xff, /* row  4 0x6c */
    0xff, 0xff, 0xff, 0xff, 0xff, 0xff, 0xff, 0xff, 0xff, 0xff, 0xf4, 0xa7, 0x53, 0x1b, 0x61, 0xb5, 0xf9, 0xff, 0xff, 0xff, 0xff, 0xff, 0xff, 0xff, 0xff, 0xff, 0xff, /* row  5 0x6c */
    0xff, 0xff, 0xff, 0xff, 0xff, 0xff, 0xff, 0xff, 0xff, 0xff, 0xf4, 0xa7, 0x53, 0x1b, 0x61, 0xb5, 0xf9, 0xff, 0xff, 0xff, 0xff, 0xff, 0xff, 0xff, 0xff, 0xff, 0xff, /* row  6 0x6c */
    0xff, 0xff, 0xff, 0xff, 0xff, 0xff, 0xff, 0xff, 0xff, 0xff, 0xf5, 0xa8, 0x54, 0x1a, 0x60, 0xb4, 0xf8, 0xff, 0xff, 0xff, 0xff, 0xff, 0xff, 0xff, 0xff, 0xff, 0xff, /* row  7 0x6c */
    0xff, 0xff, 0xff, 0xff, 0xff, 0xff, 0xff, 0xff, 0xff, 0xff, 0xfc, 0xd5, 0x92, 0x48, 0x25, 0x24, 0x2f, 0x37, 0x39, 0x40, 0x7c, 0xbe, 0xf9, 0xff, 0xff, 0xff, 0xff, /* row  8 0x6c */
    0xff, 0xff, 0xff, 0xff, 0xff, 0xff, 0xff, 0xff, 0xff, 0xff, 0xff, 0xff, 0xff, 0xff, 0xff, 0xff, 0xff, 0xff, 0xff, 0xff, 0xff, 0xff, 0xff, 0xff, 0xff, 0xff, 0xff, /* row  9 0x6c */
    0xff, 0xff, 0xff, 0xff, 0xff, 0xff, 0xff, 0xff, 0xff, 0xff, 0xff, 0xff, 0xff, 0xff, 0xff, 0xff, 0xff, 0xff, 0xff, 0xff, 0xff, 0xff, 0xff, 0xff, 0xff, 0xff, 0xff, /* row 10 0x6c */
    0xff, 0xff, 0xff, 0xff, 0xff, 0xff, 0xff, 0xff, 0xff, 0xff, 0xff, 0xff, 0xff, 0xff, 0xff, 0xff, 0xff, 0xff, 0xff, 0xff, 0xff, 0xff, 0xff, 0xff, 0xff, 0xff, 0xff, /* row 11 0x6c */
};

static const unsigned char g_font_px6d[FONT_STRIP_W * FONT_STRIP_H * 3] = {
    0xff, 0xff, 0xff, 0xff, 0xff, 0xff, 0xff, 0xff, 0xff, 0xff, 0xff, 0xff, 0xff, 0xff, 0xff, 0xff, 0xff, 0xff, 0xff, 0xff, 0xff, 0xff, 0xff, 0xff, 0xff, 0xff, 0xff, /* row  0 0x6d */
    0xff, 0xff, 0xff, 0xff, 0xff, 0xff, 0xff, 0xff, 0xff, 0xff, 0xff, 0xff, 0xff, 0xff, 0xff, 0xff, 0xff, 0xff, 0xff, 0xff, 0xff, 0xff, 0xff, 0xff, 0xff, 0xff, 0xff, /* row  1 0x6d */
    0xff, 0xff, 0xff, 0xff, 0xff, 0xff, 0xff, 0xff, 0xff, 0xff, 0xff, 0xff, 0xff, 0xff, 0xff, 0xff, 0xff, 0xff, 0xff, 0xff, 0xff, 0xff, 0xff, 0xff, 0xff, 0xff, 0xff, /* row  2 0x6d */
    0xff, 0xff, 0xfd, 0xdd, 0x8d, 0x40, 0x3f, 0x58, 0x68, 0x43, 0x2c, 0x2c, 0x59, 0x84, 0x89, 0x64, 0x3e, 0x28, 0x25, 0x54, 0xa1, 0xe3, 0xfd, 0xff, 0xff, 0xff, 0xff, /* row  3 0x6d */
    0xff, 0xff, 0xfd, 0xdf, 0x90, 0x3f, 0x1b, 0x5e, 0xb1, 0xee, 0xc8, 0x76, 0x29, 0x26, 0x70, 0xc2, 0xf1, 0xbc, 0x69, 0x26, 0x5a, 0xad, 0xf7, 0xff, 0xff, 0xff, 0xff, /* row  4 0x6d */
    0xff, 0xff, 0xfd, 0xdf, 0x90, 0x41, 0x38, 0x84, 0xd5, 0xf8, 0xd7, 0x86, 0x3a, 0x44, 0x93, 0xe2, 0xf9, 0xcb, 0x79, 0x30, 0x52, 0xa3, 0xf1, 0xff, 0xff, 0xff, 0xff, /* row  5 0x6d */
    0xff, 0xff, 0xfd, 0xdf, 0x90, 0x42, 0x3b, 0x88, 0xd8, 0xf9, 0xd7, 0x87, 0x3b, 0x47, 0x95, 0xe4, 0xf9, 0xcb, 0x79, 0x30, 0x51, 0xa3, 0xf0, 0xff, 0xff, 0xff, 0xff, /* row  6 0x6d */
    0xff, 0xff, 0xfd, 0xdf, 0x90, 0x42, 0x3b, 0x88, 0xd8, 0xf9, 0xd7, 0x87, 0x3b, 0x47, 0x95, 0xe4, 0xf9, 0xcb, 0x79, 0x30, 0x51, 0xa3, 0xf0, 0xff, 0xff, 0xff, 0xff, /* row  7 0x6d */
    0xff, 0xff, 0xfd, 0xdf, 0x90, 0x42, 0x3b, 0x88, 0xd8, 0xf9, 0xd7, 0x87, 0x3b, 0x47, 0x95, 0xe4, 0xf9, 0xcb, 0x79, 0x30, 0x51, 0xa3, 0xf0, 0xff, 0xff, 0xff, 0xff, /* row  8 0x6d */
    0xff, 0xff, 0xff, 0xff, 0xff, 0xff, 0xff, 0xff, 0xff, 0xff, 0xff, 0xff, 0xff, 0xff, 0xff, 0xff, 0xff, 0xff, 0xff, 0xff, 0xff, 0xff, 0xff, 0xff, 0xff, 0xff, 0xff, /* row  9 0x6d */
    0xff, 0xff, 0xff, 0xff, 0xff, 0xff, 0xff, 0xff, 0xff, 0xff, 0xff, 0xff, 0xff, 0xff, 0xff, 0xff, 0xff, 0xff, 0xff, 0xff, 0xff, 0xff, 0xff, 0xff, 0xff, 0xff, 0xff, /* row 10 0x6d */
    0xff, 0xff, 0xff, 0xff, 0xff, 0xff, 0xff, 0xff, 0xff, 0xff, 0xff, 0xff, 0xff, 0xff, 0xff, 0xff, 0xff, 0xff, 0xff, 0xff, 0xff, 0xff, 0xff, 0xff, 0xff, 0xff, 0xff, /* row 11 0x6d */
};

static const unsigned char g_font_px6e[FONT_STRIP_W * FONT_STRIP_H * 3] = {
    0xff, 0xff, 0xff, 0xff, 0xff, 0xff, 0xff, 0xff, 0xff, 0xff, 0xff, 0xff, 0xff, 0xff, 0xff, 0xff, 0xff, 0xff, 0xff, 0xff, 0xff, 0xff, 0xff, 0xff, 0xff, 0xff, 0xff, /* row  0 0x6e */
    0xff, 0xff, 0xff, 0xff, 0xff, 0xff, 0xff, 0xff, 0xff, 0xff, 0xff, 0xff, 0xff, 0xff, 0xff, 0xff, 0xff, 0xff, 0xff, 0xff, 0xff, 0xff, 0xff, 0xff, 0xff, 0xff, 0xff, /* row  1 0x6e */
    0xff, 0xff, 0xff, 0xff, 0xff, 0xff, 0xff, 0xff, 0xff, 0xff, 0xff, 0xff, 0xff, 0xff, 0xff, 0xff, 0xff, 0xff, 0xff, 0xff, 0xff, 0xff, 0xff, 0xff, 0xff, 0xff, 0xff, /* row  2 0x6e */
    0xff, 0xff, 0xff, 0xff, 0xf5, 0xa8, 0x55, 0x26, 0x59, 0x7e, 0x7d, 0x59, 0x49, 0x40, 0x32, 0x25, 0x2a, 0x4d, 0x91, 0xcf, 0xf7, 0xff, 0xff, 0xff, 0xff, 0xff, 0xff, /* row  3 0x6e */
    0xff, 0xff, 0xff, 0xff, 0xf8, 0xab, 0x55, 0x0d, 0x26, 0x6b, 0xbb, 0xee, 0xfe, 0xff, 0xfc, 0xd6, 0x85, 0x35, 0x20, 0x6b, 0xbe, 0xfa, 0xff, 0xff, 0xff, 0xff, 0xff, /* row  4 0x6e */
    0xff, 0xff, 0xff, 0xff, 0xf8, 0xab, 0x56, 0x18, 0x5e, 0xb3, 0xf8, 0xff, 0xff, 0xff, 0xff, 0xf5, 0xa7, 0x53, 0x16, 0x5c, 0xb1, 0xf8, 0xff, 0xff, 0xff, 0xff, 0xff, /* row  5 0x6e */
    0xff, 0xff, 0xff, 0xff, 0xf8, 0xab, 0x56, 0x1b, 0x61, 0xb5, 0xf9, 0xff, 0xff, 0xff, 0xff, 0xf5, 0xa8, 0x53, 0x16, 0x5c, 0xb1, 0xf8, 0xff, 0xff, 0xff, 0xff, 0xff, /* row  6 0x6e */
    0xff, 0xff, 0xff, 0xff, 0xf8, 0xab, 0x56, 0x1b, 0x61, 0xb5, 0xf9, 0xff, 0xff, 0xff, 0xff, 0xf5, 0xa8, 0x53, 0x16, 0x5c, 0xb1, 0xf8, 0xff, 0xff, 0xff, 0xff, 0xff, /* row  7 0x6e */
    0xff, 0xff, 0xff, 0xff, 0xf8, 0xab, 0x56, 0x1b, 0x61, 0xb5, 0xf9, 0xff, 0xff, 0xff, 0xff, 0xf5, 0xa8, 0x53, 0x16, 0x5c, 0xb1, 0xf8, 0xff, 0xff, 0xff, 0xff, 0xff, /* row  8 0x6e */
    0xff, 0xff, 0xff, 0xff, 0xff, 0xff, 0xff, 0xff, 0xff, 0xff, 0xff, 0xff, 0xff, 0xff, 0xff, 0xff, 0xff, 0xff, 0xff, 0xff, 0xff, 0xff, 0xff, 0xff, 0xff, 0xff, 0xff, /* row  9 0x6e */
    0xff, 0xff, 0xff, 0xff, 0xff, 0xff, 0xff, 0xff, 0xff, 0xff, 0xff, 0xff, 0xff, 0xff, 0xff, 0xff, 0xff, 0xff, 0xff, 0xff, 0xff, 0xff, 0xff, 0xff, 0xff, 0xff, 0xff, /* row 10 0x6e */
    0xff, 0xff, 0xff, 0xff, 0xff, 0xff, 0xff, 0xff, 0xff, 0xff, 0xff, 0xff, 0xff, 0xff, 0xff, 0xff, 0xff, 0xff, 0xff, 0xff, 0xff, 0xff, 0xff, 0xff, 0xff, 0xff, 0xff, /* row 11 0x6e */
};

static const unsigned char g_font_px6f[FONT_STRIP_W * FONT_STRIP_H * 3] = {
    0xff, 0xff, 0xff, 0xff, 0xff, 0xff, 0xff, 0xff, 0xff, 0xff, 0xff, 0xff, 0xff, 0xff, 0xff, 0xff, 0xff, 0xff, 0xff, 0xff, 0xff, 0xff, 0xff, 0xff, 0xff, 0xff, 0xff, /* row  0 0x6f */
    0xff, 0xff, 0xff, 0xff, 0xff, 0xff, 0xff, 0xff, 0xff, 0xff, 0xff, 0xff, 0xff, 0xff, 0xff, 0xff, 0xff, 0xff, 0xff, 0xff, 0xff, 0xff, 0xff, 0xff, 0xff, 0xff, 0xff, /* row  1 0x6f */
    0xff, 0xff, 0xff, 0xff, 0xff, 0xff, 0xff, 0xff, 0xff, 0xff, 0xff, 0xff, 0xff, 0xff, 0xff, 0xff, 0xff, 0xff, 0xff, 0xff, 0xff, 0xff, 0xff, 0xff, 0xff, 0xff, 0xff, /* row  2 0x6f */
    0xff, 0xff, 0xff, 0xff, 0xff, 0xfa, 0xdd, 0xaa, 0x6d, 0x46, 0x39, 0x3c, 0x44, 0x44, 0x3c, 0x39, 0x47, 0x71, 0xaf, 0xe1, 0xfc, 0xff, 0xff, 0xff, 0xff, 0xff, 0xff, /* row  3 0x6f */
    0xff, 0xff, 0xff, 0xfe, 0xe8, 0xa1, 0x4f, 0x20, 0x51, 0xa3, 0xe7, 0xfe, 0xff, 0xff, 0xfc, 0xe0, 0x95, 0x45, 0x20, 0x5c, 0xaf, 0xf1, 0xff, 0xff, 0xff, 0xff, 0xff, /* row  4 0x6f */
    0xff, 0xff, 0xff, 0xf9, 0xbb, 0x68, 0x1f, 0x43, 0x95, 0xe4, 0xfd, 0xff, 0xff, 0xff, 0xff, 0xfc, 0xd3, 0x82, 0x34, 0x2e, 0x7a, 0xcc, 0xfb, 0xff, 0xff, 0xff, 0xff, /* row  5 0x6f */
    0xff, 0xff, 0xff, 0xf9, 0xbc, 0x68, 0x1f, 0x43, 0x95, 0xe4, 0xfd, 0xff, 0xff, 0xff, 0xff, 0xfc, 0xd3, 0x82, 0x34, 0x2f, 0x7b, 0xcd, 0xfb, 0xff, 0xff, 0xff, 0xff, /* row  6 0x6f */
    0xff, 0xff, 0xff, 0xfe, 0xe9, 0xa2, 0x51, 0x21, 0x52, 0xa3, 0xe7, 0xfe, 0xff, 0xff, 0xfc, 0xdd, 0x92, 0x43, 0x22, 0x62, 0xb4, 0xf3, 0xff, 0xff, 0xff, 0xff, 0xff, /* row  7 0x6f */
    0xff, 0xff, 0xff, 0xff, 0xff, 0xfb, 0xde, 0xaa, 0x6d, 0x45, 0x38, 0x3d, 0x44, 0x43, 0x3b, 0x3a, 0x4c, 0x7a, 0xb7, 0xe6, 0xfd, 0xff, 0xff, 0xff, 0xff, 0xff, 0xff, /* row  8 0x6f */
    0xff, 0xff, 0xff, 0xff, 0xff, 0xff, 0xff, 0xff, 0xff, 0xff, 0xff, 0xff, 0xff, 0xff, 0xff, 0xff, 0xff, 0xff, 0xff, 0xff, 0xff, 0xff, 0xff, 0xff, 0xff, 0xff, 0xff, /* row  9 0x6f */
    0xff, 0xff, 0xff, 0xff, 0xff, 0xff, 0xff, 0xff, 0xff, 0xff, 0xff, 0xff, 0xff, 0xff, 0xff, 0xff, 0xff, 0xff, 0xff, 0xff, 0xff, 0xff, 0xff, 0xff, 0xff, 0xff, 0xff, /* row 10 0x6f */
    0xff, 0xff, 0xff, 0xff, 0xff, 0xff, 0xff, 0xff, 0xff, 0xff, 0xff, 0xff, 0xff, 0xff, 0xff, 0xff, 0xff, 0xff, 0xff, 0xff, 0xff, 0xff, 0xff, 0xff, 0xff, 0xff, 0xff, /* row 11 0x6f */
};

static const unsigned char g_font_px70[FONT_STRIP_W * FONT_STRIP_H * 3] = {
    0xff, 0xff, 0xff, 0xff, 0xff, 0xff, 0xff, 0xff, 0xff, 0xff, 0xff, 0xff, 0xff, 0xff, 0xff, 0xff, 0xff, 0xff, 0xff, 0xff, 0xff, 0xff, 0xff, 0xff, 0xff, 0xff, 0xff, /* row  0 0x70 */
    0xff, 0xff, 0xff, 0xff, 0xff, 0xff, 0xff, 0xff, 0xff, 0xff, 0xff, 0xff, 0xff, 0xff, 0xff, 0xff, 0xff, 0xff, 0xff, 0xff, 0xff, 0xff, 0xff, 0xff, 0xff, 0xff, 0xff, /* row  1 0x70 */
    0xff, 0xff, 0xff, 0xff, 0xff, 0xff, 0xff, 0xff, 0xff, 0xff, 0xff, 0xff, 0xff, 0xff, 0xff, 0xff, 0xff, 0xff, 0xff, 0xff, 0xff, 0xff, 0xff, 0xff, 0xff, 0xff, 0xff, /* row  2 0x70 */
    0xff, 0xff, 0xff, 0xff, 0xf5, 0xa8, 0x54, 0x1f, 0x52, 0x75, 0x79, 0x57, 0x49, 0x41, 0x34, 0x29, 0x30, 0x56, 0x97, 0xd3, 0xf7, 0xff, 0xff, 0xff, 0xff, 0xff, 0xff, /* row  3 0x70 */
    0xff, 0xff, 0xff, 0xff, 0xf8, 0xab, 0x55, 0x0b, 0x1e, 0x64, 0xb5, 0xef, 0xfe, 0xff, 0xfd, 0xe3, 0x99, 0x47, 0x1b, 0x57, 0xaa, 0xf0, 0xff, 0xff, 0xff, 0xff, 0xff, /* row  4 0x70 */
    0xff, 0xff, 0xff, 0xff, 0xf8, 0xab, 0x55, 0x12, 0x53, 0xa8, 0xf4, 0xff, 0xff, 0xff, 0xff, 0xfb, 0xce, 0x7c, 0x30, 0x33, 0x80, 0xd1, 0xfc, 0xff, 0xff, 0xff, 0xff, /* row  5 0x70 */
    0xff, 0xff, 0xff, 0xff, 0xf8, 0xab, 0x55, 0x13, 0x57, 0xac, 0xf6, 0xff, 0xff, 0xff, 0xff, 0xfb, 0xce, 0x7c, 0x2f, 0x33, 0x81, 0xd2, 0xfc, 0xff, 0xff, 0xff, 0xff, /* row  6 0x70 */
    0xff, 0xff, 0xff, 0xff, 0xf8, 0xab, 0x55, 0x0c, 0x26, 0x72, 0xc3, 0xf5, 0xff, 0xff, 0xfd, 0xe4, 0x9a, 0x48, 0x1d, 0x5a, 0xad, 0xf1, 0xff, 0xff, 0xff, 0xff, 0xff, /* row  7 0x70 */
    0xff, 0xff, 0xff, 0xff, 0xf8, 0xab, 0x56, 0x16, 0x42, 0x63, 0x72, 0x5a, 0x51, 0x49, 0x3b, 0x2e, 0x33, 0x58, 0x9a, 0xd5, 0xf8, 0xff, 0xff, 0xff, 0xff, 0xff, 0xff, /* row  8 0x70 */
    0xff, 0xff, 0xff, 0xff, 0xf8, 0xab, 0x56, 0x17, 0x5d, 0xb2, 0xf8, 0xff, 0xff, 0xff, 0xff, 0xff, 0xff, 0xff, 0xff, 0xff, 0xff, 0xff, 0xff, 0xff, 0xff, 0xff, 0xff, /* row  9 0x70 */
    0xff, 0xff, 0xff, 0xff, 0xf8, 0xab, 0x56, 0x17, 0x5d, 0xb2, 0xf8, 0xff, 0xff, 0xff, 0xff, 0xff, 0xff, 0xff, 0xff, 0xff, 0xff, 0xff, 0xff, 0xff, 0xff, 0xff, 0xff, /* row 10 0x70 */
    0xff, 0xff, 0xff, 0xff, 0xff, 0xff, 0xff, 0xff, 0xff, 0xff, 0xff, 0xff, 0xff, 0xff, 0xff, 0xff, 0xff, 0xff, 0xff, 0xff, 0xff, 0xff, 0xff, 0xff, 0xff, 0xff, 0xff, /* row 11 0x70 */
};

static const unsigned char g_font_px71[FONT_STRIP_W * FONT_STRIP_H * 3] = {
    0xff, 0xff, 0xff, 0xff, 0xff, 0xff, 0xff, 0xff, 0xff, 0xff, 0xff, 0xff, 0xff, 0xff, 0xff, 0xff, 0xff, 0xff, 0xff, 0xff, 0xff, 0xff, 0xff, 0xff, 0xff, 0xff, 0xff, /* row  0 0x71 */
    0xff, 0xff, 0xff, 0xff, 0xff, 0xff, 0xff, 0xff, 0xff, 0xff, 0xff, 0xff, 0xff, 0xff, 0xff, 0xff, 0xff, 0xff, 0xff, 0xff, 0xff, 0xff, 0xff, 0xff, 0xff, 0xff, 0xff, /* row  1 0x71 */
    0xff, 0xff, 0xff, 0xff, 0xff, 0xff, 0xff, 0xff, 0xff, 0xff, 0xff, 0xff, 0xff, 0xff, 0xff, 0xff, 0xff, 0xff, 0xff, 0xff, 0xff, 0xff, 0xff, 0xff, 0xff, 0xff, 0xff, /* row  2 0x71 */
    0xff, 0xff, 0xff, 0xff, 0xff, 0xf3, 0xca, 0x8c, 0x4d, 0x30, 0x30, 0x3e, 0x4a, 0x50, 0x5c, 0x7a, 0x6c, 0x4d, 0x2b, 0x6c, 0xba, 0xf9, 0xff, 0xff, 0xff, 0xff, 0xff, /* row  3 0x71 */
    0xff, 0xff, 0xff, 0xfe, 0xe6, 0x9b, 0x49, 0x1d, 0x58, 0xaa, 0xed, 0xfe, 0xff, 0xfe, 0xef, 0xb2, 0x60, 0x1c, 0x17, 0x64, 0xb8, 0xf9, 0xff, 0xff, 0xff, 0xff, 0xff, /* row  4 0x71 */
    0xff, 0xff, 0xff, 0xfa, 0xc1, 0x6e, 0x24, 0x3f, 0x90, 0xdf, 0xfd, 0xff, 0xff, 0xff, 0xfe, 0xeb, 0x9d, 0x4a, 0x1c, 0x64, 0xb8, 0xf9, 0xff, 0xff, 0xff, 0xff, 0xff, /* row  5 0x71 */
    0xff, 0xff, 0xff, 0xfa, 0xc0, 0x6d, 0x23, 0x3e, 0x8f, 0xdf, 0xfd, 0xff, 0xff, 0xff, 0xfe, 0xe8, 0x9a, 0x47, 0x1c, 0x64, 0xb8, 0xf9, 0xff, 0xff, 0xff, 0xff, 0xff, /* row  6 0x71 */
    0xff, 0xff, 0xff, 0xfe, 0xe5, 0x99, 0x47, 0x1c, 0x56, 0xa8, 0xec, 0xfe, 0xff, 0xfe, 0xe9, 0xa8, 0x56, 0x17, 0x17, 0x64, 0xb8, 0xf9, 0xff, 0xff, 0xff, 0xff, 0xff, /* row  7 0x71 */
    0xff, 0xff, 0xff, 0xff, 0xfe, 0xf2, 0xc7, 0x87, 0x49, 0x2c, 0x2a, 0x37, 0x43, 0x4a, 0x5d, 0x80, 0x6d, 0x44, 0x1c, 0x64, 0xb8, 0xf9, 0xff, 0xff, 0xff, 0xff, 0xff, /* row  8 0x71 */
    0xff, 0xff, 0xff, 0xff, 0xff, 0xff, 0xff, 0xff, 0xff, 0xff, 0xff, 0xff, 0xff, 0xff, 0xff, 0xf2, 0xa4, 0x50, 0x1d, 0x64, 0xb8, 0xf9, 0xff, 0xff, 0xff, 0xff, 0xff, /* row  9 0x71 */
    0xff, 0xff, 0xff, 0xff, 0xff, 0xff, 0xff, 0xff, 0xff, 0xff, 0xff, 0xff, 0xff, 0xff, 0xff, 0xf2, 0xa4, 0x50, 0x1d, 0x64, 0xb8, 0xf9, 0xff, 0xff, 0xff, 0xff, 0xff, /* row 10 0x71 */
    0xff, 0xff, 0xff, 0xff, 0xff, 0xff, 0xff, 0xff, 0xff, 0xff, 0xff, 0xff, 0xff, 0xff, 0xff, 0xff, 0xff, 0xff, 0xff, 0xff, 0xff, 0xff, 0xff, 0xff, 0xff, 0xff, 0xff, /* row 11 0x71 */
};

static const unsigned char g_font_px72[FONT_STRIP_W * FONT_STRIP_H * 3] = {
    0xff, 0xff, 0xff, 0xff, 0xff, 0xff, 0xff, 0xff, 0xff, 0xff, 0xff, 0xff, 0xff, 0xff, 0xff, 0xff, 0xff, 0xff, 0xff, 0xff, 0xff, 0xff, 0xff, 0xff, 0xff, 0xff, 0xff, /* row  0 0x72 */
    0xff, 0xff, 0xff, 0xff, 0xff, 0xff, 0xff, 0xff, 0xff, 0xff, 0xff, 0xff, 0xff, 0xff, 0xff, 0xff, 0xff, 0xff, 0xff, 0xff, 0xff, 0xff, 0xff, 0xff, 0xff, 0xff, 0xff, /* row  1 0x72 */
    0xff, 0xff, 0xff, 0xff, 0xff, 0xff, 0xff, 0xff, 0xff, 0xff, 0xff, 0xff, 0xff, 0xff, 0xff, 0xff, 0xff, 0xff, 0xff, 0xff, 0xff, 0xff, 0xff, 0xff, 0xff, 0xff, 0xff, /* row  2 0x72 */
    0xff, 0xff, 0xff, 0xff, 0xff, 0xf8, 0xb8, 0x64, 0x24, 0x58, 0x9b, 0xb3, 0x7e, 0x42, 0x22, 0x17, 0x18, 0x1c, 0x2e, 0x75, 0xc0, 0xfa, 0xff, 0xff, 0xff, 0xff, 0xff, /* row  3 0x72 */
    0xff, 0xff, 0xff, 0xff, 0xff, 0xfc, 0xd9, 0x88, 0x38, 0x17, 0x21, 0x4a, 0x7c, 0xc0, 0xe9, 0xfc, 0xff, 0xff, 0xff, 0xff, 0xff, 0xff, 0xff, 0xff, 0xff, 0xff, 0xff, /* row  4 0x72 */
    0xff, 0xff, 0xff, 0xff, 0xff, 0xfd, 0xe3, 0x94, 0x42, 0x17, 0x5b, 0xaf, 0xf3, 0xff, 0xff, 0xff, 0xff, 0xff, 0xff, 0xff, 0xff, 0xff, 0xff, 0xff, 0xff, 0xff, 0xff, /* row  5 0x72 */
    0xff, 0xff, 0xff, 0xff, 0xff, 0xfd, 0xe3, 0x94, 0x44, 0x29, 0x73, 0xc6, 0xfa, 0xff, 0xff, 0xff, 0xff, 0xff, 0xff, 0xff, 0xff, 0xff, 0xff, 0xff, 0xff, 0xff, 0xff, /* row  6 0x72 */
    0xff, 0xff, 0xff, 0xff, 0xff, 0xfd, 0xe3, 0x94, 0x44, 0x2a, 0x74, 0xc6, 0xfa, 0xff, 0xff, 0xff, 0xff, 0xff, 0xff, 0xff, 0xff, 0xff, 0xff, 0xff, 0xff, 0xff, 0xff, /* row  7 0x72 */
    0xff, 0xff, 0xff, 0xff, 0xff, 0xfd, 0xe3, 0x94, 0x44, 0x2a, 0x74, 0xc6, 0xfa, 0xff, 0xff, 0xff, 0xff, 0xff, 0xff, 0xff, 0xff, 0xff, 0xff, 0xff, 0xff, 0xff, 0xff, /* row  8 0x72 */
    0xff, 0xff, 0xff, 0xff, 0xff, 0xff, 0xff, 0xff, 0xff, 0xff, 0xff, 0xff, 0xff, 0xff, 0xff, 0xff, 0xff, 0xff, 0xff, 0xff, 0xff, 0xff, 0xff, 0xff, 0xff, 0xff, 0xff, /* row  9 0x72 */
    0xff, 0xff, 0xff, 0xff, 0xff, 0xff, 0xff, 0xff, 0xff, 0xff, 0xff, 0xff, 0xff, 0xff, 0xff, 0xff, 0xff, 0xff, 0xff, 0xff, 0xff, 0xff, 0xff, 0xff, 0xff, 0xff, 0xff, /* row 10 0x72 */
    0xff, 0xff, 0xff, 0xff, 0xff, 0xff, 0xff, 0xff, 0xff, 0xff, 0xff, 0xff, 0xff, 0xff, 0xff, 0xff, 0xff, 0xff, 0xff, 0xff, 0xff, 0xff, 0xff, 0xff, 0xff, 0xff, 0xff, /* row 11 0x72 */
};

static const unsigned char g_font_px73[FONT_STRIP_W * FONT_STRIP_H * 3] = {
    0xff, 0xff, 0xff, 0xff, 0xff, 0xff, 0xff, 0xff, 0xff, 0xff, 0xff, 0xff, 0xff, 0xff, 0xff, 0xff, 0xff, 0xff, 0xff, 0xff, 0xff, 0xff, 0xff, 0xff, 0xff, 0xff, 0xff, /* row  0 0x73 */
    0xff, 0xff, 0xff, 0xff, 0xff, 0xff, 0xff, 0xff, 0xff, 0xff, 0xff, 0xff, 0xff, 0xff, 0xff, 0xff, 0xff, 0xff, 0xff, 0xff, 0xff, 0xff, 0xff, 0xff, 0xff, 0xff, 0xff, /* row  1 0x73 */
    0xff, 0xff, 0xff, 0xff, 0xff, 0xff, 0xff, 0xff, 0xff, 0xff, 0xff, 0xff, 0xff, 0xff, 0xff, 0xff, 0xff, 0xff, 0xff, 0xff, 0xff, 0xff, 0xff, 0xff, 0xff, 0xff, 0xff, /* row  2 0x73 */
    0xff, 0xff, 0xff, 0xff, 0xff, 0xfc, 0xdf, 0xaa, 0x6c, 0x47, 0x3d, 0x41, 0x45, 0x42, 0x3b, 0x3b, 0x50, 0x86, 0xc3, 0xef, 0xfe, 0xff, 0xff, 0xff, 0xff, 0xff, 0xff, /* row  3 0x73 */
    0xff, 0xff, 0xff, 0xff, 0xfb, 0xd0, 0x7f, 0x34, 0x41, 0x90, 0xe0, 0xfd, 0xff, 0xff, 0xfb, 0xd8, 0x8a, 0x44, 0x4b, 0x97, 0xe1, 0xfd, 0xff, 0xff, 0xff, 0xff, 0xff, /* row  4 0x73 */
    0xff, 0xff, 0xff, 0xff, 0xff, 0xf1, 0xc0, 0x78, 0x34, 0x21, 0x2f, 0x4d, 0x67, 0x7e, 0x95, 0xae, 0xcd, 0xe8, 0xf9, 0xff, 0xff, 0xff, 0xff, 0xff, 0xff, 0xff, 0xff, /* row  5 0x73 */
    0xff, 0xff, 0xff, 0xff, 0xff, 0xff, 0xff, 0xff, 0xfc, 0xf1, 0xde, 0xc6, 0xaf, 0x98, 0x7e, 0x5a, 0x32, 0x22, 0x44, 0x93, 0xd8, 0xfc, 0xff, 0xff, 0xff, 0xff, 0xff, /* row  6 0x73 */
    0xff, 0xff, 0xff, 0xff, 0xf4, 0xb6, 0x6a, 0x3d, 0x70, 0xbc, 0xf3, 0xff, 0xff, 0xff, 0xff, 0xf5, 0xb5, 0x62, 0x25, 0x5e, 0xb1, 0xf8, 0xff, 0xff, 0xff, 0xff, 0xff, /* row  7 0x73 */
    0xff, 0xff, 0xff, 0xff, 0xff, 0xf7, 0xd2, 0x99, 0x5d, 0x40, 0x3c, 0x42, 0x47, 0x47, 0x45, 0x40, 0x45, 0x61, 0x9b, 0xd3, 0xf6, 0xff, 0xff, 0xff, 0xff, 0xff, 0xff, /* row  8 0x73 */
    0xff, 0xff, 0xff, 0xff, 0xff, 0xff, 0xff, 0xff, 0xff, 0xff, 0xff, 0xff, 0xff, 0xff, 0xff, 0xff, 0xff, 0xff, 0xff, 0xff, 0xff, 0xff, 0xff, 0xff, 0xff, 0xff, 0xff, /* row  9 0x73 */
    0xff, 0xff, 0xff, 0xff, 0xff, 0xff, 0xff, 0xff, 0xff, 0xff, 0xff, 0xff, 0xff, 0xff, 0xff, 0xff, 0xff, 0xff, 0xff, 0xff, 0xff, 0xff, 0xff, 0xff, 0xff, 0xff, 0xff, /* row 10 0x73 */
    0xff, 0xff, 0xff, 0xff, 0xff, 0xff, 0xff, 0xff, 0xff, 0xff, 0xff, 0xff, 0xff, 0xff, 0xff, 0xff, 0xff, 0xff, 0xff, 0xff, 0xff, 0xff, 0xff, 0xff, 0xff, 0xff, 0xff, /* row 11 0x73 */
};

static const unsigned char g_font_px74[FONT_STRIP_W * FONT_STRIP_H * 3] = {
    0xff, 0xff, 0xff, 0xff, 0xff, 0xff, 0xff, 0xff, 0xff, 0xff, 0xff, 0xff, 0xff, 0xff, 0xff, 0xff, 0xff, 0xff, 0xff, 0xff, 0xff, 0xff, 0xff, 0xff, 0xff, 0xff, 0xff, /* row  0 0x74 */
    0xff, 0xff, 0xff, 0xff, 0xff, 0xff, 0xff, 0xfc, 0xd2, 0x83, 0x51, 0x75, 0xc4, 0xfa, 0xff, 0xff, 0xff, 0xff, 0xff, 0xff, 0xff, 0xff, 0xff, 0xff, 0xff, 0xff, 0xff, /* row  1 0x74 */
    0xff, 0xff, 0xff, 0xff, 0xff, 0xff, 0xff, 0xf5, 0xae, 0x5c, 0x2f, 0x72, 0xc4, 0xfa, 0xff, 0xff, 0xff, 0xff, 0xff, 0xff, 0xff, 0xff, 0xff, 0xff, 0xff, 0xff, 0xff, /* row  2 0x74 */
    0xff, 0xff, 0xff, 0xff, 0xfa, 0xc1, 0x7f, 0x3f, 0x24, 0x10, 0x09, 0x1a, 0x2e, 0x3a, 0x3b, 0x3b, 0x3e, 0x59, 0x96, 0xd6, 0xfc, 0xff, 0xff, 0xff, 0xff, 0xff, 0xff, /* row  3 0x74 */
    0xff, 0xff, 0xff, 0xff, 0xff, 0xff, 0xfe, 0xe5, 0x97, 0x46, 0x28, 0x71, 0xc4, 0xfa, 0xff, 0xff, 0xff, 0xff, 0xff, 0xff, 0xff, 0xff, 0xff, 0xff, 0xff, 0xff, 0xff, /* row  4 0x74 */
    0xff, 0xff, 0xff, 0xff, 0xff, 0xff, 0xfe, 0xe5, 0x97, 0x46, 0x28, 0x71, 0xc4, 0xfa, 0xff, 0xff, 0xff, 0xff, 0xff, 0xff, 0xff, 0xff, 0xff, 0xff, 0xff, 0xff, 0xff, /* row  5 0x74 */
    0xff, 0xff, 0xff, 0xff, 0xff, 0xff, 0xfe, 0xe5, 0x97, 0x46, 0x28, 0x71, 0xc4, 0xfa, 0xff, 0xff, 0xff, 0xff, 0xff, 0xff, 0xff, 0xff, 0xff, 0xff, 0xff, 0xff, 0xff, /* row  6 0x74 */
    0xff, 0xff, 0xff, 0xff, 0xff, 0xff, 0xfe, 0xe9, 0x9b, 0x48, 0x1f, 0x65, 0xb8, 0xf7, 0xff, 0xff, 0xff, 0xff, 0xff, 0xff, 0xff, 0xff, 0xff, 0xff, 0xff, 0xff, 0xff, /* row  7 0x74 */
    0xff, 0xff, 0xff, 0xff, 0xff, 0xff, 0xff, 0xfd, 0xde, 0xa2, 0x5b, 0x2d, 0x21, 0x28, 0x36, 0x40, 0x46, 0x4d, 0x70, 0xaa, 0xe4, 0xfd, 0xff, 0xff, 0xff, 0xff, 0xff, /* row  8 0x74 */
    0xff, 0xff, 0xff, 0xff, 0xff, 0xff, 0xff, 0xff, 0xff, 0xff, 0xff, 0xff, 0xff, 0xff, 0xff, 0xff, 0xff, 0xff, 0xff, 0xff, 0xff, 0xff, 0xff, 0xff, 0xff, 0xff, 0xff, /* row  9 0x74 */
    0xff, 0xff, 0xff, 0xff, 0xff, 0xff, 0xff, 0xff, 0xff, 0xff, 0xff, 0xff, 0xff, 0xff, 0xff, 0xff, 0xff, 0xff, 0xff, 0xff, 0xff, 0xff, 0xff, 0xff, 0xff, 0xff, 0xff, /* row 10 0x74 */
    0xff, 0xff, 0xff, 0xff, 0xff, 0xff, 0xff, 0xff, 0xff, 0xff, 0xff, 0xff, 0xff, 0xff, 0xff, 0xff, 0xff, 0xff, 0xff, 0xff, 0xff, 0xff, 0xff, 0xff, 0xff, 0xff, 0xff, /* row 11 0x74 */
};

static const unsigned char g_font_px75[FONT_STRIP_W * FONT_STRIP_H * 3] = {
    0xff, 0xff, 0xff, 0xff, 0xff, 0xff, 0xff, 0xff, 0xff, 0xff, 0xff, 0xff, 0xff, 0xff, 0xff, 0xff, 0xff, 0xff, 0xff, 0xff, 0xff, 0xff, 0xff, 0xff, 0xff, 0xff, 0xff, /* row  0 0x75 */
    0xff, 0xff, 0xff, 0xff, 0xff, 0xff, 0xff, 0xff, 0xff, 0xff, 0xff, 0xff, 0xff, 0xff, 0xff, 0xff, 0xff, 0xff, 0xff, 0xff, 0xff, 0xff, 0xff, 0xff, 0xff, 0xff, 0xff, /* row  1 0x75 */
    0xff, 0xff, 0xff, 0xff, 0xff, 0xff, 0xff, 0xff, 0xff, 0xff, 0xff, 0xff, 0xff, 0xff, 0xff, 0xff, 0xff, 0xff, 0xff, 0xff, 0xff, 0xff, 0xff, 0xff, 0xff, 0xff, 0xff, /* row  2 0x75 */
    0xff, 0xff, 0xff, 0xff, 0xf8, 0xab, 0x56, 0x1b, 0x61, 0xb5, 0xf9, 0xff, 0xff, 0xff, 0xff, 0xf5, 0xa8, 0x53, 0x16, 0x5c, 0xb1, 0xf8, 0xff, 0xff, 0xff, 0xff, 0xff, /* row  3 0x75 */
    0xff, 0xff, 0xff, 0xff, 0xf8, 0xab, 0x56, 0x1b, 0x61, 0xb5, 0xf9, 0xff, 0xff, 0xff, 0xff, 0xf5, 0xa8, 0x53, 0x16, 0x5c, 0xb1, 0xf8, 0xff, 0xff, 0xff, 0xff, 0xff, /* row  4 0x75 */
    0xff, 0xff, 0xff, 0xff, 0xf8, 0xab, 0x56, 0x1b, 0x61, 0xb5, 0xf9, 0xff, 0xff, 0xff, 0xff, 0xf5, 0xa8, 0x53, 0x16, 0x5c, 0xb1, 0xf8, 0xff, 0xff, 0xff, 0xff, 0xff, /* row  5 0x75 */
    0xff, 0xff, 0xff, 0xff, 0xf8, 0xab, 0x56, 0x1a, 0x60, 0xb5, 0xf9, 0xff, 0xff, 0xff, 0xff, 0xf2, 0xa5, 0x51, 0x16, 0x5c, 0xb1, 0xf8, 0xff, 0xff, 0xff, 0xff, 0xff, /* row  6 0x75 */
    0xff, 0xff, 0xff, 0xff, 0xf9, 0xb7, 0x63, 0x1c, 0x45, 0x98, 0xe6, 0xfe, 0xff, 0xfe, 0xee, 0xb6, 0x65, 0x21, 0x11, 0x5c, 0xb1, 0xf8, 0xff, 0xff, 0xff, 0xff, 0xff, /* row  7 0x75 */
    0xff, 0xff, 0xff, 0xff, 0xff, 0xf3, 0xc6, 0x84, 0x43, 0x27, 0x28, 0x36, 0x42, 0x4a, 0x5b, 0x82, 0x7a, 0x53, 0x1f, 0x5a, 0xae, 0xf8, 0xff, 0xff, 0xff, 0xff, 0xff, /* row  8 0x75 */
    0xff, 0xff, 0xff, 0xff, 0xff, 0xff, 0xff, 0xff, 0xff, 0xff, 0xff, 0xff, 0xff, 0xff, 0xff, 0xff, 0xff, 0xff, 0xff, 0xff, 0xff, 0xff, 0xff, 0xff, 0xff, 0xff, 0xff, /* row  9 0x75 */
    0xff, 0xff, 0xff, 0xff, 0xff, 0xff, 0xff, 0xff, 0xff, 0xff, 0xff, 0xff, 0xff, 0xff, 0xff, 0xff, 0xff, 0xff, 0xff, 0xff, 0xff, 0xff, 0xff, 0xff, 0xff, 0xff, 0xff, /* row 10 0x75 */
    0xff, 0xff, 0xff, 0xff, 0xff, 0xff, 0xff, 0xff, 0xff, 0xff, 0xff, 0xff, 0xff, 0xff, 0xff, 0xff, 0xff, 0xff, 0xff, 0xff, 0xff, 0xff, 0xff, 0xff, 0xff, 0xff, 0xff, /* row 11 0x75 */
};

static const unsigned char g_font_px76[FONT_STRIP_W * FONT_STRIP_H * 3] = {
    0xff, 0xff, 0xff, 0xff, 0xff, 0xff, 0xff, 0xff, 0xff, 0xff, 0xff, 0xff, 0xff, 0xff, 0xff, 0xff, 0xff, 0xff, 0xff, 0xff, 0xff, 0xff, 0xff, 0xff, 0xff, 0xff, 0xff, /* row  0 0x76 */
    0xff, 0xff, 0xff, 0xff, 0xff, 0xff, 0xff, 0xff, 0xff, 0xff, 0xff, 0xff, 0xff, 0xff, 0xff, 0xff, 0xff, 0xff, 0xff, 0xff, 0xff, 0xff, 0xff, 0xff, 0xff, 0xff, 0xff, /* row  1 0x76 */
    0xff, 0xff, 0xff, 0xff, 0xff, 0xff, 0xff, 0xff, 0xff, 0xff, 0xff, 0xff, 0xff, 0xff, 0xff, 0xff, 0xff, 0xff, 0xff, 0xff, 0xff, 0xff, 0xff, 0xff, 0xff, 0xff, 0xff, /* row  2 0x76 */
    0xff, 0xff, 0xfd, 0xdf, 0x91, 0x40, 0x1e, 0x5e, 0xb1, 0xf2, 0xff, 0xff, 0xff, 0xff, 0xff, 0xfe, 0xe7, 0x9e, 0x4c, 0x1c, 0x52, 0xa4, 0xeb, 0xfe, 0xff, 0xff, 0xff, /* row  3 0x76 */
    0xff, 0xff, 0xff, 0xfe, 0xe7, 0x9f, 0x4d, 0x1e, 0x56, 0xa9, 0xee, 0xfe, 0xff, 0xff, 0xfd, 0xe0, 0x93, 0x42, 0x20, 0x61, 0xb4, 0xf2, 0xff, 0xff, 0xff, 0xff, 0xff, /* row  4 0x76 */
    0xff, 0xff, 0xff, 0xff, 0xfe, 0xef, 0xac, 0x5a, 0x21, 0x4f, 0xa1, 0xe9, 0xfe, 0xfc, 0xd8, 0x88, 0x39, 0x28, 0x70, 0xc3, 0xf8, 0xff, 0xff, 0xff, 0xff, 0xff, 0xff, /* row  5 0x76 */
    0xff, 0xff, 0xff, 0xff, 0xff, 0xff, 0xf5, 0xb9, 0x67, 0x26, 0x48, 0x99, 0xe0, 0xcc, 0x7d, 0x30, 0x32, 0x80, 0xd1, 0xfb, 0xff, 0xff, 0xff, 0xff, 0xff, 0xff, 0xff, /* row  6 0x76 */
    0xff, 0xff, 0xff, 0xff, 0xff, 0xff, 0xff, 0xf9, 0xc6, 0x74, 0x2e, 0x46, 0x69, 0x64, 0x31, 0x41, 0x90, 0xdd, 0xfd, 0xff, 0xff, 0xff, 0xff, 0xff, 0xff, 0xff, 0xff, /* row  7 0x76 */
    0xff, 0xff, 0xff, 0xff, 0xff, 0xff, 0xff, 0xff, 0xfc, 0xd3, 0x83, 0x35, 0x0a, 0x12, 0x4d, 0x9f, 0xe8, 0xfe, 0xff, 0xff, 0xff, 0xff, 0xff, 0xff, 0xff, 0xff, 0xff, /* row  8 0x76 */
    0xff, 0xff, 0xff, 0xff, 0xff, 0xff, 0xff, 0xff, 0xff, 0xff, 0xff, 0xff, 0xff, 0xff, 0xff, 0xff, 0xff, 0xff, 0xff, 0xff, 0xff, 0xff, 0xff, 0xff, 0xff, 0xff, 0xff, /* row  9 0x76 */
    0xff, 0xff, 0xff, 0xff, 0xff, 0xff, 0xff, 0xff, 0xff, 0xff, 0xff, 0xff, 0xff, 0xff, 0xff, 0xff, 0xff, 0xff, 0xff, 0xff, 0xff, 0xff, 0xff, 0xff, 0xff, 0xff, 0xff, /* row 10 0x76 */
    0xff, 0xff, 0xff, 0xff, 0xff, 0xff, 0xff, 0xff, 0xff, 0xff, 0xff, 0xff, 0xff, 0xff, 0xff, 0xff, 0xff, 0xff, 0xff, 0xff, 0xff, 0xff, 0xff, 0xff, 0xff, 0xff, 0xff, /* row 11 0x76 */
};

static const unsigned char g_font_px77[FONT_STRIP_W * FONT_STRIP_H * 3] = {
    0xff, 0xff, 0xff, 0xff, 0xff, 0xff, 0xff, 0xff, 0xff, 0xff, 0xff, 0xff, 0xff, 0xff, 0xff, 0xff, 0xff, 0xff, 0xff, 0xff, 0xff, 0xff, 0xff, 0xff, 0xff, 0xff, 0xff, /* row  0 0x77 */
    0xff, 0xff, 0xff, 0xff, 0xff, 0xff, 0xff, 0xff, 0xff, 0xff, 0xff, 0xff, 0xff, 0xff, 0xff, 0xff, 0xff, 0xff, 0xff, 0xff, 0xff, 0xff, 0xff, 0xff, 0xff, 0xff, 0xff, /* row  1 0x77 */
    0xff, 0xff, 0xff, 0xff, 0xff, 0xff, 0xff, 0xff, 0xff, 0xff, 0xff, 0xff, 0xff, 0xff, 0xff, 0xff, 0xff, 0xff, 0xff, 0xff, 0xff, 0xff, 0xff, 0xff, 0xff, 0xff, 0xff, /* row  2 0x77 */
    0xff, 0xfc, 0xd6, 0x86, 0x39, 0x3a, 0x88, 0xd8, 0xfc, 0xff, 0xff, 0xff, 0xff, 0xff, 0xff, 0xff, 0xff, 0xfb, 0xc9, 0x77, 0x2d, 0x49, 0x9a, 0xe8, 0xfe, 0xff, 0xff, /* row  3 0x77 */
    0xff, 0xff, 0xf6, 0xaf, 0x5c, 0x23, 0x63, 0xb6, 0xf8, 0xff, 0xff, 0xff, 0xff, 0xff, 0xff, 0xff, 0xff, 0xef, 0xa3, 0x51, 0x29, 0x70, 0xc3, 0xfa, 0xff, 0xff, 0xff, /* row  4 0x77 */
    0xff, 0xff, 0xfc, 0xd5, 0x85, 0x39, 0x43, 0x92, 0xe0, 0xe5, 0x9d, 0x50, 0x16, 0x1e, 0x5f, 0xb0, 0xee, 0xcb, 0x7a, 0x30, 0x4b, 0x9b, 0xe9, 0xfe, 0xff, 0xff, 0xff, /* row  5 0x77 */
    0xff, 0xff, 0xff, 0xf5, 0xae, 0x5c, 0x2c, 0x6c, 0xa7, 0x96, 0x54, 0x56, 0x82, 0x7e, 0x51, 0x63, 0xa4, 0x9b, 0x55, 0x2c, 0x71, 0xc4, 0xfa, 0xff, 0xff, 0xff, 0xff, /* row  6 0x77 */
    0xff, 0xff, 0xff, 0xfc, 0xd4, 0x83, 0x38, 0x3c, 0x42, 0x48, 0x59, 0xa3, 0xe8, 0xdb, 0x8f, 0x4f, 0x42, 0x3f, 0x34, 0x4d, 0x9c, 0xea, 0xfe, 0xff, 0xff, 0xff, 0xff, /* row  7 0x77 */
    0xff, 0xff, 0xff, 0xff, 0xf5, 0xad, 0x59, 0x10, 0x10, 0x52, 0xa4, 0xec, 0xfe, 0xfd, 0xdb, 0x8b, 0x3a, 0x0a, 0x24, 0x73, 0xc5, 0xfa, 0xff, 0xff, 0xff, 0xff, 0xff, /* row  8 0x77 */
    0xff, 0xff, 0xff, 0xff, 0xff, 0xff, 0xff, 0xff, 0xff, 0xff, 0xff, 0xff, 0xff, 0xff, 0xff, 0xff, 0xff, 0xff, 0xff, 0xff, 0xff, 0xff, 0xff, 0xff, 0xff, 0xff, 0xff, /* row  9 0x77 */
    0xff, 0xff, 0xff, 0xff, 0xff, 0xff, 0xff, 0xff, 0xff, 0xff, 0xff, 0xff, 0xff, 0xff, 0xff, 0xff, 0xff, 0xff, 0xff, 0xff, 0xff, 0xff, 0xff, 0xff, 0xff, 0xff, 0xff, /* row 10 0x77 */
    0xff, 0xff, 0xff, 0xff, 0xff, 0xff, 0xff, 0xff, 0xff, 0xff, 0xff, 0xff, 0xff, 0xff, 0xff, 0xff, 0xff, 0xff, 0xff, 0xff, 0xff, 0xff, 0xff, 0xff, 0xff, 0xff, 0xff, /* row 11 0x77 */
};

static const unsigned char g_font_px78[FONT_STRIP_W * FONT_STRIP_H * 3] = {
    0xff, 0xff, 0xff, 0xff, 0xff, 0xff, 0xff, 0xff, 0xff, 0xff, 0xff, 0xff, 0xff, 0xff, 0xff, 0xff, 0xff, 0xff, 0xff, 0xff, 0xff, 0xff, 0xff, 0xff, 0xff, 0xff, 0xff, /* row  0 0x78 */
    0xff, 0xff, 0xff, 0xff, 0xff, 0xff, 0xff, 0xff, 0xff, 0xff, 0xff, 0xff, 0xff, 0xff, 0xff, 0xff, 0xff, 0xff, 0xff, 0xff, 0xff, 0xff, 0xff, 0xff, 0xff, 0xff, 0xff, /* row  1 0x78 */
    0xff, 0xff, 0xff, 0xff, 0xff, 0xff, 0xff, 0xff, 0xff, 0xff, 0xff, 0xff, 0xff, 0xff, 0xff, 0xff, 0xff, 0xff, 0xff, 0xff, 0xff, 0xff, 0xff, 0xff, 0xff, 0xff, 0xff, /* row  2 0x78 */
    0xff, 0xff, 0xff, 0xfd, 0xe1, 0xa2, 0x53, 0x30, 0x56, 0xa5, 0xe4, 0xfd, 0xff, 0xff, 0xf9, 0xd2, 0x88, 0x3f, 0x30, 0x68, 0xb7, 0xec, 0xfe, 0xff, 0xff, 0xff, 0xff, /* row  3 0x78 */
    0xff, 0xff, 0xff, 0xff, 0xff, 0xfe, 0xe9, 0xaf, 0x61, 0x34, 0x51, 0x9e, 0xd8, 0xcc, 0x84, 0x3f, 0x3a, 0x79, 0xc5, 0xf3, 0xff, 0xff, 0xff, 0xff, 0xff, 0xff, 0xff, /* row  4 0x78 */
    0xff, 0xff, 0xff, 0xff, 0xff, 0xff, 0xff, 0xfe, 0xef, 0xbd, 0x6e, 0x34, 0x18, 0x1e, 0x41, 0x88, 0xd1, 0xf8, 0xff, 0xff, 0xff, 0xff, 0xff, 0xff, 0xff, 0xff, 0xff, /* row  5 0x78 */
    0xff, 0xff, 0xff, 0xff, 0xff, 0xff, 0xff, 0xfd, 0xe3, 0xa4, 0x56, 0x31, 0x28, 0x29, 0x34, 0x6b, 0xb9, 0xed, 0xfe, 0xff, 0xff, 0xff, 0xff, 0xff, 0xff, 0xff, 0xff, /* row  6 0x78 */
    0xff, 0xff, 0xff, 0xff, 0xff, 0xfb, 0xda, 0x96, 0x4a, 0x35, 0x68, 0xb7, 0xea, 0xde, 0x9e, 0x50, 0x31, 0x5d, 0xac, 0xe7, 0xfd, 0xff, 0xff, 0xff, 0xff, 0xff, 0xff, /* row  7 0x78 */
    0xff, 0xff, 0xff, 0xf8, 0xd0, 0x88, 0x40, 0x35, 0x71, 0xbf, 0xf1, 0xfe, 0xff, 0xff, 0xfd, 0xe4, 0xa5, 0x55, 0x2e, 0x4f, 0x9d, 0xdf, 0xfc, 0xff, 0xff, 0xff, 0xff, /* row  8 0x78 */
    0xff, 0xff, 0xff, 0xff, 0xff, 0xff, 0xff, 0xff, 0xff, 0xff, 0xff, 0xff, 0xff, 0xff, 0xff, 0xff, 0xff, 0xff, 0xff, 0xff, 0xff, 0xff, 0xff, 0xff, 0xff, 0xff, 0xff, /* row  9 0x78 */
    0xff, 0xff, 0xff, 0xff, 0xff, 0xff, 0xff, 0xff, 0xff, 0xff, 0xff, 0xff, 0xff, 0xff, 0xff, 0xff, 0xff, 0xff, 0xff, 0xff, 0xff, 0xff, 0xff, 0xff, 0xff, 0xff, 0xff, /* row 10 0x78 */
    0xff, 0xff, 0xff, 0xff, 0xff, 0xff, 0xff, 0xff, 0xff, 0xff, 0xff, 0xff, 0xff, 0xff, 0xff, 0xff, 0xff, 0xff, 0xff, 0xff, 0xff, 0xff, 0xff, 0xff, 0xff, 0xff, 0xff, /* row 11 0x78 */
};

static const unsigned char g_font_px79[FONT_STRIP_W * FONT_STRIP_H * 3] = {
    0xff, 0xff, 0xff, 0xff, 0xff, 0xff, 0xff, 0xff, 0xff, 0xff, 0xff, 0xff, 0xff, 0xff, 0xff, 0xff, 0xff, 0xff, 0xff, 0xff, 0xff, 0xff, 0xff, 0xff, 0xff, 0xff, 0xff, /* row  0 0x79 */
    0xff, 0xff, 0xff, 0xff, 0xff, 0xff, 0xff, 0xff, 0xff, 0xff, 0xff, 0xff, 0xff, 0xff, 0xff, 0xff, 0xff, 0xff, 0xff, 0xff, 0xff, 0xff, 0xff, 0xff, 0xff, 0xff, 0xff, /* row  1 0x79 */
    0xff, 0xff, 0xff, 0xff, 0xff, 0xff, 0xff, 0xff, 0xff, 0xff, 0xff, 0xff, 0xff, 0xff, 0xff, 0xff, 0xff, 0xff, 0xff, 0xff, 0xff, 0xff, 0xff, 0xff, 0xff, 0xff, 0xff, /* row  2 0x79 */
    0xff, 0xff, 0xfd, 0xde, 0x91, 0x41, 0x28, 0x6b, 0xbe, 0xf6, 0xff, 0xff, 0xff, 0xff, 0xff, 0xff, 0xf2, 0xb1, 0x5f, 0x26, 0x53, 0xa4, 0xea, 0xfe, 0xff, 0xff, 0xff, /* row  3 0x79 */
    0xff, 0xff, 0xff, 0xfe, 0xeb, 0xa6, 0x55, 0x27, 0x5f, 0xb0, 0xf1, 0xff, 0xff, 0xff, 0xfe, 0xec, 0xa6, 0x56, 0x2e, 0x6a, 0xbb, 0xf5, 0xff, 0xff, 0xff, 0xff, 0xff, /* row  4 0x79 */
    0xff, 0xff, 0xff, 0xff, 0xff, 0xf5, 0xbb, 0x69, 0x2d, 0x52, 0xa3, 0xea, 0xfe, 0xfe, 0xe6, 0x9b, 0x4d, 0x3a, 0x80, 0xd0, 0xfb, 0xff, 0xff, 0xff, 0xff, 0xff, 0xff, /* row  5 0x79 */
    0xff, 0xff, 0xff, 0xff, 0xff, 0xff, 0xfb, 0xcf, 0x7f, 0x37, 0x47, 0x96, 0xdf, 0xdc, 0x91, 0x49, 0x4c, 0x97, 0xe2, 0xfd, 0xff, 0xff, 0xff, 0xff, 0xff, 0xff, 0xff, /* row  6 0x79 */
    0xff, 0xff, 0xff, 0xff, 0xff, 0xff, 0xff, 0xfd, 0xe0, 0x94, 0x47, 0x3d, 0x61, 0x61, 0x47, 0x60, 0xae, 0xef, 0xfe, 0xff, 0xff, 0xff, 0xff, 0xff, 0xff, 0xff, 0xff, /* row  7 0x79 */
    0xff, 0xff, 0xff, 0xff, 0xff, 0xff, 0xff, 0xff, 0xfe, 0xec, 0xa9, 0x56, 0x16, 0x26, 0x72, 0xc4, 0xf8, 0xff, 0xff, 0xff, 0xff, 0xff, 0xff, 0xff, 0xff, 0xff, 0xff, /* row  8 0x79 */
    0xff, 0xff, 0xff, 0xff, 0xff, 0xff, 0xff, 0xff, 0xf9, 0xd9, 0x92, 0x4e, 0x4d, 0x91, 0xdc, 0xfd, 0xff, 0xff, 0xff, 0xff, 0xff, 0xff, 0xff, 0xff, 0xff, 0xff, 0xff, /* row  9 0x79 */
    0xff, 0xff, 0xff, 0xfe, 0xea, 0xaf, 0x6d, 0x39, 0x2b, 0x34, 0x58, 0x9a, 0xd4, 0xf8, 0xff, 0xff, 0xff, 0xff, 0xff, 0xff, 0xff, 0xff, 0xff, 0xff, 0xff, 0xff, 0xff, /* row 10 0x79 */
    0xff, 0xff, 0xff, 0xff, 0xff, 0xff, 0xff, 0xff, 0xff, 0xff, 0xff, 0xff, 0xff, 0xff, 0xff, 0xff, 0xff, 0xff, 0xff, 0xff, 0xff, 0xff, 0xff, 0xff, 0xff, 0xff, 0xff, /* row 11 0x79 */
};

static const unsigned char g_font_px7a[FONT_STRIP_W * FONT_STRIP_H * 3] = {
    0xff, 0xff, 0xff, 0xff, 0xff, 0xff, 0xff, 0xff, 0xff, 0xff, 0xff, 0xff, 0xff, 0xff, 0xff, 0xff, 0xff, 0xff, 0xff, 0xff, 0xff, 0xff, 0xff, 0xff, 0xff, 0xff, 0xff, /* row  0 0x7a */
    0xff, 0xff, 0xff, 0xff, 0xff, 0xff, 0xff, 0xff, 0xff, 0xff, 0xff, 0xff, 0xff, 0xff, 0xff, 0xff, 0xff, 0xff, 0xff, 0xff, 0xff, 0xff, 0xff, 0xff, 0xff, 0xff, 0xff, /* row  1 0x7a */
    0xff, 0xff, 0xff, 0xff, 0xff, 0xff, 0xff, 0xff, 0xff, 0xff, 0xff, 0xff, 0xff, 0xff, 0xff, 0xff, 0xff, 0xff, 0xff, 0xff, 0xff, 0xff, 0xff, 0xff, 0xff, 0xff, 0xff, /* row  2 0x7a */
    0xff, 0xff, 0xff, 0xff, 0xf9, 0xc0, 0x7f, 0x45, 0x3f, 0x3f, 0x3f, 0x3f, 0x3f, 0x3f, 0x3d, 0x2b, 0x17, 0x08, 0x2e, 0x7f, 0xd0, 0xfb, 0xff, 0xff, 0xff, 0xff, 0xff, /* row  3 0x7a */
    0xff, 0xff, 0xff, 0xff, 0xff, 0xff, 0xff, 0xff, 0xff, 0xff, 0xff, 0xff, 0xf4, 0xcb, 0x83, 0x40, 0x37, 0x6e, 0xba, 0xed, 0xfe, 0xff, 0xff, 0xff, 0xff, 0xff, 0xff, /* row  4 0x7a */
    0xff, 0xff, 0xff, 0xff, 0xff, 0xff, 0xff, 0xff, 0xff, 0xfe, 0xe7, 0xb0, 0x62, 0x34, 0x47, 0x8f, 0xd4, 0xf8, 0xff, 0xff, 0xff, 0xff, 0xff, 0xff, 0xff, 0xff, 0xff, /* row  5 0x7a */
    0xff, 0xff, 0xff, 0xff, 0xff, 0xff, 0xff, 0xf8, 0xd4, 0x8f, 0x47, 0x34, 0x63, 0xb0, 0xe8, 0xfe, 0xff, 0xff, 0xff, 0xff, 0xff, 0xff, 0xff, 0xff, 0xff, 0xff, 0xff, /* row  6 0x7a */
    0xff, 0xff, 0xff, 0xff, 0xfe, 0xec, 0xb9, 0x6d, 0x36, 0x40, 0x84, 0xcc, 0xf5, 0xff, 0xff, 0xff, 0xff, 0xff, 0xff, 0xff, 0xff, 0xff, 0xff, 0xff, 0xff, 0xff, 0xff, /* row  7 0x7a */
    0xff, 0xff, 0xff, 0xfb, 0xcf, 0x7e, 0x2d, 0x08, 0x17, 0x2c, 0x3d, 0x3f, 0x3f, 0x3f, 0x3f, 0x3f, 0x3f, 0x3f, 0x44, 0x74, 0xb3, 0xee, 0xfe, 0xff, 0xff, 0xff, 0xff, /* row  8 0x7a */
    0xff, 0xff, 0xff, 0xff, 0xff, 0xff, 0xff, 0xff, 0xff, 0xff, 0xff, 0xff, 0xff, 0xff, 0xff, 0xff, 0xff, 0xff, 0xff, 0xff, 0xff, 0xff, 0xff, 0xff, 0xff, 0xff, 0xff, /* row  9 0x7a */
    0xff, 0xff, 0xff, 0xff, 0xff, 0xff, 0xff, 0xff, 0xff, 0xff, 0xff, 0xff, 0xff, 0xff, 0xff, 0xff, 0xff, 0xff, 0xff, 0xff, 0xff, 0xff, 0xff, 0xff, 0xff, 0xff, 0xff, /* row 10 0x7a */
    0xff, 0xff, 0xff, 0xff, 0xff, 0xff, 0xff, 0xff, 0xff, 0xff, 0xff, 0xff, 0xff, 0xff, 0xff, 0xff, 0xff, 0xff, 0xff, 0xff, 0xff, 0xff, 0xff, 0xff, 0xff, 0xff, 0xff, /* row 11 0x7a */
};

static const unsigned char g_font_px7b[FONT_STRIP_W * FONT_STRIP_H * 3] = {
    0xff, 0xff, 0xff, 0xff, 0xff, 0xff, 0xff, 0xff, 0xff, 0xff, 0xff, 0xff, 0xff, 0xff, 0xff, 0xff, 0xff, 0xff, 0xff, 0xff, 0xff, 0xff, 0xff, 0xff, 0xff, 0xff, 0xff, /* row  0 0x7b */
    0xff, 0xff, 0xff, 0xff, 0xff, 0xff, 0xff, 0xff, 0xff, 0xff, 0xf3, 0xc8, 0x87, 0x48, 0x2f, 0x2f, 0x39, 0x3e, 0x45, 0x79, 0xb9, 0xf3, 0xff, 0xff, 0xff, 0xff, 0xff, /* row  1 0x7b */
    0xff, 0xff, 0xff, 0xff, 0xff, 0xff, 0xff, 0xff, 0xff, 0xf9, 0xba, 0x66, 0x20, 0x4f, 0xa2, 0xee, 0xff, 0xff, 0xff, 0xff, 0xff, 0xff, 0xff, 0xff, 0xff, 0xff, 0xff, /* row  2 0x7b */
    0xff, 0xff, 0xff, 0xff, 0xff, 0xff, 0xff, 0xff, 0xff, 0xf8, 0xb3, 0x5f, 0x1e, 0x5c, 0xb1, 0xf8, 0xff, 0xff, 0xff, 0xff, 0xff, 0xff, 0xff, 0xff, 0xff, 0xff, 0xff, /* row  3 0x7b */
    0xff, 0xff, 0xff, 0xff, 0xff, 0xff, 0xff, 0xff, 0xff, 0xf8, 0xb2, 0x5e, 0x1e, 0x5d, 0xb1, 0xf8, 0xff, 0xff, 0xff, 0xff, 0xff, 0xff, 0xff, 0xff, 0xff, 0xff, 0xff, /* row  4 0x7b */
    0xff, 0xff, 0xff, 0xff, 0xff, 0xff, 0xfb, 0xf0, 0xd6, 0xa5, 0x5f, 0x2f, 0x40, 0x8e, 0xd8, 0xfc, 0xff, 0xff, 0xff, 0xff, 0xff, 0xff, 0xff, 0xff, 0xff, 0xff, 0xff, /* row  5 0x7b */
    0xff, 0xff, 0xff, 0xff, 0xfd, 0xe6, 0xa7, 0x61, 0x27, 0x1b, 0x2e, 0x69, 0xb2, 0xe7, 0xfd, 0xff, 0xff, 0xff, 0xff, 0xff, 0xff, 0xff, 0xff, 0xff, 0xff, 0xff, 0xff, /* row  6 0x7b */
    0xff, 0xff, 0xff, 0xff, 0xff, 0xff, 0xff, 0xff, 0xfc, 0xe2, 0x95, 0x45, 0x22, 0x69, 0xbc, 0xf9, 0xff, 0xff, 0xff, 0xff, 0xff, 0xff, 0xff, 0xff, 0xff, 0xff, 0xff, /* row  7 0x7b */
    0xff, 0xff, 0xff, 0xff, 0xff, 0xff, 0xff, 0xff, 0xff, 0xf8, 0xb3, 0x5f, 0x1e, 0x5c, 0xb1, 0xf8, 0xff, 0xff, 0xff, 0xff, 0xff, 0xff, 0xff, 0xff, 0xff, 0xff, 0xff, /* row  8 0x7b */
    0xff, 0xff, 0xff, 0xff, 0xff, 0xff, 0xff, 0xff, 0xff, 0xf9, 0xb6, 0x62, 0x1d, 0x53, 0xa7, 0xf2, 0xff, 0xff, 0xff, 0xff, 0xff, 0xff, 0xff, 0xff, 0xff, 0xff, 0xff, /* row  9 0x7b */
    0xff, 0xff, 0xff, 0xff, 0xff, 0xff, 0xff, 0xff, 0xff, 0xfe, 0xee, 0xbd, 0x7a, 0x40, 0x2d, 0x30, 0x3b, 0x3f, 0x45, 0x79, 0xb9, 0xf3, 0xff, 0xff, 0xff, 0xff, 0xff, /* row 10 0x7b */
    0xff, 0xff, 0xff, 0xff, 0xff, 0xff, 0xff, 0xff, 0xff, 0xff, 0xff, 0xff, 0xff, 0xff, 0xff, 0xff, 0xff, 0xff, 0xff, 0xff, 0xff, 0xff, 0xff, 0xff, 0xff, 0xff, 0xff, /* row 11 0x7b */
};

static const unsigned char g_font_px7c[FONT_STRIP_W * FONT_STRIP_H * 3] = {
    0xff, 0xff, 0xff, 0xff, 0xff, 0xff, 0xff, 0xff, 0xff, 0xff, 0xff, 0xff, 0xff, 0xff, 0xff, 0xff, 0xff, 0xff, 0xff, 0xff, 0xff, 0xff, 0xff, 0xff, 0xff, 0xff, 0xff, /* row  0 0x7c */
    0xff, 0xff, 0xff, 0xff, 0xff, 0xff, 0xff, 0xff, 0xff, 0xfc, 0xd7, 0x87, 0x3b, 0x47, 0x95, 0xe4, 0xfd, 0xff, 0xff, 0xff, 0xff, 0xff, 0xff, 0xff, 0xff, 0xff, 0xff, /* row  1 0x7c */
    0xff, 0xff, 0xff, 0xff, 0xff, 0xff, 0xff, 0xff, 0xff, 0xfc, 0xd7, 0x87, 0x3b, 0x47, 0x95, 0xe4, 0xfd, 0xff, 0xff, 0xff, 0xff, 0xff, 0xff, 0xff, 0xff, 0xff, 0xff, /* row  2 0x7c */
    0xff, 0xff, 0xff, 0xff, 0xff, 0xff, 0xff, 0xff, 0xff, 0xfc, 0xd7, 0x87, 0x3b, 0x47, 0x95, 0xe4, 0xfd, 0xff, 0xff, 0xff, 0xff, 0xff, 0xff, 0xff, 0xff, 0xff, 0xff, /* row  3 0x7c */
    0xff, 0xff, 0xff, 0xff, 0xff, 0xff, 0xff, 0xff, 0xff, 0xfc, 0xd7, 0x87, 0x3b, 0x47, 0x95, 0xe4, 0xfd, 0xff, 0xff, 0xff, 0xff, 0xff, 0xff, 0xff, 0xff, 0xff, 0xff, /* row  4 0x7c */
    0xff, 0xff, 0xff, 0xff, 0xff, 0xff, 0xff, 0xff, 0xff, 0xfc, 0xd7, 0x87, 0x3b, 0x47, 0x95, 0xe4, 0xfd, 0xff, 0xff, 0xff, 0xff, 0xff, 0xff, 0xff, 0xff, 0xff, 0xff, /* row  5 0x7c */
    0xff, 0xff, 0xff, 0xff, 0xff, 0xff, 0xff, 0xff, 0xff, 0xfc, 0xd7, 0x87, 0x3b, 0x47, 0x95, 0xe4, 0xfd, 0xff, 0xff, 0xff, 0xff, 0xff, 0xff, 0xff, 0xff, 0xff, 0xff, /* row  6 0x7c */
    0xff, 0xff, 0xff, 0xff, 0xff, 0xff, 0xff, 0xff, 0xff, 0xfc, 0xd7, 0x87, 0x3b, 0x47, 0x95, 0xe4, 0xfd, 0xff, 0xff, 0xff, 0xff, 0xff, 0xff, 0xff, 0xff, 0xff, 0xff, /* row  7 0x7c */
    0xff, 0xff, 0xff, 0xff, 0xff, 0xff, 0xff, 0xff, 0xff, 0xfc, 0xd7, 0x87, 0x3b, 0x47, 0x95, 0xe4, 0xfd, 0xff, 0xff, 0xff, 0xff, 0xff, 0xff, 0xff, 0xff, 0xff, 0xff, /* row  8 0x7c */
    0xff, 0xff, 0xff, 0xff, 0xff, 0xff, 0xff, 0xff, 0xff, 0xfc, 0xd7, 0x87, 0x3b, 0x47, 0x95, 0xe4, 0xfd, 0xff, 0xff, 0xff, 0xff, 0xff, 0xff, 0xff, 0xff, 0xff, 0xff, /* row  9 0x7c */
    0xff, 0xff, 0xff, 0xff, 0xff, 0xff, 0xff, 0xff, 0xff, 0xfc, 0xd7, 0x87, 0x3b, 0x47, 0x95, 0xe4, 0xfd, 0xff, 0xff, 0xff, 0xff, 0xff, 0xff, 0xff, 0xff, 0xff, 0xff, /* row 10 0x7c */
    0xff, 0xff, 0xff, 0xff, 0xff, 0xff, 0xff, 0xff, 0xff, 0xff, 0xff, 0xff, 0xff, 0xff, 0xff, 0xff, 0xff, 0xff, 0xff, 0xff, 0xff, 0xff, 0xff, 0xff, 0xff, 0xff, 0xff, /* row 11 0x7c */
};

static const unsigned char g_font_px7d[FONT_STRIP_W * FONT_STRIP_H * 3] = {
    0xff, 0xff, 0xff, 0xff, 0xff, 0xff, 0xff, 0xff, 0xff, 0xff, 0xff, 0xff, 0xff, 0xff, 0xff, 0xff, 0xff, 0xff, 0xff, 0xff, 0xff, 0xff, 0xff, 0xff, 0xff, 0xff, 0xff, /* row  0 0x7d */
    0xff, 0xff, 0xff, 0xfe, 0xe7, 0xab, 0x6c, 0x43, 0x3d, 0x37, 0x2d, 0x30, 0x50, 0x94, 0xd1, 0xf8, 0xff, 0xff, 0xff, 0xff, 0xff, 0xff, 0xff, 0xff, 0xff, 0xff, 0xff, /* row  1 0x7d */
    0xff, 0xff, 0xff, 0xff, 0xff, 0xff, 0xff, 0xff, 0xff, 0xfd, 0xe2, 0x93, 0x42, 0x2a, 0x75, 0xc7, 0xfa, 0xff, 0xff, 0xff, 0xff, 0xff, 0xff, 0xff, 0xff, 0xff, 0xff, /* row  2 0x7d */
    0xff, 0xff, 0xff, 0xff, 0xff, 0xff, 0xff, 0xff, 0xff, 0xff, 0xf0, 0xa3, 0x50, 0x25, 0x6d, 0xc0, 0xfa, 0xff, 0xff, 0xff, 0xff, 0xff, 0xff, 0xff, 0xff, 0xff, 0xff, /* row  3 0x7d */
    0xff, 0xff, 0xff, 0xff, 0xff, 0xff, 0xff, 0xff, 0xff, 0xff, 0xf1, 0xa3, 0x51, 0x25, 0x6c, 0xc0, 0xfa, 0xff, 0xff, 0xff, 0xff, 0xff, 0xff, 0xff, 0xff, 0xff, 0xff, /* row  4 0x7d */
    0xff, 0xff, 0xff, 0xff, 0xff, 0xff, 0xff, 0xff, 0xff, 0xff, 0xfb, 0xcf, 0x82, 0x37, 0x35, 0x6b, 0xb1, 0xdd, 0xf3, 0xfc, 0xff, 0xff, 0xff, 0xff, 0xff, 0xff, 0xff, /* row  5 0x7d */
    0xff, 0xff, 0xff, 0xff, 0xff, 0xff, 0xff, 0xff, 0xff, 0xff, 0xff, 0xf9, 0xdd, 0xa3, 0x5a, 0x26, 0x1a, 0x2c, 0x6f, 0xb6, 0xf2, 0xff, 0xff, 0xff, 0xff, 0xff, 0xff, /* row  6 0x7d */
    0xff, 0xff, 0xff, 0xff, 0xff, 0xff, 0xff, 0xff, 0xff, 0xff, 0xf5, 0xad, 0x5a, 0x1e, 0x51, 0xa3, 0xe9, 0xfe, 0xff, 0xff, 0xff, 0xff, 0xff, 0xff, 0xff, 0xff, 0xff, /* row  7 0x7d */
    0xff, 0xff, 0xff, 0xff, 0xff, 0xff, 0xff, 0xff, 0xff, 0xff, 0xf0, 0xa3, 0x50, 0x25, 0x6d, 0xc0, 0xfa, 0xff, 0xff, 0xff, 0xff, 0xff, 0xff, 0xff, 0xff, 0xff, 0xff, /* row  8 0x7d */
    0xff, 0xff, 0xff, 0xff, 0xff, 0xff, 0xff, 0xff, 0xff, 0xfe, 0xe7, 0x98, 0x47, 0x27, 0x70, 0xc3, 0xfa, 0xff, 0xff, 0xff, 0xff, 0xff, 0xff, 0xff, 0xff, 0xff, 0xff, /* row  9 0x7d */
    0xff, 0xff, 0xff, 0xfe, 0xe7, 0xab, 0x6c, 0x43, 0x3e, 0x39, 0x2f, 0x2f, 0x48, 0x88, 0xc8, 0xf4, 0xff, 0xff, 0xff, 0xff, 0xff, 0xff, 0xff, 0xff, 0xff, 0xff, 0xff, /* row 10 0x7d */
    0xff, 0xff, 0xff, 0xff, 0xff, 0xff, 0xff, 0xff, 0xff, 0xff, 0xff, 0xff, 0xff, 0xff, 0xff, 0xff, 0xff, 0xff, 0xff, 0xff, 0xff, 0xff, 0xff, 0xff, 0xff, 0xff, 0xff, /* row 11 0x7d */
};

static const unsigned char g_font_px7e[FONT_STRIP_W * FONT_STRIP_H * 3] = {
    0xff, 0xff, 0xff, 0xff, 0xff, 0xff, 0xff, 0xff, 0xff, 0xff, 0xff, 0xff, 0xff, 0xff, 0xff, 0xff, 0xff, 0xff, 0xff, 0xff, 0xff, 0xff, 0xff, 0xff, 0xff, 0xff, 0xff, /* row  0 0x7e */
    0xff, 0xff, 0xff, 0xff, 0xff, 0xff, 0xff, 0xff, 0xff, 0xff, 0xff, 0xff, 0xff, 0xff, 0xff, 0xff, 0xff, 0xff, 0xff, 0xff, 0xff, 0xff, 0xff, 0xff, 0xff, 0xff, 0xff, /* row  1 0x7e */
    0xff, 0xff, 0xff, 0xff, 0xff, 0xff, 0xff, 0xff, 0xff, 0xff, 0xff, 0xff, 0xff, 0xff, 0xff, 0xff, 0xff, 0xff, 0xff, 0xff, 0xff, 0xff, 0xff, 0xff, 0xff, 0xff, 0xff, /* row  2 0x7e */
    0xff, 0xff, 0xff, 0xff, 0xff, 0xff, 0xff, 0xff, 0xff, 0xff, 0xff, 0xff, 0xff, 0xff, 0xff, 0xff, 0xff, 0xff, 0xff, 0xff, 0xff, 0xff, 0xff, 0xff, 0xff, 0xff, 0xff, /* row  3 0x7e */
    0xff, 0xff, 0xff, 0xf4, 0xca, 0x8c, 0x57, 0x42, 0x3f, 0x3c, 0x3d, 0x51, 0x78, 0xab, 0xd8, 0xf4, 0xff, 0xfe, 0xef, 0xc6, 0xbf, 0xce, 0xf8, 0xff, 0xff, 0xff, 0xff, /* row  4 0x7e */
    0xff, 0xff, 0xfe, 0xec, 0xc8, 0xbf, 0xd1, 0xf4, 0xff, 0xff, 0xf6, 0xdd, 0xb1, 0x7c, 0x54, 0x41, 0x3f, 0x3d, 0x3f, 0x56, 0x94, 0xd3, 0xfa, 0xff, 0xff, 0xff, 0xff, /* row  5 0x7e */
    0xff, 0xff, 0xff, 0xff, 0xff, 0xff, 0xff, 0xff, 0xff, 0xff, 0xff, 0xff, 0xff, 0xff, 0xff, 0xff, 0xff, 0xff, 0xff, 0xff, 0xff, 0xff, 0xff, 0xff, 0xff, 0xff, 0xff, /* row  6 0x7e */
    0xff, 0xff, 0xff, 0xff, 0xff, 0xff, 0xff, 0xff, 0xff, 0xff, 0xff, 0xff, 0xff, 0xff, 0xff, 0xff, 0xff, 0xff, 0xff, 0xff, 0xff, 0xff, 0xff, 0xff, 0xff, 0xff, 0xff, /* row  7 0x7e */
    0xff, 0xff, 0xff, 0xff, 0xff, 0xff, 0xff, 0xff, 0xff, 0xff, 0xff, 0xff, 0xff, 0xff, 0xff, 0xff, 0xff, 0xff, 0xff, 0xff, 0xff, 0xff, 0xff, 0xff, 0xff, 0xff, 0xff, /* row  8 0x7e */
    0xff, 0xff, 0xff, 0xff, 0xff, 0xff, 0xff, 0xff, 0xff, 0xff, 0xff, 0xff, 0xff, 0xff, 0xff, 0xff, 0xff, 0xff, 0xff, 0xff, 0xff, 0xff, 0xff, 0xff, 0xff, 0xff, 0xff, /* row  9 0x7e */
    0xff, 0xff, 0xff, 0xff, 0xff, 0xff, 0xff, 0xff, 0xff, 0xff, 0xff, 0xff, 0xff, 0xff, 0xff, 0xff, 0xff, 0xff, 0xff, 0xff, 0xff, 0xff, 0xff, 0xff, 0xff, 0xff, 0xff, /* row 10 0x7e */
    0xff, 0xff, 0xff, 0xff, 0xff, 0xff, 0xff, 0xff, 0xff, 0xff, 0xff, 0xff, 0xff, 0xff, 0xff, 0xff, 0xff, 0xff, 0xff, 0xff, 0xff, 0xff, 0xff, 0xff, 0xff, 0xff, 0xff, /* row 11 0x7e */
};

static const unsigned char *const g_font_px_tab[FONT_NCHARS] = {
    g_font_px20, g_font_px21, g_font_px22, g_font_px23,
    g_font_px24, g_font_px25, g_font_px26, g_font_px27,
    g_font_px28, g_font_px29, g_font_px2a, g_font_px2b,
    g_font_px2c, g_font_px2d, g_font_px2e, g_font_px2f,
    g_font_px30, g_font_px31, g_font_px32, g_font_px33,
    g_font_px34, g_font_px35, g_font_px36, g_font_px37,
    g_font_px38, g_font_px39, g_font_px3a, g_font_px3b,
    g_font_px3c, g_font_px3d, g_font_px3e, g_font_px3f,
    g_font_px40, g_font_px41, g_font_px42, g_font_px43,
    g_font_px44, g_font_px45, g_font_px46, g_font_px47,
    g_font_px48, g_font_px49, g_font_px4a, g_font_px4b,
    g_font_px4c, g_font_px4d, g_font_px4e, g_font_px4f,
    g_font_px50, g_font_px51, g_font_px52, g_font_px53,
    g_font_px54, g_font_px55, g_font_px56, g_font_px57,
    g_font_px58, g_font_px59, g_font_px5a, g_font_px5b,
    g_font_px5c, g_font_px5d, g_font_px5e, g_font_px5f,
    g_font_px60, g_font_px61, g_font_px62, g_font_px63,
    g_font_px64, g_font_px65, g_font_px66, g_font_px67,
    g_font_px68, g_font_px69, g_font_px6a, g_font_px6b,
    g_font_px6c, g_font_px6d, g_font_px6e, g_font_px6f,
    g_font_px70, g_font_px71, g_font_px72, g_font_px73,
    g_font_px74, g_font_px75, g_font_px76, g_font_px77,
    g_font_px78, g_font_px79, g_font_px7a, g_font_px7b,
    g_font_px7c, g_font_px7d, g_font_px7e,
};

static const ShimFont g_font = {
    { 12, 9, 3, 1, 0, 7, 13, 400, 0, 96, 30, 255, 31, 32, 0, 0, 0 },
    -1, 9, 12,
    { 7, 7, 7, 7, 7, 7, 7, 7, 7, 7, 7, 7, 7, 7, 7, 7, 7, 7, 7, 7, 7, 7, 7, 7, 7, 7, 7, 7, 7, 7, 7, 7, 7, 7, 7, 7, 7, 7, 7, 7, 7, 7, 7, 7, 7, 7, 7, 7, 7, 7, 7, 7, 7, 7, 7, 7, 7, 7, 7, 7, 7, 7, 7, 7, 7, 7, 7, 7, 7, 7, 7, 7, 7, 7, 7, 7, 7, 7, 7, 7, 7, 7, 7, 7, 7, 7, 7, 7, 7, 7, 7, 7, 7, 7, 7 },
    g_font_px_tab
};

#endif /* SHIM_FONT_INC */
